city_id,city_name,state,date,temperature_2m_mean,temperature_2m_max,temperature_2m_min,precipitation_sum,rain_sum,precipitation_hours,wind_speed_10m_max,wind_speed_10m_mean,relative_humidity_2m_mean
brasilia,Brasilia,DF,2021-01-01,23.1,28.8,19.6,0.3,0.3,3.0,17.4,8.0,73
brasilia,Brasilia,DF,2021-01-02,22.5,27.1,19.9,4.2,4.2,7.0,10.6,6.2,77
brasilia,Brasilia,DF,2021-01-03,22.4,28.0,18.5,9.4,9.4,6.0,16.5,7.1,76
brasilia,Brasilia,DF,2021-01-04,20.5,23.7,18.5,4.8,4.8,10.0,10.6,6.3,85
brasilia,Brasilia,DF,2021-01-05,22.9,27.0,17.8,0.0,0.0,0.0,8.0,5.0,73
brasilia,Brasilia,DF,2021-01-06,24.7,28.6,20.4,0.3,0.3,3.0,9.9,5.6,63
brasilia,Brasilia,DF,2021-01-07,23.4,27.9,20.0,0.8,0.8,3.0,11.2,6.4,75
brasilia,Brasilia,DF,2021-01-08,23.0,28.6,19.2,1.1,1.1,3.0,13.8,6.6,81
brasilia,Brasilia,DF,2021-01-09,23.7,28.0,20.0,5.7,5.7,9.0,7.3,4.9,74
brasilia,Brasilia,DF,2021-01-10,22.4,27.1,19.5,11.5,11.5,14.0,9.3,5.9,82
brasilia,Brasilia,DF,2021-01-11,22.3,26.8,18.6,8.0,8.0,7.0,14.5,7.4,83
brasilia,Brasilia,DF,2021-01-12,22.4,26.3,19.1,10.1,10.1,5.0,7.0,4.8,81
brasilia,Brasilia,DF,2021-01-13,23.2,27.5,19.4,4.4,4.4,7.0,14.0,5.4,78
brasilia,Brasilia,DF,2021-01-14,22.0,25.1,19.1,4.3,4.3,12.0,11.3,6.8,81
brasilia,Brasilia,DF,2021-01-15,22.1,25.5,18.9,4.7,4.7,13.0,14.9,7.6,81
brasilia,Brasilia,DF,2021-01-16,20.3,22.1,18.0,24.9,24.9,22.0,12.7,5.8,89
brasilia,Brasilia,DF,2021-01-17,21.7,24.9,18.6,0.7,0.7,3.0,9.3,5.0,75
brasilia,Brasilia,DF,2021-01-18,22.5,26.5,18.8,4.6,4.6,13.0,11.4,6.5,78
brasilia,Brasilia,DF,2021-01-19,22.6,27.1,17.8,0.5,0.5,4.0,12.0,6.4,70
brasilia,Brasilia,DF,2021-01-20,22.1,26.5,17.2,0.0,0.0,0.0,12.9,7.6,69
brasilia,Brasilia,DF,2021-01-21,22.9,27.4,18.6,0.0,0.0,0.0,14.2,9.8,63
brasilia,Brasilia,DF,2021-01-22,22.6,26.7,18.3,0.4,0.4,2.0,14.3,8.9,66
brasilia,Brasilia,DF,2021-01-23,22.7,27.4,17.8,0.0,0.0,0.0,13.7,9.5,64
brasilia,Brasilia,DF,2021-01-24,23.2,27.9,19.0,0.0,0.0,0.0,14.6,7.9,62
brasilia,Brasilia,DF,2021-01-25,23.2,26.8,18.4,0.3,0.3,2.0,12.1,7.0,62
brasilia,Brasilia,DF,2021-01-26,22.5,28.1,18.6,5.1,5.1,6.0,12.1,7.0,76
brasilia,Brasilia,DF,2021-01-27,22.8,26.7,18.0,0.5,0.5,3.0,13.1,6.9,71
brasilia,Brasilia,DF,2021-01-28,23.7,28.3,20.2,0.0,0.0,0.0,13.6,5.5,55
brasilia,Brasilia,DF,2021-01-29,23.7,27.9,18.6,0.0,0.0,0.0,10.7,7.0,54
brasilia,Brasilia,DF,2021-01-30,23.8,27.8,19.0,0.5,0.5,4.0,12.9,7.3,59
brasilia,Brasilia,DF,2021-01-31,24.5,28.4,20.2,0.6,0.6,6.0,8.7,4.5,60
brasilia,Brasilia,DF,2021-02-01,24.1,29.1,19.5,0.1,0.1,1.0,11.8,7.6,65
brasilia,Brasilia,DF,2021-02-02,24.0,28.7,19.4,0.7,0.7,4.0,15.2,8.7,67
brasilia,Brasilia,DF,2021-02-03,23.4,28.0,19.9,3.6,3.6,8.0,11.6,6.5,72
brasilia,Brasilia,DF,2021-02-04,22.8,28.1,19.0,12.8,12.8,12.0,10.6,3.8,76
brasilia,Brasilia,DF,2021-02-05,22.9,27.1,19.2,8.3,8.3,12.0,14.1,9.2,81
brasilia,Brasilia,DF,2021-02-06,20.7,22.1,19.2,13.2,13.2,19.0,18.5,11.9,89
brasilia,Brasilia,DF,2021-02-07,20.5,23.5,19.0,24.3,24.3,21.0,19.2,12.3,89
brasilia,Brasilia,DF,2021-02-08,20.5,24.5,18.1,19.6,19.6,22.0,14.8,8.3,87
brasilia,Brasilia,DF,2021-02-09,20.8,25.2,17.3,0.9,0.9,8.0,9.9,5.7,82
brasilia,Brasilia,DF,2021-02-10,22.3,26.0,18.4,1.5,1.5,11.0,7.5,4.3,73
brasilia,Brasilia,DF,2021-02-11,21.7,26.2,18.1,3.1,3.1,10.0,12.1,7.6,83
brasilia,Brasilia,DF,2021-02-12,21.0,24.3,18.9,9.7,9.7,16.0,10.1,5.5,88
brasilia,Brasilia,DF,2021-02-13,21.1,25.6,18.2,8.7,8.7,12.0,11.6,4.4,83
brasilia,Brasilia,DF,2021-02-14,21.5,25.9,19.5,12.6,12.6,16.0,10.1,4.3,84
brasilia,Brasilia,DF,2021-02-15,22.0,27.1,19.2,35.6,35.6,13.0,12.6,7.9,81
brasilia,Brasilia,DF,2021-02-16,21.1,25.0,19.0,10.2,10.2,16.0,14.8,7.6,87
brasilia,Brasilia,DF,2021-02-17,21.5,25.8,18.1,8.3,8.3,11.0,11.5,6.7,86
brasilia,Brasilia,DF,2021-02-18,21.8,25.9,19.2,15.5,15.5,19.0,14.0,8.5,86
brasilia,Brasilia,DF,2021-02-19,22.0,26.3,19.5,1.7,1.7,9.0,11.3,7.3,84
brasilia,Brasilia,DF,2021-02-20,21.5,25.3,18.8,7.9,7.9,15.0,14.6,7.4,85
brasilia,Brasilia,DF,2021-02-21,20.6,22.7,18.6,8.4,8.4,22.0,23.0,11.4,88
brasilia,Brasilia,DF,2021-02-22,21.5,26.0,18.4,4.7,4.7,15.0,12.2,7.3,84
brasilia,Brasilia,DF,2021-02-23,21.5,25.3,17.9,4.8,4.8,5.0,10.0,5.4,82
brasilia,Brasilia,DF,2021-02-24,21.8,26.0,18.5,13.3,13.3,8.0,11.0,5.6,82
brasilia,Brasilia,DF,2021-02-25,22.1,25.8,19.2,9.9,9.9,11.0,11.0,5.3,81
brasilia,Brasilia,DF,2021-02-26,20.6,22.7,18.3,27.9,27.9,19.0,11.1,5.6,88
brasilia,Brasilia,DF,2021-02-27,20.0,21.8,18.8,18.4,18.4,18.0,11.0,6.5,86
brasilia,Brasilia,DF,2021-02-28,19.9,22.3,18.2,12.1,12.1,19.0,14.7,8.3,87
brasilia,Brasilia,DF,2021-03-01,20.5,24.9,17.4,0.5,0.5,4.0,18.6,10.7,83
brasilia,Brasilia,DF,2021-03-02,21.2,25.0,18.1,1.0,1.0,6.0,18.5,8.7,82
brasilia,Brasilia,DF,2021-03-03,21.6,26.6,17.1,0.4,0.4,4.0,15.4,9.0,73
brasilia,Brasilia,DF,2021-03-04,22.6,26.6,18.0,0.0,0.0,0.0,10.0,6.6,67
brasilia,Brasilia,DF,2021-03-05,22.7,27.4,17.7,0.0,0.0,0.0,11.5,7.3,73
brasilia,Brasilia,DF,2021-03-06,22.3,27.5,18.3,1.9,1.9,5.0,15.6,7.6,76
brasilia,Brasilia,DF,2021-03-07,22.6,27.2,18.8,1.0,1.0,7.0,9.2,4.9,74
brasilia,Brasilia,DF,2021-03-08,21.5,26.0,18.2,11.2,11.2,12.0,14.3,5.6,82
brasilia,Brasilia,DF,2021-03-09,21.4,25.7,18.6,4.9,4.9,11.0,10.0,5.1,78
brasilia,Brasilia,DF,2021-03-10,21.2,25.2,18.9,2.8,2.8,11.0,12.1,6.3,83
brasilia,Brasilia,DF,2021-03-11,22.0,26.0,18.2,0.0,0.0,0.0,13.5,6.5,77
brasilia,Brasilia,DF,2021-03-12,21.7,26.5,18.6,6.0,6.0,8.0,13.1,4.4,83
brasilia,Brasilia,DF,2021-03-13,22.0,26.5,19.4,2.5,2.5,7.0,9.1,4.7,81
brasilia,Brasilia,DF,2021-03-14,21.2,25.6,17.6,8.0,8.0,10.0,11.1,5.4,84
brasilia,Brasilia,DF,2021-03-15,21.5,24.7,19.0,3.8,3.8,14.0,7.4,4.6,81
brasilia,Brasilia,DF,2021-03-16,21.1,23.1,19.6,7.3,7.3,14.0,7.4,3.8,83
brasilia,Brasilia,DF,2021-03-17,21.2,24.0,18.7,3.1,3.1,5.0,8.7,5.7,78
brasilia,Brasilia,DF,2021-03-18,22.1,25.1,19.2,1.3,1.3,6.0,14.4,6.2,75
brasilia,Brasilia,DF,2021-03-19,21.6,25.5,18.2,5.5,5.5,9.0,11.6,6.1,79
brasilia,Brasilia,DF,2021-03-20,21.5,25.9,17.8,2.0,2.0,8.0,14.3,7.8,79
brasilia,Brasilia,DF,2021-03-21,20.6,24.5,17.4,1.2,1.2,6.0,20.1,10.8,80
brasilia,Brasilia,DF,2021-03-22,20.9,25.8,16.9,0.1,0.1,1.0,21.3,11.2,75
brasilia,Brasilia,DF,2021-03-23,22.0,27.8,17.2,0.0,0.0,0.0,14.1,8.0,66
brasilia,Brasilia,DF,2021-03-24,21.9,27.9,16.8,0.0,0.0,0.0,14.8,9.8,66
brasilia,Brasilia,DF,2021-03-25,22.4,27.4,17.5,0.0,0.0,0.0,17.0,9.0,60
brasilia,Brasilia,DF,2021-03-26,22.7,27.6,17.9,0.0,0.0,0.0,12.1,6.1,54
brasilia,Brasilia,DF,2021-03-27,22.9,27.6,18.7,0.0,0.0,0.0,10.2,5.5,55
brasilia,Brasilia,DF,2021-03-28,24.1,29.3,20.8,0.0,0.0,0.0,9.7,5.5,49
brasilia,Brasilia,DF,2021-03-29,24.2,29.4,20.1,0.0,0.0,0.0,7.2,3.9,52
brasilia,Brasilia,DF,2021-03-30,23.2,28.2,17.2,0.0,0.0,0.0,9.1,6.2,58
brasilia,Brasilia,DF,2021-03-31,23.5,28.0,19.0,0.1,0.1,1.0,10.1,6.8,64
brasilia,Brasilia,DF,2021-04-01,23.4,28.4,18.2,0.3,0.3,2.0,9.0,5.5,65
brasilia,Brasilia,DF,2021-04-02,22.8,27.0,19.0,13.1,13.1,4.0,10.2,4.3,73
brasilia,Brasilia,DF,2021-04-03,21.8,25.9,18.8,4.3,4.3,12.0,11.5,6.2,83
brasilia,Brasilia,DF,2021-04-04,22.1,26.6,19.1,0.5,0.5,3.0,12.2,7.3,79
brasilia,Brasilia,DF,2021-04-05,21.4,26.9,18.0,5.5,5.5,7.0,19.5,10.6,84
brasilia,Brasilia,DF,2021-04-06,20.5,24.0,18.2,4.4,4.4,11.0,11.9,7.0,85
brasilia,Brasilia,DF,2021-04-07,20.1,23.8,17.6,11.6,11.6,14.0,14.2,7.4,89
brasilia,Brasilia,DF,2021-04-08,19.8,22.6,17.6,1.5,1.5,5.0,21.7,14.5,80
brasilia,Brasilia,DF,2021-04-09,19.7,24.3,16.7,0.0,0.0,0.0,20.9,13.5,75
brasilia,Brasilia,DF,2021-04-10,19.8,25.2,15.5,0.0,0.0,0.0,15.8,9.6,71
brasilia,Brasilia,DF,2021-04-11,20.6,26.0,15.7,0.0,0.0,0.0,9.6,6.1,68
brasilia,Brasilia,DF,2021-04-12,22.4,26.8,17.7,0.0,0.0,0.0,8.0,4.4,65
brasilia,Brasilia,DF,2021-04-13,22.6,27.2,18.8,0.0,0.0,0.0,10.2,6.6,64
brasilia,Brasilia,DF,2021-04-14,21.8,26.6,16.9,0.0,0.0,0.0,11.0,6.8,62
brasilia,Brasilia,DF,2021-04-15,21.5,26.0,17.2,0.0,0.0,0.0,11.2,7.7,66
brasilia,Brasilia,DF,2021-04-16,20.9,25.7,17.4,0.0,0.0,0.0,11.2,7.8,68
brasilia,Brasilia,DF,2021-04-17,21.1,25.2,16.5,0.3,0.3,2.0,8.2,5.3,66
brasilia,Brasilia,DF,2021-04-18,21.6,26.0,18.5,1.6,1.6,7.0,9.2,5.9,73
brasilia,Brasilia,DF,2021-04-19,20.6,24.4,18.1,5.2,5.2,9.0,11.2,5.6,81
brasilia,Brasilia,DF,2021-04-20,20.5,24.5,16.4,0.7,0.7,4.0,8.8,5.7,74
brasilia,Brasilia,DF,2021-04-21,20.5,25.5,15.9,0.0,0.0,0.0,9.7,6.3,63
brasilia,Brasilia,DF,2021-04-22,20.3,26.1,14.9,0.0,0.0,0.0,8.5,6.1,59
brasilia,Brasilia,DF,2021-04-23,20.7,27.1,14.8,0.0,0.0,0.0,7.9,4.6,61
brasilia,Brasilia,DF,2021-04-24,21.8,28.1,15.6,0.0,0.0,0.0,8.2,5.0,60
brasilia,Brasilia,DF,2021-04-25,22.4,27.6,17.5,0.0,0.0,0.0,9.5,6.1,64
brasilia,Brasilia,DF,2021-04-26,22.3,27.0,17.8,0.9,0.9,6.0,8.6,5.6,68
brasilia,Brasilia,DF,2021-04-27,21.8,25.4,18.2,0.5,0.5,4.0,9.4,4.0,70
brasilia,Brasilia,DF,2021-04-28,21.5,26.6,17.4,1.6,1.6,6.0,13.4,7.5,74
brasilia,Brasilia,DF,2021-04-29,20.8,24.1,18.7,0.4,0.4,3.0,15.0,7.9,80
brasilia,Brasilia,DF,2021-04-30,20.1,24.0,17.8,9.9,9.9,7.0,15.1,10.3,83
brasilia,Brasilia,DF,2021-05-01,19.7,24.1,16.7,0.0,0.0,0.0,16.7,12.5,75
brasilia,Brasilia,DF,2021-05-02,19.2,24.1,15.6,0.0,0.0,0.0,13.8,10.0,72
brasilia,Brasilia,DF,2021-05-03,18.7,24.8,13.9,0.0,0.0,0.0,12.5,8.4,67
brasilia,Brasilia,DF,2021-05-04,19.4,24.8,14.3,0.0,0.0,0.0,13.7,7.7,65
brasilia,Brasilia,DF,2021-05-05,19.6,24.5,14.5,0.0,0.0,0.0,14.2,7.0,69
brasilia,Brasilia,DF,2021-05-06,21.1,24.8,16.9,0.3,0.3,2.0,9.4,4.5,64
brasilia,Brasilia,DF,2021-05-07,21.6,26.4,17.0,0.4,0.4,3.0,10.0,4.6,64
brasilia,Brasilia,DF,2021-05-08,21.1,25.6,16.8,0.0,0.0,0.0,14.7,9.0,66
brasilia,Brasilia,DF,2021-05-09,20.5,25.1,16.5,0.0,0.0,0.0,19.6,11.9,65
brasilia,Brasilia,DF,2021-05-10,19.0,24.5,14.6,0.0,0.0,0.0,17.7,10.3,66
brasilia,Brasilia,DF,2021-05-11,18.6,23.9,13.8,0.0,0.0,0.0,12.5,7.9,65
brasilia,Brasilia,DF,2021-05-12,19.7,25.9,13.9,0.0,0.0,0.0,8.6,5.6,61
brasilia,Brasilia,DF,2021-05-13,20.9,25.2,16.7,0.0,0.0,0.0,12.1,5.9,56
brasilia,Brasilia,DF,2021-05-14,20.3,25.7,16.0,0.0,0.0,0.0,12.5,6.8,58
brasilia,Brasilia,DF,2021-05-15,20.0,24.9,15.1,0.0,0.0,0.0,11.5,7.3,61
brasilia,Brasilia,DF,2021-05-16,20.5,24.9,16.1,0.0,0.0,0.0,9.4,6.1,62
brasilia,Brasilia,DF,2021-05-17,20.3,24.3,15.4,0.0,0.0,0.0,10.4,6.5,63
brasilia,Brasilia,DF,2021-05-18,20.3,24.7,16.2,0.0,0.0,0.0,10.4,6.2,60
brasilia,Brasilia,DF,2021-05-19,20.2,25.3,15.0,0.0,0.0,0.0,9.0,5.6,59
brasilia,Brasilia,DF,2021-05-20,21.3,27.0,17.0,0.0,0.0,0.0,9.5,5.3,53
brasilia,Brasilia,DF,2021-05-21,21.2,27.8,15.6,0.0,0.0,0.0,9.6,5.8,58
brasilia,Brasilia,DF,2021-05-22,21.5,28.1,15.2,0.0,0.0,0.0,9.4,6.1,60
brasilia,Brasilia,DF,2021-05-23,22.2,28.4,17.1,0.0,0.0,0.0,12.1,6.7,63
brasilia,Brasilia,DF,2021-05-24,21.3,26.1,17.5,0.1,0.1,1.0,9.5,6.3,74
brasilia,Brasilia,DF,2021-05-25,21.7,27.5,16.1,0.0,0.0,0.0,9.7,7.1,70
brasilia,Brasilia,DF,2021-05-26,22.3,27.4,17.5,0.0,0.0,0.0,9.4,6.5,67
brasilia,Brasilia,DF,2021-05-27,22.8,27.4,19.0,0.0,0.0,0.0,10.2,6.3,62
brasilia,Brasilia,DF,2021-05-28,22.8,27.5,18.6,0.0,0.0,0.0,14.6,8.6,60
brasilia,Brasilia,DF,2021-05-29,22.3,26.9,17.6,0.0,0.0,0.0,9.7,5.8,61
brasilia,Brasilia,DF,2021-05-30,22.3,27.1,18.0,0.0,0.0,0.0,13.3,6.7,59
brasilia,Brasilia,DF,2021-05-31,21.8,26.5,17.4,0.0,0.0,0.0,11.4,5.8,61
brasilia,Brasilia,DF,2021-06-01,21.5,26.8,17.0,0.0,0.0,0.0,12.9,6.6,57
brasilia,Brasilia,DF,2021-06-02,21.2,27.1,16.0,0.0,0.0,0.0,10.4,7.2,60
brasilia,Brasilia,DF,2021-06-03,21.0,26.9,16.1,0.0,0.0,0.0,14.1,9.4,60
brasilia,Brasilia,DF,2021-06-04,19.9,26.0,15.3,0.0,0.0,0.0,22.1,12.2,58
brasilia,Brasilia,DF,2021-06-05,20.0,26.2,14.8,0.0,0.0,0.0,17.0,11.0,63
brasilia,Brasilia,DF,2021-06-06,20.4,25.1,16.6,0.0,0.0,0.0,13.0,10.0,67
brasilia,Brasilia,DF,2021-06-07,20.9,25.8,16.1,0.0,0.0,0.0,11.4,7.5,61
brasilia,Brasilia,DF,2021-06-08,21.4,27.0,17.0,0.0,0.0,0.0,12.9,7.1,57
brasilia,Brasilia,DF,2021-06-09,21.5,27.0,16.3,0.0,0.0,0.0,10.5,7.8,56
brasilia,Brasilia,DF,2021-06-10,20.9,26.2,15.6,0.0,0.0,0.0,15.5,8.8,60
brasilia,Brasilia,DF,2021-06-11,21.0,25.8,16.5,0.0,0.0,0.0,11.2,8.0,61
brasilia,Brasilia,DF,2021-06-12,20.5,24.8,17.0,0.6,0.6,4.0,10.3,4.9,71
brasilia,Brasilia,DF,2021-06-13,21.0,25.5,16.9,0.1,0.1,1.0,12.1,7.5,65
brasilia,Brasilia,DF,2021-06-14,19.7,23.9,17.0,3.7,3.7,9.0,13.2,7.4,76
brasilia,Brasilia,DF,2021-06-15,18.9,23.6,15.7,3.5,3.5,5.0,11.2,5.8,81
brasilia,Brasilia,DF,2021-06-16,19.7,25.7,14.5,0.0,0.0,0.0,10.5,6.1,66
brasilia,Brasilia,DF,2021-06-17,18.8,24.5,13.8,0.0,0.0,0.0,10.0,7.0,55
brasilia,Brasilia,DF,2021-06-18,19.6,24.9,15.9,0.0,0.0,0.0,14.0,7.8,55
brasilia,Brasilia,DF,2021-06-19,19.5,24.8,14.4,0.0,0.0,0.0,12.4,7.5,64
brasilia,Brasilia,DF,2021-06-20,20.9,26.5,16.1,0.0,0.0,0.0,7.6,5.6,60
brasilia,Brasilia,DF,2021-06-21,20.7,25.9,15.8,0.0,0.0,0.0,9.2,6.7,58
brasilia,Brasilia,DF,2021-06-22,21.3,26.6,17.4,0.0,0.0,0.0,11.4,7.0,49
brasilia,Brasilia,DF,2021-06-23,20.6,26.2,15.4,0.0,0.0,0.0,15.1,9.1,54
brasilia,Brasilia,DF,2021-06-24,20.3,26.1,15.1,0.0,0.0,0.0,15.0,7.9,60
brasilia,Brasilia,DF,2021-06-25,20.1,25.6,15.7,0.0,0.0,0.0,12.3,8.0,59
brasilia,Brasilia,DF,2021-06-26,18.6,24.2,13.4,0.0,0.0,0.0,17.4,10.3,52
brasilia,Brasilia,DF,2021-06-27,18.1,23.7,12.6,0.0,0.0,0.0,11.2,8.2,56
brasilia,Brasilia,DF,2021-06-28,18.1,23.4,13.5,0.0,0.0,0.0,10.4,6.9,58
brasilia,Brasilia,DF,2021-06-29,17.4,22.5,12.6,0.0,0.0,0.0,14.0,9.0,61
brasilia,Brasilia,DF,2021-06-30,15.7,21.9,9.4,0.0,0.0,0.0,10.7,8.8,61
brasilia,Brasilia,DF,2021-07-01,17.2,24.1,11.5,0.0,0.0,0.0,14.5,9.2,52
brasilia,Brasilia,DF,2021-07-02,18.1,24.3,12.9,0.0,0.0,0.0,14.6,10.1,64
brasilia,Brasilia,DF,2021-07-03,18.2,23.9,13.5,0.0,0.0,0.0,11.3,6.8,59
brasilia,Brasilia,DF,2021-07-04,17.0,22.6,12.3,0.0,0.0,0.0,17.6,9.7,54
brasilia,Brasilia,DF,2021-07-05,17.4,23.6,11.7,0.0,0.0,0.0,11.1,7.7,55
brasilia,Brasilia,DF,2021-07-06,18.3,24.0,12.6,0.0,0.0,0.0,10.5,6.6,55
brasilia,Brasilia,DF,2021-07-07,19.6,25.3,13.9,0.0,0.0,0.0,8.8,5.4,50
brasilia,Brasilia,DF,2021-07-08,19.6,24.9,13.9,0.0,0.0,0.0,9.4,5.7,51
brasilia,Brasilia,DF,2021-07-09,19.3,24.8,14.9,0.0,0.0,0.0,12.5,7.9,50
brasilia,Brasilia,DF,2021-07-10,18.4,24.1,13.1,0.0,0.0,0.0,12.8,8.3,50
brasilia,Brasilia,DF,2021-07-11,18.4,24.0,12.6,0.0,0.0,0.0,12.6,7.8,47
brasilia,Brasilia,DF,2021-07-12,18.6,24.8,12.8,0.0,0.0,0.0,13.3,9.0,51
brasilia,Brasilia,DF,2021-07-13,18.3,24.0,13.6,0.0,0.0,0.0,12.4,8.9,53
brasilia,Brasilia,DF,2021-07-14,18.8,24.2,13.0,0.0,0.0,0.0,15.1,8.4,51
brasilia,Brasilia,DF,2021-07-15,20.4,25.5,15.5,0.0,0.0,0.0,9.4,6.1,49
brasilia,Brasilia,DF,2021-07-16,21.1,27.0,16.2,0.0,0.0,0.0,10.6,6.7,50
brasilia,Brasilia,DF,2021-07-17,22.3,28.6,16.5,0.0,0.0,0.0,10.8,4.6,44
brasilia,Brasilia,DF,2021-07-18,22.4,28.0,17.0,0.0,0.0,0.0,16.6,8.5,41
brasilia,Brasilia,DF,2021-07-19,20.2,26.5,14.8,0.0,0.0,0.0,20.0,13.0,50
brasilia,Brasilia,DF,2021-07-20,19.5,26.4,13.4,0.0,0.0,0.0,12.1,9.5,30
brasilia,Brasilia,DF,2021-07-21,21.2,26.4,16.1,0.0,0.0,0.0,14.2,9.2,44
brasilia,Brasilia,DF,2021-07-22,20.3,25.8,15.2,0.0,0.0,0.0,19.2,11.4,53
brasilia,Brasilia,DF,2021-07-23,18.6,23.9,14.6,0.0,0.0,0.0,20.6,13.2,52
brasilia,Brasilia,DF,2021-07-24,17.4,23.9,12.0,0.0,0.0,0.0,17.1,11.5,53
brasilia,Brasilia,DF,2021-07-25,18.2,24.6,12.4,0.0,0.0,0.0,14.6,9.2,54
brasilia,Brasilia,DF,2021-07-26,18.9,24.9,13.3,0.0,0.0,0.0,11.4,8.1,54
brasilia,Brasilia,DF,2021-07-27,20.5,26.5,15.3,0.0,0.0,0.0,10.9,6.4,42
brasilia,Brasilia,DF,2021-07-28,21.8,28.6,14.9,0.0,0.0,0.0,16.2,9.1,42
brasilia,Brasilia,DF,2021-07-29,17.6,25.0,11.3,0.0,0.0,0.0,18.2,12.1,48
brasilia,Brasilia,DF,2021-07-30,18.5,26.0,11.8,0.0,0.0,0.0,10.3,8.0,35
brasilia,Brasilia,DF,2021-07-31,20.2,26.6,14.2,0.0,0.0,0.0,18.9,10.7,49
brasilia,Brasilia,DF,2021-08-01,19.5,25.5,14.4,0.0,0.0,0.0,14.8,11.1,59
brasilia,Brasilia,DF,2021-08-02,18.6,25.0,12.9,0.0,0.0,0.0,14.1,10.3,56
brasilia,Brasilia,DF,2021-08-03,20.6,26.7,15.1,0.0,0.0,0.0,10.5,7.1,48
brasilia,Brasilia,DF,2021-08-04,20.6,26.1,15.2,0.0,0.0,0.0,14.5,9.5,44
brasilia,Brasilia,DF,2021-08-05,19.1,24.5,14.8,0.0,0.0,0.0,19.3,13.6,45
brasilia,Brasilia,DF,2021-08-06,18.0,22.4,13.3,0.1,0.1,1.0,20.4,12.5,59
brasilia,Brasilia,DF,2021-08-07,18.1,23.0,14.1,0.0,0.0,0.0,15.9,11.7,58
brasilia,Brasilia,DF,2021-08-08,18.5,24.8,12.6,0.0,0.0,0.0,14.0,9.2,53
brasilia,Brasilia,DF,2021-08-09,19.5,24.9,13.6,0.0,0.0,0.0,15.0,9.0,53
brasilia,Brasilia,DF,2021-08-10,21.7,26.5,16.5,0.0,0.0,0.0,9.7,6.1,47
brasilia,Brasilia,DF,2021-08-11,22.5,27.9,17.2,0.0,0.0,0.0,15.8,6.2,42
brasilia,Brasilia,DF,2021-08-12,22.5,28.4,16.8,0.0,0.0,0.0,14.1,9.2,37
brasilia,Brasilia,DF,2021-08-13,21.2,27.4,15.8,0.0,0.0,0.0,17.1,10.8,41
brasilia,Brasilia,DF,2021-08-14,21.2,28.0,15.1,0.0,0.0,0.0,15.5,9.4,41
brasilia,Brasilia,DF,2021-08-15,22.5,28.6,16.4,0.0,0.0,0.0,14.5,9.8,38
brasilia,Brasilia,DF,2021-08-16,22.7,28.6,17.2,0.0,0.0,0.0,14.8,9.8,37
brasilia,Brasilia,DF,2021-08-17,22.3,29.0,16.7,0.0,0.0,0.0,19.2,12.4,40
brasilia,Brasilia,DF,2021-08-18,21.6,27.8,15.9,0.0,0.0,0.0,21.4,12.9,43
brasilia,Brasilia,DF,2021-08-19,20.2,26.0,15.0,0.0,0.0,0.0,20.1,13.2,45
brasilia,Brasilia,DF,2021-08-20,20.0,25.9,15.0,0.0,0.0,0.0,18.6,11.2,44
brasilia,Brasilia,DF,2021-08-21,20.7,27.3,14.9,0.0,0.0,0.0,21.0,10.3,47
brasilia,Brasilia,DF,2021-08-22,21.0,27.1,15.2,0.0,0.0,0.0,17.0,8.5,45
brasilia,Brasilia,DF,2021-08-23,22.4,28.5,15.6,0.0,0.0,0.0,14.6,8.2,39
brasilia,Brasilia,DF,2021-08-24,22.7,28.7,16.2,0.0,0.0,0.0,15.1,9.0,39
brasilia,Brasilia,DF,2021-08-25,23.2,29.0,17.0,0.0,0.0,0.0,14.5,8.3,36
brasilia,Brasilia,DF,2021-08-26,24.2,30.5,17.2,0.0,0.0,0.0,11.2,7.4,35
brasilia,Brasilia,DF,2021-08-27,24.4,30.6,18.9,0.0,0.0,0.0,17.5,11.4,37
brasilia,Brasilia,DF,2021-08-28,22.6,28.5,17.2,0.0,0.0,0.0,19.7,12.8,41
brasilia,Brasilia,DF,2021-08-29,22.0,27.8,16.4,0.0,0.0,0.0,18.4,12.9,51
brasilia,Brasilia,DF,2021-08-30,21.5,26.4,16.7,0.0,0.0,0.0,17.7,11.8,51
brasilia,Brasilia,DF,2021-08-31,21.3,26.6,16.0,0.2,0.2,2.0,20.9,11.8,50
brasilia,Brasilia,DF,2021-09-01,20.3,24.8,15.6,0.3,0.3,2.0,17.3,11.9,54
brasilia,Brasilia,DF,2021-09-02,21.3,27.2,15.1,0.0,0.0,0.0,13.7,8.4,50
brasilia,Brasilia,DF,2021-09-03,22.8,29.0,15.9,0.0,0.0,0.0,14.0,8.2,43
brasilia,Brasilia,DF,2021-09-04,24.2,29.5,18.2,0.0,0.0,0.0,14.5,7.5,34
brasilia,Brasilia,DF,2021-09-05,25.2,31.1,18.5,0.0,0.0,0.0,10.7,6.0,32
brasilia,Brasilia,DF,2021-09-06,26.0,32.5,18.5,0.0,0.0,0.0,8.3,5.1,28
brasilia,Brasilia,DF,2021-09-07,27.8,33.3,20.9,0.0,0.0,0.0,21.1,9.9,25
brasilia,Brasilia,DF,2021-09-08,26.2,31.8,20.4,0.0,0.0,0.0,16.1,9.5,33
brasilia,Brasilia,DF,2021-09-09,26.7,33.2,20.4,0.0,0.0,0.0,16.5,9.6,29
brasilia,Brasilia,DF,2021-09-10,26.1,33.0,18.5,0.0,0.0,0.0,9.5,5.7,30
brasilia,Brasilia,DF,2021-09-11,26.2,33.5,19.2,0.0,0.0,0.0,12.3,9.1,33
brasilia,Brasilia,DF,2021-09-12,26.4,32.3,20.0,0.0,0.0,0.0,19.1,10.7,29
brasilia,Brasilia,DF,2021-09-13,25.7,32.1,19.6,0.0,0.0,0.0,15.2,10.3,28
brasilia,Brasilia,DF,2021-09-14,26.0,32.7,18.5,0.0,0.0,0.0,15.6,8.5,30
brasilia,Brasilia,DF,2021-09-15,27.2,32.7,20.7,0.0,0.0,0.0,15.0,7.3,23
brasilia,Brasilia,DF,2021-09-16,26.7,33.0,20.3,0.0,0.0,0.0,17.9,11.7,26
brasilia,Brasilia,DF,2021-09-17,24.0,30.0,18.5,0.0,0.0,0.0,21.7,13.0,31
brasilia,Brasilia,DF,2021-09-18,23.8,30.9,17.1,0.0,0.0,0.0,18.8,11.1,30
brasilia,Brasilia,DF,2021-09-19,25.4,33.1,17.9,0.0,0.0,0.0,17.6,10.9,23
brasilia,Brasilia,DF,2021-09-20,27.3,33.7,19.8,0.0,0.0,0.0,15.5,9.9,26
brasilia,Brasilia,DF,2021-09-21,28.1,33.8,21.5,0.0,0.0,0.0,14.5,6.7,28
brasilia,Brasilia,DF,2021-09-22,28.9,34.8,21.7,0.0,0.0,0.0,14.8,8.1,25
brasilia,Brasilia,DF,2021-09-23,26.8,32.5,21.4,0.0,0.0,0.0,18.3,12.0,39
brasilia,Brasilia,DF,2021-09-24,25.8,30.5,19.8,0.0,0.0,0.0,15.6,7.9,48
brasilia,Brasilia,DF,2021-09-25,23.2,27.6,20.8,7.4,7.4,8.0,17.1,6.4,63
brasilia,Brasilia,DF,2021-09-26,23.9,29.1,20.0,0.1,0.1,1.0,16.7,6.2,58
brasilia,Brasilia,DF,2021-09-27,24.8,30.0,19.7,0.0,0.0,0.0,13.0,9.3,45
brasilia,Brasilia,DF,2021-09-28,25.1,30.5,19.3,0.0,0.0,0.0,14.7,9.2,43
brasilia,Brasilia,DF,2021-09-29,26.1,30.5,22.0,0.0,0.0,0.0,13.0,6.5,41
brasilia,Brasilia,DF,2021-09-30,25.3,30.0,19.6,0.1,0.1,1.0,10.4,6.5,48
brasilia,Brasilia,DF,2021-10-01,25.2,30.1,20.9,0.4,0.4,1.0,12.7,6.9,53
brasilia,Brasilia,DF,2021-10-02,23.3,29.0,18.4,0.8,0.8,2.0,11.2,6.6,65
brasilia,Brasilia,DF,2021-10-03,24.2,29.1,19.1,0.4,0.4,3.0,10.8,8.3,60
brasilia,Brasilia,DF,2021-10-04,25.6,30.6,20.8,0.3,0.3,2.0,12.1,8.0,56
brasilia,Brasilia,DF,2021-10-05,26.0,32.2,19.7,0.0,0.0,0.0,17.1,9.8,49
brasilia,Brasilia,DF,2021-10-06,26.7,33.2,20.5,0.0,0.0,0.0,18.1,10.0,42
brasilia,Brasilia,DF,2021-10-07,27.2,31.6,21.8,0.0,0.0,0.0,18.7,8.6,37
brasilia,Brasilia,DF,2021-10-08,26.4,33.1,20.6,0.0,0.0,0.0,18.7,12.1,48
brasilia,Brasilia,DF,2021-10-09,25.8,32.2,20.7,0.9,0.9,2.0,15.1,10.3,53
brasilia,Brasilia,DF,2021-10-10,23.6,29.5,19.9,20.2,20.2,10.0,11.6,6.4,66
brasilia,Brasilia,DF,2021-10-11,22.2,26.5,19.6,15.8,15.8,13.0,12.2,7.2,77
brasilia,Brasilia,DF,2021-10-12,22.8,27.1,19.4,4.9,4.9,9.0,12.7,7.2,76
brasilia,Brasilia,DF,2021-10-13,22.2,26.9,18.5,8.5,8.5,11.0,13.6,6.9,80
brasilia,Brasilia,DF,2021-10-14,22.2,25.7,19.5,4.2,4.2,11.0,17.3,9.1,80
brasilia,Brasilia,DF,2021-10-15,22.9,27.7,18.7,0.6,0.6,2.0,12.6,7.0,76
brasilia,Brasilia,DF,2021-10-16,22.2,26.5,19.0,1.9,1.9,5.0,12.3,6.4,78
brasilia,Brasilia,DF,2021-10-17,23.6,29.0,19.1,1.6,1.6,7.0,10.5,5.8,68
brasilia,Brasilia,DF,2021-10-18,22.2,26.5,18.9,0.7,0.7,7.0,8.8,5.9,77
brasilia,Brasilia,DF,2021-10-19,22.3,27.1,19.0,2.9,2.9,9.0,15.0,9.4,78
brasilia,Brasilia,DF,2021-10-20,22.8,28.9,18.0,4.5,4.5,11.0,15.7,7.7,74
brasilia,Brasilia,DF,2021-10-21,21.3,25.6,18.0,8.8,8.8,13.0,14.9,6.5,83
brasilia,Brasilia,DF,2021-10-22,22.0,27.0,18.2,6.8,6.8,5.0,12.7,5.9,80
brasilia,Brasilia,DF,2021-10-23,22.5,27.6,18.5,1.5,1.5,7.0,12.6,8.5,75
brasilia,Brasilia,DF,2021-10-24,22.8,29.3,18.7,7.9,7.9,5.0,15.5,10.4,75
brasilia,Brasilia,DF,2021-10-25,22.0,28.0,17.7,13.5,13.5,10.0,14.3,7.2,80
brasilia,Brasilia,DF,2021-10-26,22.1,27.9,18.5,4.5,4.5,8.0,15.7,9.1,83
brasilia,Brasilia,DF,2021-10-27,23.0,28.9,18.7,0.0,0.0,0.0,19.1,11.4,70
brasilia,Brasilia,DF,2021-10-28,23.4,29.1,18.2,0.0,0.0,0.0,18.3,10.7,63
brasilia,Brasilia,DF,2021-10-29,23.6,28.5,18.3,0.0,0.0,0.0,16.1,8.8,59
brasilia,Brasilia,DF,2021-10-30,23.4,28.6,19.5,0.6,0.6,3.0,16.2,8.5,64
brasilia,Brasilia,DF,2021-10-31,21.0,24.7,18.5,4.9,4.9,5.0,18.1,7.9,81
brasilia,Brasilia,DF,2021-11-01,21.6,25.1,19.1,1.6,1.6,6.0,25.8,12.9,78
brasilia,Brasilia,DF,2021-11-02,21.7,24.8,18.6,1.2,1.2,6.0,17.9,11.5,79
brasilia,Brasilia,DF,2021-11-03,20.8,24.1,18.2,3.4,3.4,9.0,19.1,11.0,83
brasilia,Brasilia,DF,2021-11-04,21.3,25.9,17.9,15.9,15.9,7.0,16.9,9.3,82
brasilia,Brasilia,DF,2021-11-05,21.5,25.7,18.1,19.8,19.8,10.0,9.0,6.4,82
brasilia,Brasilia,DF,2021-11-06,23.4,28.1,18.9,0.4,0.4,4.0,9.7,5.8,73
brasilia,Brasilia,DF,2021-11-07,22.1,25.1,19.3,1.2,1.2,5.0,10.4,5.5,79
brasilia,Brasilia,DF,2021-11-08,21.3,24.7,20.0,5.1,5.1,8.0,10.9,5.5,85
brasilia,Brasilia,DF,2021-11-09,21.7,25.3,18.7,6.7,6.7,7.0,12.1,8.0,82
brasilia,Brasilia,DF,2021-11-10,20.8,24.4,18.8,2.8,2.8,8.0,20.9,12.4,86
brasilia,Brasilia,DF,2021-11-11,20.5,23.4,18.9,9.5,9.5,13.0,13.4,7.1,87
brasilia,Brasilia,DF,2021-11-12,21.0,24.0,18.5,15.8,15.8,17.0,14.9,6.5,85
brasilia,Brasilia,DF,2021-11-13,20.6,24.8,18.4,32.3,32.3,22.0,14.6,7.5,86
brasilia,Brasilia,DF,2021-11-14,19.9,23.2,18.4,27.8,27.8,16.0,16.2,9.8,89
brasilia,Brasilia,DF,2021-11-15,19.9,23.5,16.8,1.6,1.6,6.0,19.2,13.2,84
brasilia,Brasilia,DF,2021-11-16,20.0,23.8,17.5,4.2,4.2,13.0,17.7,12.3,84
brasilia,Brasilia,DF,2021-11-17,21.0,24.0,17.9,0.5,0.5,2.0,16.5,9.1,81
brasilia,Brasilia,DF,2021-11-18,20.7,25.1,19.3,9.3,9.3,17.0,14.4,7.3,88
brasilia,Brasilia,DF,2021-11-19,22.4,27.5,18.5,2.8,2.8,6.0,14.7,7.1,77
brasilia,Brasilia,DF,2021-11-20,22.2,26.9,19.2,10.0,10.0,10.0,16.5,4.5,83
brasilia,Brasilia,DF,2021-11-21,21.7,25.6,18.7,17.7,17.7,12.0,14.8,4.8,85
brasilia,Brasilia,DF,2021-11-22,21.9,26.4,19.0,9.7,9.7,10.0,11.2,4.9,84
brasilia,Brasilia,DF,2021-11-23,22.4,28.0,17.8,0.6,0.6,4.0,14.2,6.3,80
brasilia,Brasilia,DF,2021-11-24,23.1,28.1,18.0,0.0,0.0,0.0,15.8,8.3,70
brasilia,Brasilia,DF,2021-11-25,23.9,28.9,19.2,0.0,0.0,0.0,13.5,8.6,59
brasilia,Brasilia,DF,2021-11-26,23.8,28.8,19.8,0.0,0.0,0.0,17.2,8.1,60
brasilia,Brasilia,DF,2021-11-27,23.0,28.1,19.5,6.5,6.5,5.0,23.2,13.4,74
brasilia,Brasilia,DF,2021-11-28,21.9,25.0,19.0,2.5,2.5,10.0,22.4,13.5,82
brasilia,Brasilia,DF,2021-11-29,21.7,26.0,18.8,9.4,9.4,11.0,14.7,7.9,83
brasilia,Brasilia,DF,2021-11-30,22.2,26.9,18.2,0.5,0.5,3.0,12.8,8.8,80
brasilia,Brasilia,DF,2021-12-01,22.4,27.2,19.1,7.5,7.5,12.0,13.2,8.1,82
brasilia,Brasilia,DF,2021-12-02,22.4,26.4,19.0,5.3,5.3,12.0,10.9,5.5,81
brasilia,Brasilia,DF,2021-12-03,22.0,26.1,18.9,9.2,9.2,11.0,10.6,5.7,83
brasilia,Brasilia,DF,2021-12-04,21.0,26.1,18.1,5.1,5.1,13.0,16.8,7.8,86
brasilia,Brasilia,DF,2021-12-05,20.9,25.4,18.4,2.5,2.5,7.0,16.8,7.8,85
brasilia,Brasilia,DF,2021-12-06,21.1,25.7,18.2,16.6,16.6,18.0,15.4,7.3,83
brasilia,Brasilia,DF,2021-12-07,21.9,26.9,17.6,1.7,1.7,7.0,11.8,6.9,79
brasilia,Brasilia,DF,2021-12-08,22.2,26.9,18.6,0.6,0.6,4.0,12.3,4.7,74
brasilia,Brasilia,DF,2021-12-09,21.6,26.3,18.0,6.6,6.6,8.0,12.3,6.1,79
brasilia,Brasilia,DF,2021-12-10,22.0,26.8,18.6,7.0,7.0,12.0,7.8,4.3,80
brasilia,Brasilia,DF,2021-12-11,21.9,26.3,19.4,7.6,7.6,11.0,11.6,5.7,84
brasilia,Brasilia,DF,2021-12-12,21.6,26.0,19.2,11.2,11.2,11.0,14.7,8.9,86
brasilia,Brasilia,DF,2021-12-13,21.0,26.0,19.3,25.9,25.9,17.0,11.2,6.4,90
brasilia,Brasilia,DF,2021-12-14,22.3,27.1,19.1,2.9,2.9,14.0,16.9,8.7,79
brasilia,Brasilia,DF,2021-12-15,21.4,24.4,20.2,3.2,3.2,13.0,12.6,5.5,84
brasilia,Brasilia,DF,2021-12-16,21.9,26.2,19.9,10.7,10.7,13.0,13.7,6.6,84
brasilia,Brasilia,DF,2021-12-17,21.4,25.5,18.9,6.0,6.0,11.0,10.2,5.9,86
brasilia,Brasilia,DF,2021-12-18,21.7,25.6,19.3,15.7,15.7,16.0,8.3,5.1,85
brasilia,Brasilia,DF,2021-12-19,21.3,26.0,18.9,22.2,22.2,19.0,14.1,5.5,86
brasilia,Brasilia,DF,2021-12-20,21.7,26.0,18.6,9.4,9.4,17.0,16.6,5.4,84
brasilia,Brasilia,DF,2021-12-21,21.7,26.8,18.6,4.3,4.3,12.0,11.0,6.0,84
brasilia,Brasilia,DF,2021-12-22,21.9,26.9,18.2,5.8,5.8,9.0,12.7,8.1,84
brasilia,Brasilia,DF,2021-12-23,21.8,25.6,19.4,22.0,22.0,15.0,16.3,8.6,86
brasilia,Brasilia,DF,2021-12-24,19.9,22.0,16.5,4.7,4.7,12.0,10.2,6.1,91
brasilia,Brasilia,DF,2021-12-25,21.1,26.0,16.9,0.7,0.7,7.0,15.1,8.9,79
brasilia,Brasilia,DF,2021-12-26,21.8,26.6,17.0,0.5,0.5,5.0,15.3,8.7,76
brasilia,Brasilia,DF,2021-12-27,21.4,27.2,18.1,2.9,2.9,9.0,17.1,9.8,83
brasilia,Brasilia,DF,2021-12-28,21.2,24.3,19.1,1.4,1.4,5.0,17.9,11.7,84
brasilia,Brasilia,DF,2021-12-29,20.6,24.6,17.8,6.4,6.4,9.0,16.7,7.2,87
brasilia,Brasilia,DF,2021-12-30,20.2,23.0,18.3,23.6,23.6,23.0,15.3,8.7,88
brasilia,Brasilia,DF,2021-12-31,19.6,23.4,18.3,21.8,21.8,20.0,19.5,13.5,89
brasilia,Brasilia,DF,2022-01-01,19.2,21.1,17.9,24.2,24.2,17.0,17.3,11.4,93
brasilia,Brasilia,DF,2022-01-02,20.6,24.5,18.5,3.3,3.3,11.0,19.2,13.1,87
brasilia,Brasilia,DF,2022-01-03,21.4,25.3,18.9,4.8,4.8,12.0,14.8,10.6,83
brasilia,Brasilia,DF,2022-01-04,20.7,24.9,17.3,8.8,8.8,12.0,17.3,9.2,86
brasilia,Brasilia,DF,2022-01-05,22.3,26.4,19.2,4.6,4.6,9.0,15.5,10.7,81
brasilia,Brasilia,DF,2022-01-06,21.3,24.5,19.4,9.0,9.0,15.0,13.8,9.9,85
brasilia,Brasilia,DF,2022-01-07,20.7,23.3,19.5,4.8,4.8,17.0,20.2,13.5,88
brasilia,Brasilia,DF,2022-01-08,20.2,22.8,19.0,7.6,7.6,20.0,18.8,13.3,90
brasilia,Brasilia,DF,2022-01-09,19.6,21.8,18.6,18.6,18.6,19.0,21.0,12.6,93
brasilia,Brasilia,DF,2022-01-10,20.8,24.3,18.7,7.3,7.3,14.0,19.5,13.0,86
brasilia,Brasilia,DF,2022-01-11,20.4,23.7,18.2,7.7,7.7,17.0,18.5,12.1,88
brasilia,Brasilia,DF,2022-01-12,19.8,24.0,17.8,10.4,10.4,17.0,16.3,7.7,91
brasilia,Brasilia,DF,2022-01-13,20.3,25.5,15.9,8.5,8.5,5.0,15.0,7.5,86
brasilia,Brasilia,DF,2022-01-14,22.5,28.7,17.6,0.2,0.2,1.0,17.3,10.6,73
brasilia,Brasilia,DF,2022-01-15,22.2,28.4,16.9,0.0,0.0,0.0,16.6,10.5,63
brasilia,Brasilia,DF,2022-01-16,23.2,29.1,18.0,0.0,0.0,0.0,13.9,8.2,61
brasilia,Brasilia,DF,2022-01-17,23.1,27.8,18.6,0.4,0.4,2.0,13.9,7.4,68
brasilia,Brasilia,DF,2022-01-18,23.2,28.0,18.4,0.2,0.2,2.0,13.7,7.1,67
brasilia,Brasilia,DF,2022-01-19,23.4,28.0,18.6,0.0,0.0,0.0,13.7,8.1,65
brasilia,Brasilia,DF,2022-01-20,23.3,29.2,17.6,0.0,0.0,0.0,13.3,8.3,60
brasilia,Brasilia,DF,2022-01-21,22.6,26.9,19.2,7.6,7.6,7.0,14.7,7.5,71
brasilia,Brasilia,DF,2022-01-22,23.1,26.9,18.8,0.9,0.9,3.0,13.4,7.6,72
brasilia,Brasilia,DF,2022-01-23,23.5,28.0,18.5,0.0,0.0,0.0,13.3,8.4,67
brasilia,Brasilia,DF,2022-01-24,23.4,29.2,17.8,1.0,1.0,5.0,10.4,7.1,69
brasilia,Brasilia,DF,2022-01-25,22.7,27.2,18.9,1.3,1.3,7.0,12.3,6.6,72
brasilia,Brasilia,DF,2022-01-26,20.1,23.9,16.9,27.3,27.3,14.0,9.7,4.2,85
brasilia,Brasilia,DF,2022-01-27,21.0,25.0,18.2,5.7,5.7,15.0,17.3,6.5,81
brasilia,Brasilia,DF,2022-01-28,21.4,26.0,17.8,1.3,1.3,4.0,14.5,9.1,77
brasilia,Brasilia,DF,2022-01-29,21.7,26.3,17.9,0.8,0.8,4.0,19.5,12.3,75
brasilia,Brasilia,DF,2022-01-30,21.7,26.5,18.0,3.0,3.0,5.0,20.9,12.8,76
brasilia,Brasilia,DF,2022-01-31,21.0,24.8,17.8,3.0,3.0,11.0,16.8,9.1,81
brasilia,Brasilia,DF,2022-02-01,21.8,26.5,18.2,3.0,3.0,9.0,16.0,8.6,79
brasilia,Brasilia,DF,2022-02-02,22.0,27.0,18.0,1.1,1.1,6.0,8.0,5.6,81
brasilia,Brasilia,DF,2022-02-03,21.3,25.1,18.1,5.2,5.2,9.0,13.3,7.2,83
brasilia,Brasilia,DF,2022-02-04,22.3,26.4,18.3,0.7,0.7,5.0,13.9,6.8,80
brasilia,Brasilia,DF,2022-02-05,22.3,25.8,19.4,6.8,6.8,8.0,9.8,5.2,81
brasilia,Brasilia,DF,2022-02-06,21.2,24.6,18.6,10.2,10.2,15.0,13.0,7.2,83
brasilia,Brasilia,DF,2022-02-07,21.4,25.3,19.9,7.7,7.7,9.0,10.0,5.1,80
brasilia,Brasilia,DF,2022-02-08,21.7,26.5,19.5,12.0,12.0,19.0,11.4,6.3,82
brasilia,Brasilia,DF,2022-02-09,21.8,26.3,19.2,12.0,12.0,16.0,14.7,8.3,81
brasilia,Brasilia,DF,2022-02-10,21.2,24.4,19.4,1.7,1.7,12.0,15.8,9.2,84
brasilia,Brasilia,DF,2022-02-11,21.6,25.6,19.3,5.3,5.3,10.0,13.0,6.3,80
brasilia,Brasilia,DF,2022-02-12,22.0,26.5,19.5,15.2,15.2,15.0,11.0,5.6,78
brasilia,Brasilia,DF,2022-02-13,21.1,24.1,18.5,4.9,4.9,15.0,12.5,7.6,84
brasilia,Brasilia,DF,2022-02-14,21.5,26.0,17.9,7.3,7.3,16.0,12.1,6.5,81
brasilia,Brasilia,DF,2022-02-15,22.2,27.1,18.8,11.8,11.8,10.0,11.1,5.2,82
brasilia,Brasilia,DF,2022-02-16,21.3,25.6,18.6,17.4,17.4,14.0,11.6,4.6,86
brasilia,Brasilia,DF,2022-02-17,20.8,25.8,18.1,12.7,12.7,13.0,13.1,5.3,84
brasilia,Brasilia,DF,2022-02-18,21.1,25.2,17.6,10.7,10.7,10.0,17.9,8.7,82
brasilia,Brasilia,DF,2022-02-19,20.1,23.9,18.5,12.7,12.7,17.0,14.5,6.9,88
brasilia,Brasilia,DF,2022-02-20,20.3,23.5,18.2,16.2,16.2,18.0,8.9,3.6,84
brasilia,Brasilia,DF,2022-02-21,20.6,25.8,17.5,6.1,6.1,8.0,11.7,6.9,87
brasilia,Brasilia,DF,2022-02-22,21.3,26.5,18.4,7.2,7.2,8.0,12.4,7.9,85
brasilia,Brasilia,DF,2022-02-23,22.0,26.8,17.5,0.0,0.0,0.0,15.1,6.5,77
brasilia,Brasilia,DF,2022-02-24,22.1,27.0,17.2,0.8,0.8,5.0,9.2,5.6,76
brasilia,Brasilia,DF,2022-02-25,23.0,27.9,18.8,0.9,0.9,6.0,16.2,9.3,76
brasilia,Brasilia,DF,2022-02-26,22.7,27.4,17.9,0.4,0.4,4.0,16.2,9.7,76
brasilia,Brasilia,DF,2022-02-27,22.8,28.0,18.3,0.0,0.0,0.0,14.8,9.2,70
brasilia,Brasilia,DF,2022-02-28,22.5,27.3,17.6,0.0,0.0,0.0,15.3,9.2,68
brasilia,Brasilia,DF,2022-03-01,22.4,27.0,18.3,1.0,1.0,8.0,13.0,8.0,72
brasilia,Brasilia,DF,2022-03-02,21.2,26.9,17.1,2.9,2.9,6.0,24.9,7.5,76
brasilia,Brasilia,DF,2022-03-03,21.1,26.6,18.5,5.5,5.5,7.0,15.1,4.8,81
brasilia,Brasilia,DF,2022-03-04,21.2,26.2,17.4,3.6,3.6,7.0,16.9,7.5,81
brasilia,Brasilia,DF,2022-03-05,21.7,27.0,17.1,0.3,0.3,1.0,16.6,9.5,76
brasilia,Brasilia,DF,2022-03-06,21.6,26.4,17.0,0.2,0.2,2.0,15.6,9.7,75
brasilia,Brasilia,DF,2022-03-07,22.3,26.1,18.8,1.5,1.5,9.0,15.7,8.5,76
brasilia,Brasilia,DF,2022-03-08,22.2,26.8,18.9,0.4,0.4,3.0,19.4,10.2,73
brasilia,Brasilia,DF,2022-03-09,22.6,28.0,17.7,0.1,0.1,1.0,12.7,8.1,64
brasilia,Brasilia,DF,2022-03-10,23.4,27.5,19.0,0.0,0.0,0.0,8.4,5.7,65
brasilia,Brasilia,DF,2022-03-11,23.4,28.0,19.0,0.0,0.0,0.0,8.4,5.8,70
brasilia,Brasilia,DF,2022-03-12,21.7,27.2,18.4,14.6,14.6,9.0,13.7,6.8,80
brasilia,Brasilia,DF,2022-03-13,21.8,26.0,18.8,3.7,3.7,6.0,11.0,6.6,82
brasilia,Brasilia,DF,2022-03-14,21.7,25.9,19.1,9.4,9.4,14.0,9.5,5.2,84
brasilia,Brasilia,DF,2022-03-15,21.6,25.3,19.7,9.5,9.5,8.0,8.7,4.7,85
brasilia,Brasilia,DF,2022-03-16,22.2,26.4,19.9,1.0,1.0,9.0,13.0,7.4,79
brasilia,Brasilia,DF,2022-03-17,22.1,26.2,18.5,0.1,0.1,1.0,12.5,7.8,79
brasilia,Brasilia,DF,2022-03-18,22.4,26.8,18.7,2.4,2.4,4.0,17.6,8.2,78
brasilia,Brasilia,DF,2022-03-19,23.1,27.8,20.2,0.3,0.3,3.0,12.6,7.9,66
brasilia,Brasilia,DF,2022-03-20,23.0,29.0,17.0,0.0,0.0,0.0,11.8,8.4,59
brasilia,Brasilia,DF,2022-03-21,22.5,26.5,18.4,0.4,0.4,4.0,16.3,9.6,66
brasilia,Brasilia,DF,2022-03-22,21.5,25.9,17.6,0.5,0.5,5.0,24.5,12.7,73
brasilia,Brasilia,DF,2022-03-23,21.7,26.1,18.0,0.6,0.6,5.0,19.7,11.2,74
brasilia,Brasilia,DF,2022-03-24,22.2,26.4,17.9,0.8,0.8,7.0,14.4,7.1,75
brasilia,Brasilia,DF,2022-03-25,22.9,26.6,18.9,0.4,0.4,4.0,10.5,6.2,71
brasilia,Brasilia,DF,2022-03-26,23.2,28.0,18.2,0.1,0.1,1.0,10.3,6.6,70
brasilia,Brasilia,DF,2022-03-27,23.8,28.2,19.2,0.3,0.3,3.0,13.8,7.3,68
brasilia,Brasilia,DF,2022-03-28,23.9,28.4,19.0,0.1,0.1,1.0,14.0,8.6,64
brasilia,Brasilia,DF,2022-03-29,23.6,28.9,19.3,0.0,0.0,0.0,14.8,9.3,62
brasilia,Brasilia,DF,2022-03-30,24.0,28.1,18.8,0.0,0.0,0.0,10.7,5.4,58
brasilia,Brasilia,DF,2022-03-31,24.2,29.5,19.5,0.0,0.0,0.0,13.7,8.1,59
brasilia,Brasilia,DF,2022-04-01,24.2,28.6,19.2,0.0,0.0,0.0,11.6,7.5,55
brasilia,Brasilia,DF,2022-04-02,23.2,28.1,18.6,0.0,0.0,0.0,16.2,9.4,59
brasilia,Brasilia,DF,2022-04-03,23.2,28.7,18.1,0.0,0.0,0.0,21.3,11.5,57
brasilia,Brasilia,DF,2022-04-04,22.9,28.6,17.4,0.0,0.0,0.0,16.7,9.8,58
brasilia,Brasilia,DF,2022-04-05,23.2,28.9,17.4,0.0,0.0,0.0,15.3,9.4,57
brasilia,Brasilia,DF,2022-04-06,24.1,28.8,20.0,0.1,0.1,1.0,11.9,6.9,56
brasilia,Brasilia,DF,2022-04-07,24.3,28.8,19.6,0.1,0.1,1.0,11.4,7.1,60
brasilia,Brasilia,DF,2022-04-08,23.3,28.5,19.8,1.0,1.0,7.0,11.0,6.7,71
brasilia,Brasilia,DF,2022-04-09,24.1,29.0,19.8,0.5,0.5,2.0,11.8,5.0,65
brasilia,Brasilia,DF,2022-04-10,23.6,28.9,19.9,0.0,0.0,0.0,9.0,5.7,71
brasilia,Brasilia,DF,2022-04-11,22.6,25.9,18.5,2.1,2.1,8.0,11.0,4.9,76
brasilia,Brasilia,DF,2022-04-12,21.8,26.1,19.2,10.2,10.2,11.0,13.4,4.8,84
brasilia,Brasilia,DF,2022-04-13,22.0,27.1,18.0,4.8,4.8,7.0,13.6,4.4,81
brasilia,Brasilia,DF,2022-04-14,22.9,27.3,18.8,0.3,0.3,2.0,11.6,6.6,77
brasilia,Brasilia,DF,2022-04-15,21.9,26.7,18.5,2.2,2.2,5.0,14.4,7.3,77
brasilia,Brasilia,DF,2022-04-16,22.0,27.0,17.5,0.0,0.0,0.0,12.1,8.0,69
brasilia,Brasilia,DF,2022-04-17,21.3,25.9,17.6,1.1,1.1,9.0,14.4,8.5,74
brasilia,Brasilia,DF,2022-04-18,21.2,25.5,17.3,0.7,0.7,5.0,16.8,8.7,76
brasilia,Brasilia,DF,2022-04-19,21.4,26.6,16.9,0.0,0.0,0.0,19.2,9.5,68
brasilia,Brasilia,DF,2022-04-20,21.6,27.5,16.6,0.0,0.0,0.0,15.5,9.2,59
brasilia,Brasilia,DF,2022-04-21,22.0,27.4,16.7,0.0,0.0,0.0,14.8,7.8,56
brasilia,Brasilia,DF,2022-04-22,22.8,28.6,16.9,0.0,0.0,0.0,12.8,7.8,54
brasilia,Brasilia,DF,2022-04-23,22.8,27.7,18.2,0.3,0.3,3.0,11.7,5.6,61
brasilia,Brasilia,DF,2022-04-24,23.0,27.8,19.1,0.5,0.5,4.0,16.3,9.2,65
brasilia,Brasilia,DF,2022-04-25,23.1,28.4,18.4,0.0,0.0,0.0,21.9,12.3,60
brasilia,Brasilia,DF,2022-04-26,22.0,27.8,17.4,0.0,0.0,0.0,17.8,11.8,63
brasilia,Brasilia,DF,2022-04-27,21.8,27.5,16.9,0.0,0.0,0.0,16.8,9.9,63
brasilia,Brasilia,DF,2022-04-28,21.9,27.5,16.9,0.0,0.0,0.0,19.8,9.9,66
brasilia,Brasilia,DF,2022-04-29,21.8,27.1,16.9,0.0,0.0,0.0,16.5,10.5,63
brasilia,Brasilia,DF,2022-04-30,21.4,27.5,16.5,0.0,0.0,0.0,18.5,11.1,57
brasilia,Brasilia,DF,2022-05-01,21.6,26.6,16.5,0.0,0.0,0.0,15.0,7.0,58
brasilia,Brasilia,DF,2022-05-02,22.3,26.9,17.2,0.0,0.0,0.0,13.1,6.2,59
brasilia,Brasilia,DF,2022-05-03,23.1,27.5,18.6,0.0,0.0,0.0,11.6,6.5,58
brasilia,Brasilia,DF,2022-05-04,23.0,28.5,18.3,0.2,0.2,2.0,15.0,9.2,62
brasilia,Brasilia,DF,2022-05-05,21.4,26.5,17.0,1.1,1.1,4.0,11.0,6.9,75
brasilia,Brasilia,DF,2022-05-06,22.1,27.6,17.7,1.4,1.4,4.0,11.6,7.1,75
brasilia,Brasilia,DF,2022-05-07,22.0,27.0,17.7,1.0,1.0,7.0,14.8,8.7,74
brasilia,Brasilia,DF,2022-05-08,22.1,27.1,18.0,0.1,0.1,1.0,15.5,9.2,68
brasilia,Brasilia,DF,2022-05-09,21.5,26.5,17.1,0.0,0.0,0.0,15.0,9.1,64
brasilia,Brasilia,DF,2022-05-10,20.6,25.4,16.1,0.0,0.0,0.0,14.1,7.9,62
brasilia,Brasilia,DF,2022-05-11,21.2,26.6,16.2,0.0,0.0,0.0,7.8,5.4,58
brasilia,Brasilia,DF,2022-05-12,22.5,27.2,18.4,0.0,0.0,0.0,10.1,4.8,57
brasilia,Brasilia,DF,2022-05-13,22.4,27.5,17.6,0.2,0.2,2.0,11.7,8.3,60
brasilia,Brasilia,DF,2022-05-14,22.0,27.5,17.6,0.0,0.0,0.0,17.5,9.5,64
brasilia,Brasilia,DF,2022-05-15,22.2,27.5,17.8,0.2,0.2,2.0,11.8,7.8,65
brasilia,Brasilia,DF,2022-05-16,21.1,26.1,17.1,0.8,0.8,6.0,13.0,6.8,72
brasilia,Brasilia,DF,2022-05-17,19.8,24.6,15.9,0.0,0.0,0.0,14.0,10.9,75
brasilia,Brasilia,DF,2022-05-18,14.3,19.5,10.3,0.0,0.0,0.0,17.0,12.6,54
brasilia,Brasilia,DF,2022-05-19,12.4,19.4,6.7,0.0,0.0,0.0,14.7,10.1,59
brasilia,Brasilia,DF,2022-05-20,14.6,22.1,8.5,0.0,0.0,0.0,11.6,6.3,65
brasilia,Brasilia,DF,2022-05-21,17.0,24.5,10.4,0.0,0.0,0.0,10.4,7.4,58
brasilia,Brasilia,DF,2022-05-22,18.5,25.2,12.3,0.0,0.0,0.0,12.7,8.2,56
brasilia,Brasilia,DF,2022-05-23,19.9,25.9,13.9,0.0,0.0,0.0,11.3,7.5,61
brasilia,Brasilia,DF,2022-05-24,20.0,25.1,15.2,0.0,0.0,0.0,16.3,10.7,58
brasilia,Brasilia,DF,2022-05-25,18.3,24.1,13.8,0.0,0.0,0.0,17.4,12.3,60
brasilia,Brasilia,DF,2022-05-26,18.7,24.7,13.6,0.0,0.0,0.0,20.5,11.5,64
brasilia,Brasilia,DF,2022-05-27,19.1,24.8,14.2,0.0,0.0,0.0,15.2,9.5,64
brasilia,Brasilia,DF,2022-05-28,19.2,25.1,14.1,0.0,0.0,0.0,11.6,7.7,59
brasilia,Brasilia,DF,2022-05-29,19.9,26.5,13.8,0.0,0.0,0.0,9.7,7.0,51
brasilia,Brasilia,DF,2022-05-30,21.9,27.3,18.0,0.0,0.0,0.0,6.6,4.7,42
brasilia,Brasilia,DF,2022-05-31,21.8,28.4,17.3,0.0,0.0,0.0,13.3,8.4,43
brasilia,Brasilia,DF,2022-06-01,20.9,27.6,15.2,0.0,0.0,0.0,14.1,9.6,49
brasilia,Brasilia,DF,2022-06-02,21.7,27.6,15.4,0.0,0.0,0.0,10.7,6.9,49
brasilia,Brasilia,DF,2022-06-03,21.3,27.4,16.4,0.0,0.0,0.0,15.6,9.2,49
brasilia,Brasilia,DF,2022-06-04,20.9,27.2,15.4,0.0,0.0,0.0,18.0,11.3,55
brasilia,Brasilia,DF,2022-06-05,19.4,24.6,15.1,0.1,0.1,1.0,20.2,11.4,65
brasilia,Brasilia,DF,2022-06-06,18.8,25.1,13.5,0.0,0.0,0.0,13.2,9.1,61
brasilia,Brasilia,DF,2022-06-07,20.5,26.6,14.8,0.0,0.0,0.0,8.0,4.6,51
brasilia,Brasilia,DF,2022-06-08,21.0,27.5,14.9,0.0,0.0,0.0,14.8,6.2,53
brasilia,Brasilia,DF,2022-06-09,22.2,27.6,18.0,0.0,0.0,0.0,10.0,6.5,42
brasilia,Brasilia,DF,2022-06-10,21.2,28.5,14.6,0.0,0.0,0.0,16.1,6.7,52
brasilia,Brasilia,DF,2022-06-11,20.1,25.5,15.1,0.0,0.0,0.0,15.1,8.3,66
brasilia,Brasilia,DF,2022-06-12,20.3,26.1,15.3,0.0,0.0,0.0,15.8,8.1,66
brasilia,Brasilia,DF,2022-06-13,20.2,25.8,15.3,0.0,0.0,0.0,13.5,9.1,61
brasilia,Brasilia,DF,2022-06-14,20.8,26.9,15.9,0.2,0.2,2.0,16.1,10.0,58
brasilia,Brasilia,DF,2022-06-15,20.7,25.8,16.4,0.1,0.1,1.0,12.6,9.4,67
brasilia,Brasilia,DF,2022-06-16,19.9,26.2,14.9,0.0,0.0,0.0,13.0,9.3,60
brasilia,Brasilia,DF,2022-06-17,20.2,26.8,14.4,0.0,0.0,0.0,9.4,5.7,51
brasilia,Brasilia,DF,2022-06-18,21.1,27.2,15.6,0.0,0.0,0.0,14.3,8.1,46
brasilia,Brasilia,DF,2022-06-19,20.4,27.2,15.0,0.0,0.0,0.0,15.2,9.4,53
brasilia,Brasilia,DF,2022-06-20,19.8,25.8,14.6,0.0,0.0,0.0,15.8,10.7,55
brasilia,Brasilia,DF,2022-06-21,19.4,25.7,14.1,0.0,0.0,0.0,18.1,11.5,59
brasilia,Brasilia,DF,2022-06-22,19.0,25.7,13.1,0.0,0.0,0.0,13.8,8.4,60
brasilia,Brasilia,DF,2022-06-23,19.6,25.5,14.8,0.0,0.0,0.0,13.1,8.6,61
brasilia,Brasilia,DF,2022-06-24,19.6,25.6,14.4,0.0,0.0,0.0,14.0,8.6,59
brasilia,Brasilia,DF,2022-06-25,19.1,25.0,14.3,0.0,0.0,0.0,14.5,9.4,55
brasilia,Brasilia,DF,2022-06-26,19.4,25.5,13.6,0.0,0.0,0.0,14.8,9.0,53
brasilia,Brasilia,DF,2022-06-27,18.6,24.5,13.9,0.0,0.0,0.0,15.4,9.9,58
brasilia,Brasilia,DF,2022-06-28,18.1,24.6,12.8,0.0,0.0,0.0,12.6,8.6,60
brasilia,Brasilia,DF,2022-06-29,19.9,25.4,15.6,0.0,0.0,0.0,13.6,5.1,52
brasilia,Brasilia,DF,2022-06-30,20.2,25.7,15.6,0.0,0.0,0.0,11.6,7.0,50
brasilia,Brasilia,DF,2022-07-01,20.0,26.5,14.8,0.0,0.0,0.0,15.4,9.8,50
brasilia,Brasilia,DF,2022-07-02,19.8,26.1,14.1,0.0,0.0,0.0,16.8,11.4,54
brasilia,Brasilia,DF,2022-07-03,19.0,25.4,13.8,0.0,0.0,0.0,18.2,12.1,57
brasilia,Brasilia,DF,2022-07-04,17.9,24.0,13.1,0.0,0.0,0.0,21.2,13.0,54
brasilia,Brasilia,DF,2022-07-05,18.2,24.1,12.9,0.0,0.0,0.0,18.3,10.8,57
brasilia,Brasilia,DF,2022-07-06,18.6,25.0,13.1,0.0,0.0,0.0,17.9,9.4,55
brasilia,Brasilia,DF,2022-07-07,19.8,25.5,14.1,0.0,0.0,0.0,14.2,7.5,54
brasilia,Brasilia,DF,2022-07-08,19.6,25.2,14.8,0.0,0.0,0.0,15.1,10.0,56
brasilia,Brasilia,DF,2022-07-09,18.6,24.5,13.2,0.0,0.0,0.0,19.1,11.7,56
brasilia,Brasilia,DF,2022-07-10,18.3,24.0,13.4,0.0,0.0,0.0,18.7,10.9,58
brasilia,Brasilia,DF,2022-07-11,18.5,24.5,13.1,0.0,0.0,0.0,18.3,10.6,56
brasilia,Brasilia,DF,2022-07-12,19.8,25.4,14.9,0.0,0.0,0.0,11.8,6.1,49
brasilia,Brasilia,DF,2022-07-13,19.7,26.2,13.9,0.0,0.0,0.0,12.0,8.4,48
brasilia,Brasilia,DF,2022-07-14,20.0,26.2,14.9,0.0,0.0,0.0,17.0,10.5,52
brasilia,Brasilia,DF,2022-07-15,19.9,26.3,14.5,0.0,0.0,0.0,12.7,8.0,54
brasilia,Brasilia,DF,2022-07-16,20.3,26.8,14.6,0.0,0.0,0.0,11.9,7.9,50
brasilia,Brasilia,DF,2022-07-17,20.2,26.8,14.2,0.0,0.0,0.0,13.9,10.1,50
brasilia,Brasilia,DF,2022-07-18,19.5,25.8,13.9,0.0,0.0,0.0,21.3,13.0,50
brasilia,Brasilia,DF,2022-07-19,19.9,26.1,14.8,0.0,0.0,0.0,14.8,10.9,55
brasilia,Brasilia,DF,2022-07-20,18.9,25.1,13.4,0.0,0.0,0.0,17.0,10.9,54
brasilia,Brasilia,DF,2022-07-21,19.3,25.0,13.9,0.0,0.0,0.0,17.1,9.7,55
brasilia,Brasilia,DF,2022-07-22,19.4,25.1,14.1,0.0,0.0,0.0,16.2,9.9,49
brasilia,Brasilia,DF,2022-07-23,19.8,25.8,14.3,0.0,0.0,0.0,12.7,8.9,49
brasilia,Brasilia,DF,2022-07-24,20.0,26.1,14.6,0.0,0.0,0.0,16.5,10.4,51
brasilia,Brasilia,DF,2022-07-25,19.7,26.0,14.3,0.0,0.0,0.0,14.8,10.4,54
brasilia,Brasilia,DF,2022-07-26,19.3,25.5,13.6,0.0,0.0,0.0,14.5,10.2,52
brasilia,Brasilia,DF,2022-07-27,18.7,24.8,13.2,0.0,0.0,0.0,19.1,10.2,53
brasilia,Brasilia,DF,2022-07-28,19.4,26.2,13.1,0.0,0.0,0.0,11.3,7.0,51
brasilia,Brasilia,DF,2022-07-29,20.9,27.8,14.4,0.0,0.0,0.0,12.6,6.6,39
brasilia,Brasilia,DF,2022-07-30,21.8,28.6,15.3,0.0,0.0,0.0,15.5,8.8,34
brasilia,Brasilia,DF,2022-07-31,22.1,28.9,15.3,0.0,0.0,0.0,13.0,8.6,40
brasilia,Brasilia,DF,2022-08-01,22.6,29.0,16.8,0.0,0.0,0.0,14.9,8.6,37
brasilia,Brasilia,DF,2022-08-02,22.2,27.9,16.4,0.0,0.0,0.0,17.4,9.5,41
brasilia,Brasilia,DF,2022-08-03,21.4,27.5,15.9,0.0,0.0,0.0,16.3,10.0,44
brasilia,Brasilia,DF,2022-08-04,21.1,27.0,15.7,0.0,0.0,0.0,13.5,8.2,43
brasilia,Brasilia,DF,2022-08-05,23.4,29.1,18.2,0.0,0.0,0.0,9.0,5.0,33
brasilia,Brasilia,DF,2022-08-06,23.9,29.5,17.6,0.0,0.0,0.0,13.6,6.6,29
brasilia,Brasilia,DF,2022-08-07,23.8,30.5,18.0,0.0,0.0,0.0,13.5,8.5,33
brasilia,Brasilia,DF,2022-08-08,24.9,30.6,18.8,0.0,0.0,0.0,12.6,6.7,33
brasilia,Brasilia,DF,2022-08-09,23.3,29.8,17.1,0.0,0.0,0.0,13.3,7.4,43
brasilia,Brasilia,DF,2022-08-10,22.2,29.5,16.5,0.0,0.0,0.0,21.2,13.9,51
brasilia,Brasilia,DF,2022-08-11,18.7,27.4,11.8,0.0,0.0,0.0,13.9,9.7,45
brasilia,Brasilia,DF,2022-08-12,20.8,28.0,14.2,0.0,0.0,0.0,13.0,7.9,41
brasilia,Brasilia,DF,2022-08-13,21.8,28.0,15.9,0.0,0.0,0.0,14.4,10.2,48
brasilia,Brasilia,DF,2022-08-14,21.0,26.9,15.4,0.0,0.0,0.0,14.6,10.5,46
brasilia,Brasilia,DF,2022-08-15,21.0,27.5,14.5,0.0,0.0,0.0,13.8,8.5,41
brasilia,Brasilia,DF,2022-08-16,22.3,28.0,16.7,0.0,0.0,0.0,10.8,7.0,39
brasilia,Brasilia,DF,2022-08-17,23.1,29.3,16.8,0.0,0.0,0.0,14.5,9.3,37
brasilia,Brasilia,DF,2022-08-18,22.9,29.0,16.8,0.0,0.0,0.0,13.3,9.0,37
brasilia,Brasilia,DF,2022-08-19,22.7,28.5,17.1,0.0,0.0,0.0,16.8,10.5,40
brasilia,Brasilia,DF,2022-08-20,20.6,26.5,15.6,0.0,0.0,0.0,27.0,17.6,48
brasilia,Brasilia,DF,2022-08-21,19.6,25.5,14.1,0.0,0.0,0.0,19.8,14.7,51
brasilia,Brasilia,DF,2022-08-22,19.2,25.1,13.8,0.0,0.0,0.0,20.6,12.7,48
brasilia,Brasilia,DF,2022-08-23,19.5,25.1,14.2,0.0,0.0,0.0,21.7,12.7,45
brasilia,Brasilia,DF,2022-08-24,20.3,26.1,14.8,0.0,0.0,0.0,16.9,9.2,44
brasilia,Brasilia,DF,2022-08-25,20.6,26.2,14.8,0.0,0.0,0.0,17.3,9.7,42
brasilia,Brasilia,DF,2022-08-26,21.0,26.5,15.1,0.0,0.0,0.0,17.5,9.7,42
brasilia,Brasilia,DF,2022-08-27,21.5,27.4,15.8,0.0,0.0,0.0,17.3,9.3,42
brasilia,Brasilia,DF,2022-08-28,22.4,29.1,15.9,0.0,0.0,0.0,19.1,9.7,39
brasilia,Brasilia,DF,2022-08-29,23.7,29.8,19.4,0.0,0.0,0.0,21.7,10.1,33
brasilia,Brasilia,DF,2022-08-30,22.4,28.3,17.0,0.0,0.0,0.0,21.3,13.8,38
brasilia,Brasilia,DF,2022-08-31,20.3,26.2,14.9,0.0,0.0,0.0,17.3,13.9,50
brasilia,Brasilia,DF,2022-09-01,19.5,25.9,14.0,0.0,0.0,0.0,18.9,13.5,44
brasilia,Brasilia,DF,2022-09-02,20.0,26.9,13.4,0.0,0.0,0.0,13.5,9.5,41
brasilia,Brasilia,DF,2022-09-03,22.3,29.5,15.9,0.0,0.0,0.0,11.2,7.9,35
brasilia,Brasilia,DF,2022-09-04,24.1,31.0,16.9,0.0,0.0,0.0,18.6,10.6,27
brasilia,Brasilia,DF,2022-09-05,23.7,30.2,17.8,0.0,0.0,0.0,19.1,12.6,30
brasilia,Brasilia,DF,2022-09-06,22.3,28.5,16.4,0.0,0.0,0.0,21.6,13.9,46
brasilia,Brasilia,DF,2022-09-07,21.6,27.5,16.9,0.0,0.0,0.0,16.5,11.7,48
brasilia,Brasilia,DF,2022-09-08,22.6,29.8,15.6,0.0,0.0,0.0,18.2,10.8,41
brasilia,Brasilia,DF,2022-09-09,23.3,30.2,16.8,0.0,0.0,0.0,18.1,11.0,38
brasilia,Brasilia,DF,2022-09-10,24.2,31.4,16.6,0.0,0.0,0.0,15.3,9.9,30
brasilia,Brasilia,DF,2022-09-11,26.3,31.8,21.1,0.0,0.0,0.0,13.6,7.6,22
brasilia,Brasilia,DF,2022-09-12,26.6,32.5,19.5,0.0,0.0,0.0,19.2,8.9,23
brasilia,Brasilia,DF,2022-09-13,26.1,32.8,18.8,0.0,0.0,0.0,13.0,8.3,24
brasilia,Brasilia,DF,2022-09-14,26.7,32.8,20.0,0.0,0.0,0.0,13.7,7.9,22
brasilia,Brasilia,DF,2022-09-15,25.4,30.7,19.6,0.0,0.0,0.0,15.5,9.0,38
brasilia,Brasilia,DF,2022-09-16,25.4,31.6,18.6,0.0,0.0,0.0,17.7,9.2,46
brasilia,Brasilia,DF,2022-09-17,24.0,30.5,19.5,6.0,6.0,5.0,19.4,10.1,57
brasilia,Brasilia,DF,2022-09-18,22.8,28.6,18.6,1.7,1.7,4.0,14.7,8.8,69
brasilia,Brasilia,DF,2022-09-19,22.4,28.7,18.6,0.2,0.2,2.0,10.0,7.2,68
brasilia,Brasilia,DF,2022-09-20,22.4,28.4,18.7,2.0,2.0,3.0,13.7,5.9,71
brasilia,Brasilia,DF,2022-09-21,23.3,28.4,19.4,1.6,1.6,3.0,19.0,6.7,70
brasilia,Brasilia,DF,2022-09-22,22.2,28.1,19.5,9.0,9.0,12.0,17.7,9.4,76
brasilia,Brasilia,DF,2022-09-23,21.1,25.1,18.5,0.5,0.5,3.0,10.5,5.9,82
brasilia,Brasilia,DF,2022-09-24,21.5,27.2,17.0,1.6,1.6,4.0,12.2,7.8,78
brasilia,Brasilia,DF,2022-09-25,21.2,25.1,18.2,0.2,0.2,1.0,21.3,12.1,79
brasilia,Brasilia,DF,2022-09-26,22.5,28.1,17.6,0.0,0.0,0.0,16.6,10.5,68
brasilia,Brasilia,DF,2022-09-27,23.5,30.0,18.0,0.0,0.0,0.0,12.7,7.0,57
brasilia,Brasilia,DF,2022-09-28,23.9,30.5,17.6,0.0,0.0,0.0,10.8,6.7,61
brasilia,Brasilia,DF,2022-09-29,24.0,30.2,18.2,0.1,0.1,1.0,15.0,9.3,60
brasilia,Brasilia,DF,2022-09-30,24.4,30.3,19.1,0.1,0.1,1.0,18.9,11.4,57
brasilia,Brasilia,DF,2022-10-01,23.7,29.0,18.4,0.0,0.0,0.0,20.3,9.7,61
brasilia,Brasilia,DF,2022-10-02,22.4,29.0,18.5,5.6,5.6,10.0,16.9,6.3,72
brasilia,Brasilia,DF,2022-10-03,21.8,27.5,18.7,2.5,2.5,9.0,11.5,6.4,74
brasilia,Brasilia,DF,2022-10-04,22.1,28.1,19.0,1.9,1.9,2.0,17.1,5.6,72
brasilia,Brasilia,DF,2022-10-05,22.2,28.4,17.5,1.9,1.9,3.0,14.9,7.1,75
brasilia,Brasilia,DF,2022-10-06,24.2,30.6,18.7,0.0,0.0,0.0,18.4,10.4,63
brasilia,Brasilia,DF,2022-10-07,21.3,25.8,18.1,13.5,13.5,9.0,20.4,9.2,76
brasilia,Brasilia,DF,2022-10-08,22.8,28.8,18.4,7.5,7.5,4.0,13.4,7.0,70
brasilia,Brasilia,DF,2022-10-09,22.0,27.6,17.6,4.8,4.8,3.0,17.3,9.9,78
brasilia,Brasilia,DF,2022-10-10,23.6,29.7,18.2,0.0,0.0,0.0,20.2,10.7,62
brasilia,Brasilia,DF,2022-10-11,24.3,30.0,19.1,0.0,0.0,0.0,21.9,12.8,44
brasilia,Brasilia,DF,2022-10-12,23.9,30.0,17.6,0.0,0.0,0.0,17.7,10.8,43
brasilia,Brasilia,DF,2022-10-13,23.0,29.4,18.0,0.0,0.0,0.0,18.0,12.3,44
brasilia,Brasilia,DF,2022-10-14,24.0,30.6,17.5,0.0,0.0,0.0,17.2,10.1,46
brasilia,Brasilia,DF,2022-10-15,24.0,31.0,18.1,0.0,0.0,0.0,20.6,13.0,42
brasilia,Brasilia,DF,2022-10-16,23.3,29.2,17.7,0.0,0.0,0.0,20.2,12.0,45
brasilia,Brasilia,DF,2022-10-17,24.2,30.8,18.0,0.0,0.0,0.0,16.2,10.5,41
brasilia,Brasilia,DF,2022-10-18,25.5,31.9,18.8,0.0,0.0,0.0,18.7,9.8,36
brasilia,Brasilia,DF,2022-10-19,26.3,31.9,20.5,0.0,0.0,0.0,19.4,9.1,36
brasilia,Brasilia,DF,2022-10-20,26.4,32.0,21.2,0.0,0.0,0.0,13.9,9.3,37
brasilia,Brasilia,DF,2022-10-21,24.4,30.4,21.2,1.8,1.8,5.0,24.0,10.2,54
brasilia,Brasilia,DF,2022-10-22,23.5,28.7,20.2,2.0,2.0,9.0,18.1,5.6,63
brasilia,Brasilia,DF,2022-10-23,21.0,24.5,18.9,6.7,6.7,19.0,12.6,8.9,81
brasilia,Brasilia,DF,2022-10-24,20.1,23.5,17.8,8.4,8.4,13.0,11.6,7.7,85
brasilia,Brasilia,DF,2022-10-25,22.6,28.3,18.0,0.5,0.5,4.0,11.5,6.9,72
brasilia,Brasilia,DF,2022-10-26,23.5,29.5,17.8,0.7,0.7,4.0,12.7,6.0,64
brasilia,Brasilia,DF,2022-10-27,24.0,29.5,19.1,0.1,0.1,1.0,12.6,7.6,62
brasilia,Brasilia,DF,2022-10-28,23.8,30.4,18.1,2.2,2.2,4.0,14.9,8.4,64
brasilia,Brasilia,DF,2022-10-29,22.8,28.6,19.5,6.0,6.0,11.0,14.3,7.6,72
brasilia,Brasilia,DF,2022-10-30,23.7,28.8,19.5,0.3,0.3,3.0,16.0,7.8,66
brasilia,Brasilia,DF,2022-10-31,23.2,29.0,19.2,6.0,6.0,7.0,14.8,7.4,68
brasilia,Brasilia,DF,2022-11-01,22.0,27.3,19.4,15.4,15.4,17.0,14.8,8.2,78
brasilia,Brasilia,DF,2022-11-02,19.9,23.0,17.4,7.1,7.1,13.0,17.7,13.7,84
brasilia,Brasilia,DF,2022-11-03,18.5,22.0,16.2,3.2,3.2,17.0,19.3,15.6,84
brasilia,Brasilia,DF,2022-11-04,18.0,22.5,14.9,1.1,1.1,9.0,19.8,13.2,80
brasilia,Brasilia,DF,2022-11-05,19.7,24.1,15.1,0.8,0.8,6.0,17.2,7.8,74
brasilia,Brasilia,DF,2022-11-06,21.5,27.1,17.6,1.3,1.3,7.0,10.2,6.1,70
brasilia,Brasilia,DF,2022-11-07,21.4,27.4,17.5,1.6,1.6,5.0,15.3,8.1,74
brasilia,Brasilia,DF,2022-11-08,20.7,25.6,16.5,6.2,6.2,12.0,13.2,6.1,78
brasilia,Brasilia,DF,2022-11-09,21.8,27.9,16.6,6.1,6.1,7.0,13.8,8.2,71
brasilia,Brasilia,DF,2022-11-10,21.6,27.8,16.6,9.9,9.9,9.0,16.7,6.5,78
brasilia,Brasilia,DF,2022-11-11,21.7,26.4,18.4,3.0,3.0,9.0,13.7,6.1,78
brasilia,Brasilia,DF,2022-11-12,21.1,26.7,18.0,7.6,7.6,12.0,13.4,6.8,80
brasilia,Brasilia,DF,2022-11-13,22.3,27.7,18.5,4.7,4.7,4.0,12.9,5.8,78
brasilia,Brasilia,DF,2022-11-14,21.9,27.9,19.0,25.6,25.6,15.0,11.7,5.5,79
brasilia,Brasilia,DF,2022-11-15,21.4,25.1,18.2,8.3,8.3,12.0,11.6,5.5,83
brasilia,Brasilia,DF,2022-11-16,21.3,25.5,18.6,4.5,4.5,12.0,11.8,5.2,82
brasilia,Brasilia,DF,2022-11-17,22.2,27.4,17.8,0.6,0.6,4.0,11.2,6.2,75
brasilia,Brasilia,DF,2022-11-18,22.0,26.7,18.4,3.9,3.9,5.0,13.3,7.0,76
brasilia,Brasilia,DF,2022-11-19,20.6,26.5,17.3,10.5,10.5,7.0,17.8,8.7,80
brasilia,Brasilia,DF,2022-11-20,20.1,25.0,16.8,3.0,3.0,9.0,16.9,9.0,81
brasilia,Brasilia,DF,2022-11-21,21.2,26.6,17.0,17.1,17.1,6.0,16.3,8.1,78
brasilia,Brasilia,DF,2022-11-22,21.4,26.0,17.2,5.5,5.5,12.0,12.5,7.4,80
brasilia,Brasilia,DF,2022-11-23,20.5,23.9,18.5,30.8,30.8,14.0,11.1,4.4,85
brasilia,Brasilia,DF,2022-11-24,20.8,24.8,17.9,26.9,26.9,16.0,14.5,6.0,84
brasilia,Brasilia,DF,2022-11-25,20.7,25.4,17.0,8.7,8.7,10.0,13.8,5.6,83
brasilia,Brasilia,DF,2022-11-26,20.9,24.9,17.4,2.9,2.9,5.0,7.5,5.0,81
brasilia,Brasilia,DF,2022-11-27,21.3,25.1,18.5,8.3,8.3,7.0,11.5,8.2,82
brasilia,Brasilia,DF,2022-11-28,20.7,25.6,17.6,7.2,7.2,12.0,14.3,7.5,82
brasilia,Brasilia,DF,2022-11-29,21.1,26.0,17.0,0.2,0.2,2.0,16.1,10.2,79
brasilia,Brasilia,DF,2022-11-30,20.4,24.1,17.6,0.1,0.1,1.0,22.6,14.6,82
brasilia,Brasilia,DF,2022-12-01,21.7,25.8,17.8,0.7,0.7,3.0,15.8,8.5,77
brasilia,Brasilia,DF,2022-12-02,21.1,24.9,18.1,16.7,16.7,10.0,12.4,7.7,84
brasilia,Brasilia,DF,2022-12-03,20.3,23.1,18.5,9.5,9.5,16.0,13.9,9.5,86
brasilia,Brasilia,DF,2022-12-04,20.7,25.5,18.6,4.1,4.1,12.0,16.1,8.1,80
brasilia,Brasilia,DF,2022-12-05,20.7,26.0,18.2,3.6,3.6,14.0,14.3,9.4,84
brasilia,Brasilia,DF,2022-12-06,20.8,24.2,18.3,4.9,4.9,10.0,14.7,7.6,83
brasilia,Brasilia,DF,2022-12-07,21.8,25.8,18.6,3.3,3.3,11.0,8.9,4.9,81
brasilia,Brasilia,DF,2022-12-08,22.1,27.0,18.4,12.3,12.3,11.0,16.4,6.6,79
brasilia,Brasilia,DF,2022-12-09,21.4,25.3,18.1,16.0,16.0,11.0,13.8,8.1,84
brasilia,Brasilia,DF,2022-12-10,21.3,24.8,18.7,10.7,10.7,16.0,16.9,10.7,83
brasilia,Brasilia,DF,2022-12-11,22.4,27.8,17.8,1.2,1.2,4.0,15.5,8.2,73
brasilia,Brasilia,DF,2022-12-12,22.4,27.4,18.5,1.6,1.6,3.0,20.3,10.0,75
brasilia,Brasilia,DF,2022-12-13,21.9,25.5,18.6,0.6,0.6,4.0,19.1,11.9,78
brasilia,Brasilia,DF,2022-12-14,21.5,24.9,19.1,13.5,13.5,10.0,15.3,9.4,81
brasilia,Brasilia,DF,2022-12-15,20.6,23.0,19.1,2.6,2.6,6.0,14.6,9.8,87
brasilia,Brasilia,DF,2022-12-16,20.2,23.4,18.1,24.8,24.8,20.0,16.0,8.9,88
brasilia,Brasilia,DF,2022-12-17,20.3,23.4,18.5,8.5,8.5,16.0,22.8,12.5,86
brasilia,Brasilia,DF,2022-12-18,20.5,25.0,17.2,5.5,5.5,11.0,17.1,9.5,86
brasilia,Brasilia,DF,2022-12-19,21.1,25.8,18.7,7.6,7.6,14.0,16.3,10.5,85
brasilia,Brasilia,DF,2022-12-20,20.4,23.4,19.0,9.8,9.8,18.0,25.1,16.6,88
brasilia,Brasilia,DF,2022-12-21,19.9,22.5,18.0,8.6,8.6,13.0,17.6,12.2,89
brasilia,Brasilia,DF,2022-12-22,20.6,24.9,17.2,2.1,2.1,9.0,13.5,6.5,82
brasilia,Brasilia,DF,2022-12-23,20.2,25.9,16.8,19.1,19.1,12.0,13.4,5.7,84
brasilia,Brasilia,DF,2022-12-24,20.4,25.5,17.0,11.0,11.0,21.0,13.8,8.9,85
brasilia,Brasilia,DF,2022-12-25,20.4,24.7,18.3,16.1,16.1,22.0,13.7,10.2,88
brasilia,Brasilia,DF,2022-12-26,19.3,21.1,18.5,47.2,47.2,24.0,20.0,11.8,92
brasilia,Brasilia,DF,2022-12-27,20.5,24.2,18.2,3.8,3.8,15.0,12.7,8.8,84
brasilia,Brasilia,DF,2022-12-28,21.4,25.6,19.0,1.2,1.2,3.0,15.3,8.4,81
brasilia,Brasilia,DF,2022-12-29,21.8,25.4,18.6,0.9,0.9,5.0,17.3,8.1,81
brasilia,Brasilia,DF,2022-12-30,21.1,25.5,18.5,10.4,10.4,13.0,14.2,5.5,86
brasilia,Brasilia,DF,2022-12-31,20.9,25.5,17.4,2.9,2.9,7.0,13.8,7.5,84
brasilia,Brasilia,DF,2023-01-01,21.0,26.0,17.6,4.4,4.4,4.0,14.8,8.0,85
brasilia,Brasilia,DF,2023-01-02,22.3,27.5,18.5,6.1,6.1,6.0,15.1,7.5,76
brasilia,Brasilia,DF,2023-01-03,20.7,23.6,17.5,11.7,11.7,16.0,13.6,5.5,84
brasilia,Brasilia,DF,2023-01-04,20.8,24.1,17.1,0.8,0.8,5.0,15.7,9.7,83
brasilia,Brasilia,DF,2023-01-05,21.3,24.8,19.0,3.7,3.7,8.0,16.1,10.5,83
brasilia,Brasilia,DF,2023-01-06,19.8,22.5,18.0,8.6,8.6,20.0,20.8,12.5,89
brasilia,Brasilia,DF,2023-01-07,21.1,25.8,17.0,5.7,5.7,9.0,14.2,7.9,83
brasilia,Brasilia,DF,2023-01-08,21.0,25.2,18.5,8.0,8.0,13.0,14.9,7.5,84
brasilia,Brasilia,DF,2023-01-09,20.6,25.1,17.5,8.3,8.3,11.0,13.7,7.1,84
brasilia,Brasilia,DF,2023-01-10,21.4,26.8,16.8,3.5,3.5,6.0,12.9,5.7,80
brasilia,Brasilia,DF,2023-01-11,21.3,25.8,17.5,4.2,4.2,8.0,15.3,5.8,81
brasilia,Brasilia,DF,2023-01-12,21.2,25.3,18.7,9.3,9.3,12.0,10.2,4.7,83
brasilia,Brasilia,DF,2023-01-13,21.0,25.0,18.0,9.1,9.1,13.0,15.9,6.3,84
brasilia,Brasilia,DF,2023-01-14,21.4,26.0,18.5,6.3,6.3,13.0,14.2,4.8,82
brasilia,Brasilia,DF,2023-01-15,21.6,26.4,17.7,1.5,1.5,7.0,13.8,6.7,82
brasilia,Brasilia,DF,2023-01-16,22.1,27.4,17.5,0.6,0.6,5.0,14.5,8.2,77
brasilia,Brasilia,DF,2023-01-17,21.9,26.8,17.4,0.0,0.0,0.0,14.3,9.1,68
brasilia,Brasilia,DF,2023-01-18,22.1,26.8,18.2,0.6,0.6,2.0,11.4,6.1,72
brasilia,Brasilia,DF,2023-01-19,21.1,25.2,17.1,2.2,2.2,6.0,17.1,4.6,78
brasilia,Brasilia,DF,2023-01-20,20.7,25.8,17.9,21.3,21.3,10.0,15.0,5.2,83
brasilia,Brasilia,DF,2023-01-21,20.8,24.0,17.9,3.0,3.0,6.0,22.7,9.0,83
brasilia,Brasilia,DF,2023-01-22,20.7,25.2,16.7,6.6,6.6,12.0,17.6,10.6,83
brasilia,Brasilia,DF,2023-01-23,21.4,24.9,18.5,4.7,4.7,8.0,18.5,11.5,80
brasilia,Brasilia,DF,2023-01-24,21.6,26.2,18.9,2.6,2.6,11.0,18.9,11.9,81
brasilia,Brasilia,DF,2023-01-25,21.6,26.2,18.7,11.4,11.4,11.0,11.9,5.6,84
brasilia,Brasilia,DF,2023-01-26,21.1,23.7,19.3,21.1,21.1,18.0,14.4,5.7,85
brasilia,Brasilia,DF,2023-01-27,20.7,25.4,18.7,9.0,9.0,19.0,15.9,7.5,84
brasilia,Brasilia,DF,2023-01-28,21.6,25.9,17.8,1.3,1.3,8.0,12.1,6.4,80
brasilia,Brasilia,DF,2023-01-29,21.0,25.6,17.8,10.3,10.3,11.0,18.3,5.3,81
brasilia,Brasilia,DF,2023-01-30,21.1,26.7,17.1,5.7,5.7,9.0,15.6,7.6,82
brasilia,Brasilia,DF,2023-01-31,21.9,26.8,17.1,0.4,0.4,4.0,10.4,7.0,76
brasilia,Brasilia,DF,2023-02-01,22.6,26.6,18.3,0.0,0.0,0.0,13.1,8.4,69
brasilia,Brasilia,DF,2023-02-02,23.4,28.6,18.4,0.0,0.0,0.0,15.5,7.6,63
brasilia,Brasilia,DF,2023-02-03,22.2,26.0,17.8,1.6,1.6,8.0,13.5,6.7,74
brasilia,Brasilia,DF,2023-02-04,21.6,26.4,18.1,8.5,8.5,9.0,9.5,4.6,83
brasilia,Brasilia,DF,2023-02-05,21.6,27.5,18.2,4.6,4.6,9.0,8.6,4.0,81
brasilia,Brasilia,DF,2023-02-06,22.2,26.4,18.2,0.5,0.5,5.0,9.2,5.3,79
brasilia,Brasilia,DF,2023-02-07,23.2,29.0,18.2,0.0,0.0,0.0,9.2,6.4,71
brasilia,Brasilia,DF,2023-02-08,23.8,28.0,19.1,0.1,0.1,1.0,9.9,6.3,65
brasilia,Brasilia,DF,2023-02-09,22.6,28.1,18.4,1.1,1.1,6.0,13.9,6.9,74
brasilia,Brasilia,DF,2023-02-10,23.4,27.2,19.1,0.5,0.5,3.0,11.9,7.0,68
brasilia,Brasilia,DF,2023-02-11,23.3,28.3,19.1,0.2,0.2,2.0,10.8,7.1,68
brasilia,Brasilia,DF,2023-02-12,24.0,28.2,19.5,0.7,0.7,4.0,14.2,7.4,65
brasilia,Brasilia,DF,2023-02-13,24.0,29.2,19.3,0.2,0.2,2.0,12.7,6.8,68
brasilia,Brasilia,DF,2023-02-14,24.3,29.7,18.9,0.0,0.0,0.0,11.5,7.2,63
brasilia,Brasilia,DF,2023-02-15,25.5,30.6,19.2,0.0,0.0,0.0,12.8,6.8,52
brasilia,Brasilia,DF,2023-02-16,24.3,29.9,19.4,0.1,0.1,1.0,13.0,8.0,65
brasilia,Brasilia,DF,2023-02-17,23.3,26.7,19.5,0.5,0.5,4.0,9.1,6.4,70
brasilia,Brasilia,DF,2023-02-18,20.6,23.4,19.0,11.3,11.3,13.0,10.9,5.5,87
brasilia,Brasilia,DF,2023-02-19,22.5,27.5,18.0,0.7,0.7,6.0,17.3,11.5,76
brasilia,Brasilia,DF,2023-02-20,22.0,27.2,17.9,1.0,1.0,6.0,16.6,8.9,74
brasilia,Brasilia,DF,2023-02-21,21.6,27.3,17.0,1.5,1.5,7.0,14.8,6.1,78
brasilia,Brasilia,DF,2023-02-22,21.2,26.9,18.2,4.7,4.7,9.0,14.8,5.5,85
brasilia,Brasilia,DF,2023-02-23,21.8,26.5,19.0,5.5,5.5,16.0,11.1,6.4,83
brasilia,Brasilia,DF,2023-02-24,22.1,27.4,19.0,3.3,3.3,9.0,10.5,6.2,81
brasilia,Brasilia,DF,2023-02-25,22.5,28.0,18.4,0.4,0.4,3.0,12.0,7.0,78
brasilia,Brasilia,DF,2023-02-26,23.8,29.8,19.0,0.2,0.2,2.0,14.5,8.1,68
brasilia,Brasilia,DF,2023-02-27,24.0,30.1,19.1,0.0,0.0,0.0,18.6,10.0,61
brasilia,Brasilia,DF,2023-02-28,23.5,29.1,18.4,0.0,0.0,0.0,16.8,8.7,65
brasilia,Brasilia,DF,2023-03-01,22.0,28.2,18.9,8.2,8.2,4.0,11.1,6.1,77
brasilia,Brasilia,DF,2023-03-02,21.8,27.5,18.0,2.6,2.6,7.0,11.4,6.8,81
brasilia,Brasilia,DF,2023-03-03,22.0,26.6,18.9,2.1,2.1,7.0,13.8,6.7,81
brasilia,Brasilia,DF,2023-03-04,22.7,28.4,17.5,0.1,0.1,1.0,16.4,8.3,71
brasilia,Brasilia,DF,2023-03-05,23.7,28.2,19.1,0.0,0.0,0.0,9.6,5.5,61
brasilia,Brasilia,DF,2023-03-06,23.7,28.0,18.8,0.0,0.0,0.0,10.5,5.4,64
brasilia,Brasilia,DF,2023-03-07,21.4,27.0,19.5,13.8,13.8,10.0,16.2,6.0,84
brasilia,Brasilia,DF,2023-03-08,21.2,25.5,18.1,5.2,5.2,12.0,15.7,9.1,84
brasilia,Brasilia,DF,2023-03-09,21.6,24.6,19.4,3.2,3.2,12.0,12.8,7.2,81
brasilia,Brasilia,DF,2023-03-10,21.4,25.2,18.5,8.6,8.6,10.0,10.9,5.6,84
brasilia,Brasilia,DF,2023-03-11,21.8,25.8,19.2,3.4,3.4,4.0,15.3,8.0,83
brasilia,Brasilia,DF,2023-03-12,21.1,25.5,18.1,16.2,16.2,9.0,15.0,7.8,86
brasilia,Brasilia,DF,2023-03-13,21.4,25.5,19.4,19.7,19.7,18.0,8.4,5.3,86
brasilia,Brasilia,DF,2023-03-14,21.0,25.5,17.9,3.3,3.3,7.0,10.9,6.0,83
brasilia,Brasilia,DF,2023-03-15,20.6,24.7,18.0,5.8,5.8,8.0,15.5,8.1,86
brasilia,Brasilia,DF,2023-03-16,21.3,25.1,18.1,1.4,1.4,6.0,14.2,7.2,82
brasilia,Brasilia,DF,2023-03-17,20.5,23.4,18.5,4.1,4.1,11.0,14.0,7.3,85
brasilia,Brasilia,DF,2023-03-18,20.8,24.4,18.1,0.7,0.7,5.0,15.4,8.3,81
brasilia,Brasilia,DF,2023-03-19,20.6,25.2,17.4,3.8,3.8,13.0,16.6,8.7,80
brasilia,Brasilia,DF,2023-03-20,19.6,23.5,18.0,8.8,8.8,8.0,15.4,6.4,88
brasilia,Brasilia,DF,2023-03-21,20.1,23.7,17.7,20.1,20.1,14.0,17.3,7.6,84
brasilia,Brasilia,DF,2023-03-22,21.4,25.3,18.0,0.6,0.6,4.0,16.6,8.6,79
brasilia,Brasilia,DF,2023-03-23,21.2,25.0,18.0,1.2,1.2,7.0,17.3,9.5,80
brasilia,Brasilia,DF,2023-03-24,21.7,26.4,17.6,0.2,0.2,2.0,16.0,9.4,71
brasilia,Brasilia,DF,2023-03-25,22.6,27.6,17.8,0.0,0.0,0.0,14.8,8.2,57
brasilia,Brasilia,DF,2023-03-26,22.4,27.6,17.5,0.0,0.0,0.0,15.2,9.3,64
brasilia,Brasilia,DF,2023-03-27,23.6,28.4,19.4,0.0,0.0,0.0,11.5,6.9,61
brasilia,Brasilia,DF,2023-03-28,23.3,27.6,19.5,0.2,0.2,2.0,12.5,6.7,71
brasilia,Brasilia,DF,2023-03-29,22.5,27.5,18.3,0.0,0.0,0.0,18.0,10.0,69
brasilia,Brasilia,DF,2023-03-30,22.8,27.3,17.5,0.0,0.0,0.0,13.8,7.1,58
brasilia,Brasilia,DF,2023-03-31,24.2,28.4,20.0,0.0,0.0,0.0,10.8,4.8,55
brasilia,Brasilia,DF,2023-04-01,23.3,28.0,18.3,0.0,0.0,0.0,10.1,5.9,62
brasilia,Brasilia,DF,2023-04-02,21.3,27.0,18.5,14.5,14.5,9.0,10.5,5.1,77
brasilia,Brasilia,DF,2023-04-03,20.4,24.6,17.5,3.6,3.6,9.0,12.8,7.2,80
brasilia,Brasilia,DF,2023-04-04,19.8,24.4,17.4,6.6,6.6,7.0,15.6,8.2,85
brasilia,Brasilia,DF,2023-04-05,20.3,25.0,17.1,7.3,7.3,9.0,13.7,7.4,84
brasilia,Brasilia,DF,2023-04-06,20.8,26.2,15.9,7.4,7.4,6.0,16.5,7.1,81
brasilia,Brasilia,DF,2023-04-07,20.7,25.1,18.3,2.6,2.6,9.0,12.8,4.9,85
brasilia,Brasilia,DF,2023-04-08,21.6,26.0,19.0,0.9,0.9,4.0,7.4,3.9,82
brasilia,Brasilia,DF,2023-04-09,21.2,26.1,18.1,3.6,3.6,3.0,15.8,8.4,85
brasilia,Brasilia,DF,2023-04-10,20.7,25.5,17.8,2.7,2.7,5.0,13.3,8.8,87
brasilia,Brasilia,DF,2023-04-11,20.6,24.5,18.2,9.9,9.9,16.0,17.9,9.2,87
brasilia,Brasilia,DF,2023-04-12,21.1,26.2,18.2,1.3,1.3,6.0,13.3,6.6,86
brasilia,Brasilia,DF,2023-04-13,21.0,26.9,17.6,5.5,5.5,4.0,14.9,7.5,86
brasilia,Brasilia,DF,2023-04-14,21.9,27.1,17.9,0.4,0.4,4.0,11.5,6.2,80
brasilia,Brasilia,DF,2023-04-15,22.3,27.1,17.4,0.1,0.1,1.0,8.8,5.1,77
brasilia,Brasilia,DF,2023-04-16,22.3,27.2,18.6,0.3,0.3,2.0,11.0,6.1,79
brasilia,Brasilia,DF,2023-04-17,22.2,26.1,18.5,0.5,0.5,2.0,8.4,5.7,78
brasilia,Brasilia,DF,2023-04-18,22.4,26.8,19.0,2.3,2.3,6.0,15.3,8.1,78
brasilia,Brasilia,DF,2023-04-19,21.8,25.6,19.0,1.2,1.2,5.0,20.9,13.8,82
brasilia,Brasilia,DF,2023-04-20,20.9,25.0,18.0,1.9,1.9,13.0,12.1,8.6,81
brasilia,Brasilia,DF,2023-04-21,20.5,26.3,16.8,2.6,2.6,4.0,15.2,10.0,75
brasilia,Brasilia,DF,2023-04-22,19.8,23.0,17.6,1.4,1.4,8.0,18.8,13.8,86
brasilia,Brasilia,DF,2023-04-23,19.5,23.7,16.0,0.7,0.7,6.0,20.9,13.3,81
brasilia,Brasilia,DF,2023-04-24,19.8,23.4,16.6,0.1,0.1,1.0,23.8,13.7,78
brasilia,Brasilia,DF,2023-04-25,20.5,25.5,16.5,0.4,0.4,4.0,18.3,10.2,75
brasilia,Brasilia,DF,2023-04-26,21.2,26.6,16.6,0.0,0.0,0.0,13.0,7.7,73
brasilia,Brasilia,DF,2023-04-27,22.3,26.8,18.8,0.0,0.0,0.0,8.0,4.7,67
brasilia,Brasilia,DF,2023-04-28,21.6,26.5,18.5,3.2,3.2,8.0,17.0,5.1,77
brasilia,Brasilia,DF,2023-04-29,21.8,26.2,18.0,0.8,0.8,4.0,12.1,5.5,77
brasilia,Brasilia,DF,2023-04-30,20.5,24.5,17.5,2.0,2.0,8.0,11.9,6.0,81
brasilia,Brasilia,DF,2023-05-01,20.8,27.0,16.4,0.1,0.1,1.0,13.7,5.9,71
brasilia,Brasilia,DF,2023-05-02,20.5,26.5,15.7,0.0,0.0,0.0,10.1,5.9,61
brasilia,Brasilia,DF,2023-05-03,20.2,25.8,15.0,0.0,0.0,0.0,9.4,7.0,63
brasilia,Brasilia,DF,2023-05-04,21.2,26.1,16.2,0.0,0.0,0.0,13.7,7.4,69
brasilia,Brasilia,DF,2023-05-05,21.8,27.0,17.2,0.0,0.0,0.0,15.5,8.9,68
brasilia,Brasilia,DF,2023-05-06,21.0,26.6,16.3,0.0,0.0,0.0,15.8,9.8,67
brasilia,Brasilia,DF,2023-05-07,20.4,26.0,16.0,0.0,0.0,0.0,14.4,9.5,67
brasilia,Brasilia,DF,2023-05-08,21.1,26.0,16.3,0.0,0.0,0.0,13.0,6.5,64
brasilia,Brasilia,DF,2023-05-09,21.3,27.0,16.3,0.0,0.0,0.0,12.0,6.7,65
brasilia,Brasilia,DF,2023-05-10,21.5,26.0,16.9,0.0,0.0,0.0,9.7,5.7,63
brasilia,Brasilia,DF,2023-05-11,21.4,26.8,16.0,0.0,0.0,0.0,11.3,6.2,66
brasilia,Brasilia,DF,2023-05-12,21.7,27.1,17.8,0.2,0.2,2.0,10.8,6.2,69
brasilia,Brasilia,DF,2023-05-13,20.7,25.8,16.3,0.1,0.1,1.0,10.2,7.0,64
brasilia,Brasilia,DF,2023-05-14,20.6,26.1,15.4,0.0,0.0,0.0,11.5,7.0,60
brasilia,Brasilia,DF,2023-05-15,21.1,26.5,15.8,0.0,0.0,0.0,9.4,6.4,64
brasilia,Brasilia,DF,2023-05-16,20.9,26.1,15.8,0.0,0.0,0.0,10.7,6.3,63
brasilia,Brasilia,DF,2023-05-17,20.6,26.0,15.6,0.0,0.0,0.0,12.3,6.6,65
brasilia,Brasilia,DF,2023-05-18,20.4,25.9,15.4,0.0,0.0,0.0,12.2,6.9,59
brasilia,Brasilia,DF,2023-05-19,19.5,25.6,14.3,0.0,0.0,0.0,11.4,7.4,58
brasilia,Brasilia,DF,2023-05-20,18.8,24.9,14.1,0.0,0.0,0.0,12.2,8.2,61
brasilia,Brasilia,DF,2023-05-21,18.3,24.0,13.6,0.0,0.0,0.0,15.4,9.7,63
brasilia,Brasilia,DF,2023-05-22,18.6,24.4,13.1,0.0,0.0,0.0,10.4,7.8,60
brasilia,Brasilia,DF,2023-05-23,18.8,24.5,14.2,0.0,0.0,0.0,14.0,10.0,64
brasilia,Brasilia,DF,2023-05-24,19.0,24.6,14.0,0.0,0.0,0.0,18.6,10.1,66
brasilia,Brasilia,DF,2023-05-25,19.2,24.0,15.1,0.1,0.1,1.0,20.3,11.7,69
brasilia,Brasilia,DF,2023-05-26,19.5,25.0,14.9,0.0,0.0,0.0,21.1,11.4,70
brasilia,Brasilia,DF,2023-05-27,20.1,24.4,16.2,0.6,0.6,5.0,15.9,7.6,72
brasilia,Brasilia,DF,2023-05-28,20.8,25.5,16.4,0.0,0.0,0.0,9.1,5.4,68
brasilia,Brasilia,DF,2023-05-29,21.9,26.4,17.9,0.0,0.0,0.0,8.8,5.6,61
brasilia,Brasilia,DF,2023-05-30,21.0,26.9,16.5,0.0,0.0,0.0,18.0,10.1,63
brasilia,Brasilia,DF,2023-05-31,21.1,26.4,15.9,0.5,0.5,5.0,11.4,6.1,66
brasilia,Brasilia,DF,2023-06-01,20.4,25.1,16.5,0.8,0.8,6.0,11.1,7.4,75
brasilia,Brasilia,DF,2023-06-02,20.2,25.5,15.6,0.0,0.0,0.0,13.0,8.3,68
brasilia,Brasilia,DF,2023-06-03,19.8,25.2,15.0,0.0,0.0,0.0,14.5,9.3,63
brasilia,Brasilia,DF,2023-06-04,18.8,24.6,13.9,0.0,0.0,0.0,12.1,7.7,63
brasilia,Brasilia,DF,2023-06-05,18.7,24.2,13.4,0.0,0.0,0.0,12.1,7.3,62
brasilia,Brasilia,DF,2023-06-06,19.4,25.7,14.1,0.0,0.0,0.0,12.6,8.0,59
brasilia,Brasilia,DF,2023-06-07,19.0,24.7,14.1,0.0,0.0,0.0,12.7,8.3,60
brasilia,Brasilia,DF,2023-06-08,19.5,25.3,14.4,0.0,0.0,0.0,13.9,7.9,61
brasilia,Brasilia,DF,2023-06-09,19.8,25.2,14.7,0.0,0.0,0.0,13.1,7.3,65
brasilia,Brasilia,DF,2023-06-10,20.6,26.2,15.6,0.0,0.0,0.0,12.7,7.8,65
brasilia,Brasilia,DF,2023-06-11,21.5,27.0,15.9,0.0,0.0,0.0,10.1,6.3,61
brasilia,Brasilia,DF,2023-06-12,22.1,27.0,16.8,0.3,0.3,3.0,11.5,6.7,58
brasilia,Brasilia,DF,2023-06-13,22.4,27.2,18.3,0.0,0.0,0.0,10.1,6.4,57
brasilia,Brasilia,DF,2023-06-14,21.9,27.3,17.5,0.0,0.0,0.0,14.3,8.3,56
brasilia,Brasilia,DF,2023-06-15,21.9,27.5,17.0,0.0,0.0,0.0,14.0,7.7,55
brasilia,Brasilia,DF,2023-06-16,20.0,25.5,16.2,0.3,0.3,1.0,17.5,8.9,74
brasilia,Brasilia,DF,2023-06-17,18.4,22.3,16.2,5.6,5.6,9.0,12.0,8.8,84
brasilia,Brasilia,DF,2023-06-18,18.9,24.5,14.1,0.0,0.0,0.0,10.5,6.7,68
brasilia,Brasilia,DF,2023-06-19,19.3,25.0,14.5,0.0,0.0,0.0,15.6,9.0,67
brasilia,Brasilia,DF,2023-06-20,18.7,24.2,14.1,0.0,0.0,0.0,14.1,8.6,64
brasilia,Brasilia,DF,2023-06-21,18.0,23.8,12.9,0.0,0.0,0.0,11.9,8.4,63
brasilia,Brasilia,DF,2023-06-22,17.7,23.8,13.0,0.0,0.0,0.0,13.3,8.4,65
brasilia,Brasilia,DF,2023-06-23,18.2,24.2,13.2,0.0,0.0,0.0,11.6,8.5,62
brasilia,Brasilia,DF,2023-06-24,18.6,24.5,13.9,0.0,0.0,0.0,11.4,8.0,60
brasilia,Brasilia,DF,2023-06-25,18.1,23.1,13.8,0.0,0.0,0.0,13.1,8.8,62
brasilia,Brasilia,DF,2023-06-26,18.3,24.1,13.9,0.0,0.0,0.0,17.7,9.1,67
brasilia,Brasilia,DF,2023-06-27,18.6,24.8,13.3,0.0,0.0,0.0,16.8,8.9,66
brasilia,Brasilia,DF,2023-06-28,18.6,24.3,14.1,0.0,0.0,0.0,12.2,9.2,57
brasilia,Brasilia,DF,2023-06-29,18.1,24.4,12.9,0.0,0.0,0.0,17.7,10.1,59
brasilia,Brasilia,DF,2023-06-30,18.7,24.4,13.6,0.4,0.4,3.0,17.8,9.7,64
brasilia,Brasilia,DF,2023-07-01,18.9,24.6,14.5,0.0,0.0,0.0,12.6,8.4,60
brasilia,Brasilia,DF,2023-07-02,18.6,24.2,13.4,0.0,0.0,0.0,14.8,8.6,54
brasilia,Brasilia,DF,2023-07-03,18.8,24.6,13.5,0.0,0.0,0.0,14.7,8.9,51
brasilia,Brasilia,DF,2023-07-04,18.2,24.8,13.2,0.0,0.0,0.0,14.8,10.1,56
brasilia,Brasilia,DF,2023-07-05,17.3,23.0,12.8,0.0,0.0,0.0,15.9,10.3,57
brasilia,Brasilia,DF,2023-07-06,17.3,23.1,11.9,0.0,0.0,0.0,12.1,7.8,54
brasilia,Brasilia,DF,2023-07-07,18.4,24.7,12.2,0.0,0.0,0.0,9.9,6.7,52
brasilia,Brasilia,DF,2023-07-08,20.6,27.4,16.5,0.0,0.0,0.0,14.3,5.4,44
brasilia,Brasilia,DF,2023-07-09,20.8,25.9,15.8,0.0,0.0,0.0,9.8,5.1,42
brasilia,Brasilia,DF,2023-07-10,21.8,28.0,17.0,0.0,0.0,0.0,10.1,6.7,39
brasilia,Brasilia,DF,2023-07-11,22.6,28.0,17.1,0.0,0.0,0.0,10.8,5.4,40
brasilia,Brasilia,DF,2023-07-12,22.5,27.4,19.0,0.0,0.0,0.0,11.8,4.4,42
brasilia,Brasilia,DF,2023-07-13,22.1,28.6,15.4,0.0,0.0,0.0,14.9,8.7,42
brasilia,Brasilia,DF,2023-07-14,20.1,25.3,14.8,0.0,0.0,0.0,13.1,10.1,60
brasilia,Brasilia,DF,2023-07-15,20.9,27.8,14.9,0.0,0.0,0.0,14.1,8.4,58
brasilia,Brasilia,DF,2023-07-16,22.4,27.9,17.0,0.0,0.0,0.0,11.6,6.2,50
brasilia,Brasilia,DF,2023-07-17,22.6,27.4,17.6,0.0,0.0,0.0,10.5,7.1,48
brasilia,Brasilia,DF,2023-07-18,22.6,28.0,18.6,0.0,0.0,0.0,13.3,8.0,44
brasilia,Brasilia,DF,2023-07-19,22.3,28.8,17.0,0.0,0.0,0.0,20.6,10.5,44
brasilia,Brasilia,DF,2023-07-20,20.3,26.1,15.8,0.0,0.0,0.0,27.3,16.5,50
brasilia,Brasilia,DF,2023-07-21,18.6,23.6,14.4,0.4,0.4,4.0,27.6,18.1,68
brasilia,Brasilia,DF,2023-07-22,18.5,24.0,14.3,0.1,0.1,1.0,20.7,13.9,65
brasilia,Brasilia,DF,2023-07-23,19.2,25.1,13.9,0.0,0.0,0.0,18.8,11.7,57
brasilia,Brasilia,DF,2023-07-24,19.4,24.4,14.9,0.0,0.0,0.0,14.4,9.7,64
brasilia,Brasilia,DF,2023-07-25,20.0,25.6,14.8,0.0,0.0,0.0,16.4,9.9,61
brasilia,Brasilia,DF,2023-07-26,20.6,26.4,14.9,0.0,0.0,0.0,12.3,8.0,46
brasilia,Brasilia,DF,2023-07-27,21.1,27.0,16.0,0.0,0.0,0.0,15.6,9.0,42
brasilia,Brasilia,DF,2023-07-28,21.3,26.9,16.2,0.0,0.0,0.0,11.2,7.9,51
brasilia,Brasilia,DF,2023-07-29,22.0,27.2,17.2,0.0,0.0,0.0,12.7,7.1,46
brasilia,Brasilia,DF,2023-07-30,21.6,27.4,16.5,0.0,0.0,0.0,17.0,9.9,48
brasilia,Brasilia,DF,2023-07-31,21.1,27.2,15.6,0.0,0.0,0.0,13.7,9.1,50
brasilia,Brasilia,DF,2023-08-01,20.9,27.0,15.9,0.0,0.0,0.0,15.8,9.7,49
brasilia,Brasilia,DF,2023-08-02,20.5,26.4,15.4,0.0,0.0,0.0,13.3,8.8,49
brasilia,Brasilia,DF,2023-08-03,21.5,27.5,15.9,0.0,0.0,0.0,11.2,6.1,40
brasilia,Brasilia,DF,2023-08-04,22.4,27.9,17.9,0.0,0.0,0.0,10.8,6.1,35
brasilia,Brasilia,DF,2023-08-05,22.9,28.6,17.3,0.0,0.0,0.0,12.0,7.9,35
brasilia,Brasilia,DF,2023-08-06,22.0,28.8,16.6,0.0,0.0,0.0,15.4,10.5,37
brasilia,Brasilia,DF,2023-08-07,21.7,29.1,15.6,0.0,0.0,0.0,12.9,8.2,36
brasilia,Brasilia,DF,2023-08-08,23.0,29.5,17.1,0.0,0.0,0.0,18.0,9.9,34
brasilia,Brasilia,DF,2023-08-09,22.1,28.8,16.4,0.0,0.0,0.0,19.8,12.7,44
brasilia,Brasilia,DF,2023-08-10,22.0,28.5,16.4,0.0,0.0,0.0,13.8,9.8,47
brasilia,Brasilia,DF,2023-08-11,22.4,29.4,16.6,0.0,0.0,0.0,14.2,9.6,42
brasilia,Brasilia,DF,2023-08-12,22.7,29.6,16.8,0.0,0.0,0.0,16.2,10.9,40
brasilia,Brasilia,DF,2023-08-13,22.6,28.6,17.1,0.0,0.0,0.0,15.0,10.3,42
brasilia,Brasilia,DF,2023-08-14,21.8,27.5,17.4,0.0,0.0,0.0,20.0,13.4,44
brasilia,Brasilia,DF,2023-08-15,20.8,26.5,16.4,0.0,0.0,0.0,20.9,14.2,45
brasilia,Brasilia,DF,2023-08-16,20.6,26.9,15.9,0.0,0.0,0.0,21.2,14.9,47
brasilia,Brasilia,DF,2023-08-17,20.7,26.5,15.4,0.0,0.0,0.0,17.9,10.9,51
brasilia,Brasilia,DF,2023-08-18,22.1,29.0,15.5,0.0,0.0,0.0,12.5,7.2,45
brasilia,Brasilia,DF,2023-08-19,23.3,29.5,17.1,0.0,0.0,0.0,14.4,8.3,40
brasilia,Brasilia,DF,2023-08-20,23.1,30.6,16.4,0.0,0.0,0.0,16.3,9.4,47
brasilia,Brasilia,DF,2023-08-21,21.6,28.9,15.4,0.0,0.0,0.0,18.1,8.9,56
brasilia,Brasilia,DF,2023-08-22,23.4,30.0,17.0,0.0,0.0,0.0,12.2,6.9,43
brasilia,Brasilia,DF,2023-08-23,25.6,32.5,19.1,0.0,0.0,0.0,13.7,7.3,27
brasilia,Brasilia,DF,2023-08-24,25.3,31.4,19.4,0.0,0.0,0.0,13.7,8.4,37
brasilia,Brasilia,DF,2023-08-25,25.4,30.7,20.1,0.4,0.4,1.0,11.5,7.3,47
brasilia,Brasilia,DF,2023-08-26,24.2,29.6,19.6,2.3,2.3,6.0,11.0,7.0,55
brasilia,Brasilia,DF,2023-08-27,22.0,29.7,19.1,12.2,12.2,10.0,21.7,8.0,72
brasilia,Brasilia,DF,2023-08-28,21.0,25.9,18.6,4.7,4.7,12.0,17.4,6.6,82
brasilia,Brasilia,DF,2023-08-29,21.7,27.4,18.1,21.6,21.6,9.0,13.6,7.1,81
brasilia,Brasilia,DF,2023-08-30,21.1,26.3,17.8,9.4,9.4,7.0,15.5,6.1,83
brasilia,Brasilia,DF,2023-08-31,22.6,28.4,16.7,0.3,0.3,1.0,12.6,4.7,71
brasilia,Brasilia,DF,2023-09-01,22.6,28.6,18.5,0.8,0.8,2.0,15.3,8.3,72
brasilia,Brasilia,DF,2023-09-02,22.8,28.1,17.2,1.1,1.1,5.0,16.3,8.4,73
brasilia,Brasilia,DF,2023-09-03,24.0,28.7,20.1,0.0,0.0,0.0,14.5,7.9,62
brasilia,Brasilia,DF,2023-09-04,25.3,30.0,19.6,0.4,0.4,4.0,10.4,5.7,51
brasilia,Brasilia,DF,2023-09-05,24.7,29.8,19.6,0.3,0.3,3.0,16.9,5.9,57
brasilia,Brasilia,DF,2023-09-06,23.2,28.2,18.9,0.6,0.6,4.0,23.0,15.6,62
brasilia,Brasilia,DF,2023-09-07,21.8,27.0,17.9,0.0,0.0,0.0,23.2,14.9,53
brasilia,Brasilia,DF,2023-09-08,21.9,27.8,16.5,0.0,0.0,0.0,17.2,8.9,54
brasilia,Brasilia,DF,2023-09-09,23.0,29.2,17.9,0.0,0.0,0.0,12.7,8.9,46
brasilia,Brasilia,DF,2023-09-10,23.3,29.9,17.6,0.0,0.0,0.0,17.0,11.2,41
brasilia,Brasilia,DF,2023-09-11,22.8,29.0,16.6,0.0,0.0,0.0,18.9,10.6,40
brasilia,Brasilia,DF,2023-09-12,24.0,29.8,17.1,0.0,0.0,0.0,14.2,8.0,43
brasilia,Brasilia,DF,2023-09-13,25.7,31.4,20.6,0.0,0.0,0.0,13.4,9.3,38
brasilia,Brasilia,DF,2023-09-14,24.8,30.2,20.2,0.1,0.1,1.0,13.6,8.2,45
brasilia,Brasilia,DF,2023-09-15,23.3,29.2,18.7,0.0,0.0,0.0,14.3,9.3,60
brasilia,Brasilia,DF,2023-09-16,22.7,29.0,19.2,10.2,10.2,6.0,20.4,8.2,66
brasilia,Brasilia,DF,2023-09-17,24.4,30.9,19.2,0.1,0.1,1.0,15.9,10.1,54
brasilia,Brasilia,DF,2023-09-18,24.3,30.5,18.4,0.0,0.0,0.0,15.3,10.2,52
brasilia,Brasilia,DF,2023-09-19,25.8,31.9,19.5,0.0,0.0,0.0,14.1,8.4,39
brasilia,Brasilia,DF,2023-09-20,25.8,32.5,20.1,0.0,0.0,0.0,13.9,10.6,37
brasilia,Brasilia,DF,2023-09-21,25.3,31.0,19.2,0.0,0.0,0.0,14.4,9.8,39
brasilia,Brasilia,DF,2023-09-22,25.6,32.2,19.4,0.0,0.0,0.0,15.1,9.4,39
brasilia,Brasilia,DF,2023-09-23,27.0,33.5,20.0,0.0,0.0,0.0,14.1,8.1,36
brasilia,Brasilia,DF,2023-09-24,28.3,33.7,22.5,0.0,0.0,0.0,16.2,7.5,31
brasilia,Brasilia,DF,2023-09-25,27.9,33.9,21.9,0.0,0.0,0.0,11.2,7.0,36
brasilia,Brasilia,DF,2023-09-26,28.1,33.8,21.0,0.3,0.3,2.0,10.4,7.4,41
brasilia,Brasilia,DF,2023-09-27,25.8,32.5,21.7,1.3,1.3,3.0,14.7,9.8,57
brasilia,Brasilia,DF,2023-09-28,24.6,30.4,20.4,9.7,9.7,9.0,11.6,5.2,74
brasilia,Brasilia,DF,2023-09-29,23.1,28.0,19.9,1.6,1.6,5.0,15.0,5.9,80
brasilia,Brasilia,DF,2023-09-30,24.9,31.1,20.7,0.4,0.4,2.0,15.8,7.8,68
brasilia,Brasilia,DF,2023-10-01,25.9,31.6,20.1,6.1,6.1,2.0,18.2,7.6,58
brasilia,Brasilia,DF,2023-10-02,22.8,26.6,20.2,5.3,5.3,10.0,14.0,8.7,79
brasilia,Brasilia,DF,2023-10-03,22.4,26.9,20.1,18.3,18.3,14.0,11.9,7.2,78
brasilia,Brasilia,DF,2023-10-04,23.9,30.6,18.4,0.5,0.5,2.0,15.2,6.0,67
brasilia,Brasilia,DF,2023-10-05,24.3,30.5,19.5,0.4,0.4,2.0,11.9,6.5,67
brasilia,Brasilia,DF,2023-10-06,23.9,28.6,20.2,6.8,6.8,9.0,15.4,6.4,74
brasilia,Brasilia,DF,2023-10-07,23.8,29.9,19.6,4.8,4.8,6.0,11.0,5.6,74
brasilia,Brasilia,DF,2023-10-08,24.8,30.4,19.2,0.8,0.8,4.0,11.2,6.3,68
brasilia,Brasilia,DF,2023-10-09,23.9,29.0,21.6,9.7,9.7,7.0,14.7,6.2,74
brasilia,Brasilia,DF,2023-10-10,25.7,32.1,21.1,0.5,0.5,2.0,14.6,7.9,66
brasilia,Brasilia,DF,2023-10-11,25.9,30.5,21.1,0.0,0.0,0.0,18.6,9.0,60
brasilia,Brasilia,DF,2023-10-12,26.9,32.0,20.9,0.0,0.0,0.0,13.4,6.0,52
brasilia,Brasilia,DF,2023-10-13,25.3,31.2,21.1,0.5,0.5,4.0,12.7,7.1,65
brasilia,Brasilia,DF,2023-10-14,25.8,31.6,20.3,0.2,0.2,1.0,16.2,10.6,61
brasilia,Brasilia,DF,2023-10-15,25.8,30.7,21.5,0.0,0.0,0.0,20.9,13.6,53
brasilia,Brasilia,DF,2023-10-16,25.3,30.7,20.3,0.0,0.0,0.0,20.0,13.2,46
brasilia,Brasilia,DF,2023-10-17,25.9,32.2,20.0,0.0,0.0,0.0,14.8,10.0,41
brasilia,Brasilia,DF,2023-10-18,27.3,32.8,21.1,0.0,0.0,0.0,18.5,8.6,34
brasilia,Brasilia,DF,2023-10-19,28.4,34.1,22.5,0.0,0.0,0.0,12.9,7.6,34
brasilia,Brasilia,DF,2023-10-20,26.7,33.3,22.5,1.2,1.2,5.0,24.7,10.2,48
brasilia,Brasilia,DF,2023-10-21,24.8,32.6,20.0,6.3,6.3,5.0,13.0,7.8,66
brasilia,Brasilia,DF,2023-10-22,25.0,29.9,20.8,0.5,0.5,4.0,23.3,10.6,63
brasilia,Brasilia,DF,2023-10-23,26.0,31.8,20.2,0.0,0.0,0.0,16.3,8.2,51
brasilia,Brasilia,DF,2023-10-24,26.5,31.4,21.4,2.2,2.2,4.0,15.9,7.2,51
brasilia,Brasilia,DF,2023-10-25,25.6,32.5,20.4,0.1,0.1,1.0,18.1,10.3,59
brasilia,Brasilia,DF,2023-10-26,23.0,27.1,19.8,19.3,19.3,15.0,16.5,8.0,78
brasilia,Brasilia,DF,2023-10-27,23.1,29.3,19.5,10.0,10.0,5.0,20.7,7.4,76
brasilia,Brasilia,DF,2023-10-28,23.6,28.1,20.0,0.6,0.6,6.0,10.9,5.9,77
brasilia,Brasilia,DF,2023-10-29,25.1,30.1,20.2,0.6,0.6,3.0,12.4,6.2,71
brasilia,Brasilia,DF,2023-10-30,25.7,31.6,20.9,0.1,0.1,1.0,12.9,6.2,62
brasilia,Brasilia,DF,2023-10-31,25.4,30.0,20.5,1.4,1.4,7.0,15.0,5.0,62
brasilia,Brasilia,DF,2023-11-01,24.4,30.8,19.9,1.8,1.8,11.0,10.8,6.3,70
brasilia,Brasilia,DF,2023-11-02,24.1,30.9,19.9,5.0,5.0,6.0,13.2,7.0,73
brasilia,Brasilia,DF,2023-11-03,23.0,28.5,20.5,13.2,13.2,16.0,12.6,5.4,81
brasilia,Brasilia,DF,2023-11-04,24.0,29.5,19.9,1.9,1.9,3.0,11.2,3.8,75
brasilia,Brasilia,DF,2023-11-05,23.1,29.3,18.8,6.4,6.4,5.0,18.9,7.4,79
brasilia,Brasilia,DF,2023-11-06,24.5,30.0,19.9,0.4,0.4,3.0,16.6,9.9,71
brasilia,Brasilia,DF,2023-11-07,24.3,29.1,20.0,0.8,0.8,4.0,17.7,9.8,69
brasilia,Brasilia,DF,2023-11-08,23.9,29.0,19.0,0.0,0.0,0.0,14.5,8.9,61
brasilia,Brasilia,DF,2023-11-09,24.5,30.5,19.3,0.0,0.0,0.0,14.0,8.2,45
brasilia,Brasilia,DF,2023-11-10,26.1,32.3,19.0,0.0,0.0,0.0,15.3,9.4,37
brasilia,Brasilia,DF,2023-11-11,27.1,33.2,20.4,0.0,0.0,0.0,18.6,9.0,39
brasilia,Brasilia,DF,2023-11-12,28.0,33.2,21.9,0.0,0.0,0.0,16.6,8.3,33
brasilia,Brasilia,DF,2023-11-13,27.2,33.2,19.4,0.0,0.0,0.0,10.7,6.5,40
brasilia,Brasilia,DF,2023-11-14,28.2,35.2,20.8,0.0,0.0,0.0,12.3,6.9,35
brasilia,Brasilia,DF,2023-11-15,28.3,33.2,23.2,0.0,0.0,0.0,17.3,9.1,39
brasilia,Brasilia,DF,2023-11-16,28.2,33.7,22.7,0.0,0.0,0.0,12.6,6.5,42
brasilia,Brasilia,DF,2023-11-17,26.3,32.3,22.2,0.8,0.8,3.0,14.2,7.5,56
brasilia,Brasilia,DF,2023-11-18,26.2,31.5,21.4,0.2,0.2,2.0,17.6,9.9,61
brasilia,Brasilia,DF,2023-11-19,26.4,31.4,21.6,0.6,0.6,2.0,8.1,4.4,57
brasilia,Brasilia,DF,2023-11-20,23.3,26.9,20.4,3.8,3.8,7.0,15.0,8.8,73
brasilia,Brasilia,DF,2023-11-21,23.1,28.4,20.0,7.2,7.2,6.0,14.8,6.8,75
brasilia,Brasilia,DF,2023-11-22,23.4,29.6,20.5,6.8,6.8,7.0,15.9,5.2,73
brasilia,Brasilia,DF,2023-11-23,24.1,29.4,20.1,1.6,1.6,5.0,18.6,5.2,71
brasilia,Brasilia,DF,2023-11-24,24.1,29.0,18.7,0.5,0.5,1.0,7.4,4.6,70
brasilia,Brasilia,DF,2023-11-25,23.8,28.6,20.2,4.8,4.8,6.0,13.8,8.2,73
brasilia,Brasilia,DF,2023-11-26,23.5,30.1,19.7,28.1,28.1,9.0,16.7,9.4,77
brasilia,Brasilia,DF,2023-11-27,22.2,25.6,19.6,6.5,6.5,12.0,14.6,6.5,80
brasilia,Brasilia,DF,2023-11-28,23.7,28.1,19.9,2.0,2.0,7.0,12.9,6.6,69
brasilia,Brasilia,DF,2023-11-29,24.3,29.9,19.2,0.1,0.1,1.0,14.1,5.3,65
brasilia,Brasilia,DF,2023-11-30,24.3,29.3,19.8,0.1,0.1,1.0,9.7,5.1,70
brasilia,Brasilia,DF,2023-12-01,23.2,27.6,19.4,7.5,7.5,5.0,10.4,5.4,75
brasilia,Brasilia,DF,2023-12-02,23.8,29.5,20.3,4.2,4.2,6.0,11.2,4.7,73
brasilia,Brasilia,DF,2023-12-03,22.0,25.5,18.3,9.4,9.4,6.0,12.8,6.3,81
brasilia,Brasilia,DF,2023-12-04,22.6,26.1,20.0,0.6,0.6,6.0,12.0,4.8,76
brasilia,Brasilia,DF,2023-12-05,22.3,26.9,19.9,3.5,3.5,8.0,11.9,4.3,81
brasilia,Brasilia,DF,2023-12-06,23.4,29.0,18.6,0.4,0.4,3.0,16.4,10.4,73
brasilia,Brasilia,DF,2023-12-07,24.5,29.9,19.1,0.0,0.0,0.0,17.8,10.0,58
brasilia,Brasilia,DF,2023-12-08,26.1,30.9,20.0,0.0,0.0,0.0,8.2,4.9,48
brasilia,Brasilia,DF,2023-12-09,25.8,30.2,20.4,0.1,0.1,1.0,13.9,6.6,54
brasilia,Brasilia,DF,2023-12-10,25.6,31.1,20.9,0.3,0.3,2.0,19.9,9.0,61
brasilia,Brasilia,DF,2023-12-11,23.5,27.4,20.2,2.5,2.5,9.0,16.0,8.1,72
brasilia,Brasilia,DF,2023-12-12,22.2,26.6,19.8,15.4,15.4,16.0,11.7,4.7,82
brasilia,Brasilia,DF,2023-12-13,24.9,30.9,19.8,0.2,0.2,1.0,18.7,9.8,65
brasilia,Brasilia,DF,2023-12-14,25.6,31.3,21.0,0.0,0.0,0.0,17.8,11.4,51
brasilia,Brasilia,DF,2023-12-15,26.2,31.7,20.7,0.0,0.0,0.0,16.8,10.4,38
brasilia,Brasilia,DF,2023-12-16,26.4,31.8,20.4,0.0,0.0,0.0,17.2,9.9,40
brasilia,Brasilia,DF,2023-12-17,25.9,30.6,21.2,0.2,0.2,2.0,16.4,7.5,46
brasilia,Brasilia,DF,2023-12-18,26.2,30.5,20.8,0.0,0.0,0.0,8.1,4.6,49
brasilia,Brasilia,DF,2023-12-19,23.8,28.4,20.0,2.7,2.7,9.0,13.7,8.2,68
brasilia,Brasilia,DF,2023-12-20,22.1,27.0,19.1,16.5,16.5,12.0,15.1,9.1,80
brasilia,Brasilia,DF,2023-12-21,20.6,23.1,19.4,14.8,14.8,17.0,18.9,11.4,87
brasilia,Brasilia,DF,2023-12-22,21.8,26.2,19.0,10.3,10.3,16.0,11.6,6.4,81
brasilia,Brasilia,DF,2023-12-23,22.4,27.6,20.5,5.4,5.4,7.0,15.1,5.1,80
brasilia,Brasilia,DF,2023-12-24,23.3,28.2,19.7,1.5,1.5,3.0,11.8,5.1,73
brasilia,Brasilia,DF,2023-12-25,23.7,28.2,20.5,3.5,3.5,6.0,18.4,6.9,75
brasilia,Brasilia,DF,2023-12-26,24.0,29.5,20.0,0.5,0.5,2.0,13.3,6.9,72
brasilia,Brasilia,DF,2023-12-27,23.5,29.2,18.0,1.9,1.9,4.0,9.4,5.7,74
brasilia,Brasilia,DF,2023-12-28,24.1,29.1,20.6,10.2,10.2,5.0,9.8,5.7,76
brasilia,Brasilia,DF,2023-12-29,24.1,31.0,20.0,6.9,6.9,4.0,11.9,5.8,75
brasilia,Brasilia,DF,2023-12-30,23.0,27.8,20.4,8.8,8.8,9.0,11.2,6.8,80
brasilia,Brasilia,DF,2023-12-31,22.1,26.6,19.8,12.8,12.8,10.0,11.7,5.2,85
brasilia,Brasilia,DF,2024-01-01,22.4,27.6,19.6,12.5,12.5,7.0,14.2,5.2,82
brasilia,Brasilia,DF,2024-01-02,22.1,25.5,19.2,5.2,5.2,14.0,11.0,6.5,83
brasilia,Brasilia,DF,2024-01-03,20.5,21.9,19.5,21.2,21.2,20.0,18.7,10.6,92
brasilia,Brasilia,DF,2024-01-04,21.0,23.8,19.8,10.0,10.0,24.0,21.7,14.5,89
brasilia,Brasilia,DF,2024-01-05,20.8,23.2,19.4,13.8,13.8,22.0,18.1,11.6,89
brasilia,Brasilia,DF,2024-01-06,22.4,27.0,19.7,1.2,1.2,8.0,10.7,6.0,82
brasilia,Brasilia,DF,2024-01-07,22.2,27.2,19.0,5.5,5.5,9.0,12.2,4.5,84
brasilia,Brasilia,DF,2024-01-08,21.2,25.3,19.4,13.2,13.2,19.0,11.2,6.4,87
brasilia,Brasilia,DF,2024-01-09,22.1,26.2,19.4,1.0,1.0,4.0,14.0,5.8,84
brasilia,Brasilia,DF,2024-01-10,21.2,24.6,19.0,10.2,10.2,13.0,13.0,6.7,88
brasilia,Brasilia,DF,2024-01-11,21.6,26.1,17.1,6.7,6.7,7.0,11.8,5.2,82
brasilia,Brasilia,DF,2024-01-12,23.1,27.2,18.5,0.5,0.5,4.0,7.5,4.0,76
brasilia,Brasilia,DF,2024-01-13,21.9,25.6,19.7,8.0,8.0,13.0,9.8,4.9,84
brasilia,Brasilia,DF,2024-01-14,22.0,26.9,18.5,5.6,5.6,9.0,14.4,5.8,84
brasilia,Brasilia,DF,2024-01-15,22.1,26.4,19.4,4.0,4.0,5.0,13.0,5.2,82
brasilia,Brasilia,DF,2024-01-16,23.9,28.0,19.3,0.6,0.6,3.0,11.3,6.1,73
brasilia,Brasilia,DF,2024-01-17,24.8,29.4,20.5,0.0,0.0,0.0,11.5,6.4,62
brasilia,Brasilia,DF,2024-01-18,24.7,28.1,21.0,0.5,0.5,5.0,9.3,4.7,65
brasilia,Brasilia,DF,2024-01-19,24.6,28.8,19.4,0.3,0.3,3.0,7.6,4.2,67
brasilia,Brasilia,DF,2024-01-20,23.9,29.9,18.4,0.0,0.0,0.0,12.4,5.7,70
brasilia,Brasilia,DF,2024-01-21,23.7,29.8,19.5,0.8,0.8,5.0,14.8,8.4,72
brasilia,Brasilia,DF,2024-01-22,23.4,28.4,19.7,3.3,3.3,6.0,11.9,7.7,77
brasilia,Brasilia,DF,2024-01-23,22.5,26.5,19.3,4.6,4.6,6.0,14.6,7.6,82
brasilia,Brasilia,DF,2024-01-24,22.1,24.5,20.0,21.4,21.4,13.0,16.6,10.4,86
brasilia,Brasilia,DF,2024-01-25,22.2,27.0,19.9,2.7,2.7,11.0,13.4,8.0,84
brasilia,Brasilia,DF,2024-01-26,21.6,24.9,19.3,15.9,15.9,9.0,7.6,4.8,85
brasilia,Brasilia,DF,2024-01-27,21.8,26.4,18.8,10.5,10.5,12.0,9.4,5.1,79
brasilia,Brasilia,DF,2024-01-28,22.0,25.8,19.8,1.2,1.2,9.0,15.9,9.5,83
brasilia,Brasilia,DF,2024-01-29,22.6,26.1,19.5,0.5,0.5,4.0,12.1,8.8,78
brasilia,Brasilia,DF,2024-01-30,22.1,26.8,18.2,2.2,2.2,10.0,7.0,4.2,81
brasilia,Brasilia,DF,2024-01-31,21.9,25.4,19.5,11.1,11.1,10.0,8.4,5.0,83
brasilia,Brasilia,DF,2024-02-01,21.5,26.1,19.2,12.6,12.6,14.0,10.4,6.5,86
brasilia,Brasilia,DF,2024-02-02,22.0,27.1,18.0,0.4,0.4,2.0,15.3,7.9,80
brasilia,Brasilia,DF,2024-02-03,21.1,25.5,18.4,2.0,2.0,8.0,21.6,10.0,84
brasilia,Brasilia,DF,2024-02-04,22.1,26.1,19.0,0.5,0.5,4.0,15.3,8.9,75
brasilia,Brasilia,DF,2024-02-05,21.1,26.3,18.2,30.1,30.1,13.0,13.6,7.1,84
brasilia,Brasilia,DF,2024-02-06,21.4,26.5,18.5,10.6,10.6,10.0,13.6,5.5,86
brasilia,Brasilia,DF,2024-02-07,22.6,27.7,20.0,6.0,6.0,11.0,15.3,4.9,82
brasilia,Brasilia,DF,2024-02-08,22.0,27.4,19.4,14.9,14.9,14.0,10.3,4.4,85
brasilia,Brasilia,DF,2024-02-09,21.7,26.2,19.4,27.0,27.0,22.0,15.9,4.2,85
brasilia,Brasilia,DF,2024-02-10,20.9,25.0,19.1,5.5,5.5,18.0,19.8,12.4,88
brasilia,Brasilia,DF,2024-02-11,20.5,23.3,18.8,8.4,8.4,15.0,16.7,9.8,87
brasilia,Brasilia,DF,2024-02-12,21.9,27.4,17.4,1.3,1.3,3.0,18.8,10.5,77
brasilia,Brasilia,DF,2024-02-13,23.1,28.9,18.5,0.0,0.0,0.0,14.2,9.2,70
brasilia,Brasilia,DF,2024-02-14,24.3,29.0,20.1,0.0,0.0,0.0,8.4,4.8,61
brasilia,Brasilia,DF,2024-02-15,24.5,29.3,21.1,0.3,0.3,2.0,10.5,4.2,64
brasilia,Brasilia,DF,2024-02-16,23.0,27.2,20.6,4.8,4.8,5.0,10.5,4.7,79
brasilia,Brasilia,DF,2024-02-17,22.2,25.9,18.5,2.4,2.4,9.0,12.7,7.8,79
brasilia,Brasilia,DF,2024-02-18,21.8,26.0,19.2,11.9,11.9,15.0,16.3,8.0,82
brasilia,Brasilia,DF,2024-02-19,21.8,25.3,19.1,0.5,0.5,3.0,16.6,11.3,84
brasilia,Brasilia,DF,2024-02-20,20.3,22.0,19.4,23.5,23.5,17.0,17.1,11.1,93
brasilia,Brasilia,DF,2024-02-21,20.2,22.0,19.0,20.6,20.6,15.0,8.7,5.9,92
brasilia,Brasilia,DF,2024-02-22,21.9,26.8,19.0,2.6,2.6,9.0,14.5,8.6,83
brasilia,Brasilia,DF,2024-02-23,21.4,24.9,18.5,3.2,3.2,9.0,10.8,6.4,85
brasilia,Brasilia,DF,2024-02-24,22.6,27.5,19.5,1.2,1.2,6.0,13.2,7.6,81
brasilia,Brasilia,DF,2024-02-25,22.9,28.1,18.9,0.3,0.3,2.0,17.4,10.3,79
brasilia,Brasilia,DF,2024-02-26,22.5,27.4,18.9,0.0,0.0,0.0,15.7,10.3,67
brasilia,Brasilia,DF,2024-02-27,23.0,27.9,17.8,0.0,0.0,0.0,12.2,7.1,63
brasilia,Brasilia,DF,2024-02-28,24.4,29.2,20.6,0.0,0.0,0.0,8.2,4.1,61
brasilia,Brasilia,DF,2024-02-29,24.6,29.0,19.4,0.0,0.0,0.0,7.1,4.0,64
brasilia,Brasilia,DF,2024-03-01,23.7,28.5,20.0,5.6,5.6,2.0,12.2,5.5,76
brasilia,Brasilia,DF,2024-03-02,24.3,28.8,19.9,0.6,0.6,4.0,7.8,4.5,73
brasilia,Brasilia,DF,2024-03-03,22.9,27.9,20.1,2.3,2.3,7.0,13.8,5.3,82
brasilia,Brasilia,DF,2024-03-04,21.9,24.5,20.2,6.8,6.8,16.0,12.7,4.9,84
brasilia,Brasilia,DF,2024-03-05,22.2,25.5,19.8,2.5,2.5,8.0,11.2,5.0,81
brasilia,Brasilia,DF,2024-03-06,22.8,27.8,18.8,1.4,1.4,6.0,10.5,6.7,81
brasilia,Brasilia,DF,2024-03-07,23.0,27.1,20.0,1.5,1.5,8.0,14.5,7.8,82
brasilia,Brasilia,DF,2024-03-08,23.9,28.5,20.0,0.4,0.4,2.0,14.3,7.3,78
brasilia,Brasilia,DF,2024-03-09,24.3,29.3,20.4,0.0,0.0,0.0,11.0,6.7,70
brasilia,Brasilia,DF,2024-03-10,23.3,27.6,20.2,0.1,0.1,1.0,11.8,7.4,78
brasilia,Brasilia,DF,2024-03-11,24.2,28.5,20.8,0.3,0.3,2.0,6.6,3.9,76
brasilia,Brasilia,DF,2024-03-12,23.8,28.3,20.8,13.4,13.4,10.0,11.6,4.2,81
brasilia,Brasilia,DF,2024-03-13,23.0,27.4,20.2,7.5,7.5,9.0,10.8,5.3,83
brasilia,Brasilia,DF,2024-03-14,22.9,27.2,18.9,1.3,1.3,6.0,10.7,5.7,83
brasilia,Brasilia,DF,2024-03-15,24.2,28.6,20.2,0.4,0.4,4.0,16.0,7.3,77
brasilia,Brasilia,DF,2024-03-16,24.5,28.7,21.1,0.2,0.2,2.0,14.5,7.7,74
brasilia,Brasilia,DF,2024-03-17,23.3,27.2,20.1,1.1,1.1,4.0,10.7,4.5,81
brasilia,Brasilia,DF,2024-03-18,24.4,28.9,20.5,0.5,0.5,4.0,8.8,4.8,77
brasilia,Brasilia,DF,2024-03-19,24.3,28.0,20.5,2.5,2.5,2.0,11.8,4.6,75
brasilia,Brasilia,DF,2024-03-20,22.9,25.5,20.2,7.6,7.6,6.0,9.7,4.9,85
brasilia,Brasilia,DF,2024-03-21,23.2,27.0,20.1,5.6,5.6,13.0,10.5,5.6,80
brasilia,Brasilia,DF,2024-03-22,23.3,27.8,19.5,0.6,0.6,6.0,12.3,5.0,81
brasilia,Brasilia,DF,2024-03-23,21.1,23.1,19.4,13.7,13.7,19.0,10.7,6.1,90
brasilia,Brasilia,DF,2024-03-24,22.0,25.9,19.6,2.5,2.5,14.0,16.8,10.8,83
brasilia,Brasilia,DF,2024-03-25,22.0,26.5,19.1,1.3,1.3,6.0,15.1,7.9,82
brasilia,Brasilia,DF,2024-03-26,21.7,26.2,18.1,2.8,2.8,12.0,11.2,5.2,82
brasilia,Brasilia,DF,2024-03-27,21.6,25.9,18.1,0.1,0.1,1.0,14.0,9.1,82
brasilia,Brasilia,DF,2024-03-28,21.1,24.9,19.0,9.8,9.8,17.0,15.5,9.0,89
brasilia,Brasilia,DF,2024-03-29,22.4,27.5,18.8,0.3,0.3,3.0,17.7,10.1,82
brasilia,Brasilia,DF,2024-03-30,23.5,27.7,20.6,0.1,0.1,1.0,12.9,4.7,78
brasilia,Brasilia,DF,2024-03-31,22.9,26.7,20.8,2.4,2.4,5.0,11.4,4.6,83
brasilia,Brasilia,DF,2024-04-01,23.0,27.8,20.0,6.7,6.7,6.0,8.0,5.0,83
brasilia,Brasilia,DF,2024-04-02,22.4,25.5,19.8,10.2,10.2,10.0,8.9,4.8,84
brasilia,Brasilia,DF,2024-04-03,22.3,26.3,19.5,5.1,5.1,6.0,11.4,3.7,85
brasilia,Brasilia,DF,2024-04-04,22.1,26.8,19.6,3.9,3.9,13.0,14.3,6.2,85
brasilia,Brasilia,DF,2024-04-05,22.1,26.8,19.0,4.3,4.3,6.0,13.4,6.9,85
brasilia,Brasilia,DF,2024-04-06,22.0,25.6,18.3,0.7,0.7,4.0,14.8,7.9,84
brasilia,Brasilia,DF,2024-04-07,22.2,25.8,19.2,1.5,1.5,6.0,18.1,9.6,82
brasilia,Brasilia,DF,2024-04-08,22.3,27.4,18.1,0.0,0.0,0.0,14.3,8.1,74
brasilia,Brasilia,DF,2024-04-09,22.8,27.1,18.2,0.0,0.0,0.0,8.0,5.5,73
brasilia,Brasilia,DF,2024-04-10,23.1,26.9,19.4,0.4,0.4,2.0,9.7,5.0,75
brasilia,Brasilia,DF,2024-04-11,22.2,25.0,20.1,0.7,0.7,4.0,9.8,5.0,83
brasilia,Brasilia,DF,2024-04-12,22.2,25.3,19.5,3.0,3.0,5.0,16.1,8.9,83
brasilia,Brasilia,DF,2024-04-13,22.5,27.0,19.6,0.0,0.0,0.0,18.4,11.2,75
brasilia,Brasilia,DF,2024-04-14,21.9,26.4,18.5,0.8,0.8,6.0,14.7,9.3,77
brasilia,Brasilia,DF,2024-04-15,22.1,26.5,18.6,0.6,0.6,5.0,19.5,11.9,76
brasilia,Brasilia,DF,2024-04-16,22.0,26.7,18.6,0.2,0.2,2.0,18.5,12.4,78
brasilia,Brasilia,DF,2024-04-17,22.5,27.5,18.4,0.1,0.1,1.0,13.0,8.8,75
brasilia,Brasilia,DF,2024-04-18,23.0,27.6,18.6,0.2,0.2,1.0,11.1,7.2,72
brasilia,Brasilia,DF,2024-04-19,22.7,27.4,19.2,0.5,0.5,4.0,9.8,6.0,76
brasilia,Brasilia,DF,2024-04-20,22.5,27.0,19.2,0.1,0.1,1.0,17.6,11.9,74
brasilia,Brasilia,DF,2024-04-21,20.9,24.9,17.4,0.1,0.1,1.0,17.7,10.3,76
brasilia,Brasilia,DF,2024-04-22,21.5,26.7,17.2,0.1,0.1,1.0,16.3,7.7,73
brasilia,Brasilia,DF,2024-04-23,22.2,27.1,17.6,0.2,0.2,2.0,10.9,6.4,72
brasilia,Brasilia,DF,2024-04-24,22.8,27.2,18.1,0.3,0.3,3.0,11.0,5.8,72
brasilia,Brasilia,DF,2024-04-25,23.3,28.2,19.3,0.0,0.0,0.0,16.9,9.7,68
brasilia,Brasilia,DF,2024-04-26,22.6,28.1,18.5,0.0,0.0,0.0,15.9,10.8,65
brasilia,Brasilia,DF,2024-04-27,22.1,27.7,17.5,0.0,0.0,0.0,13.4,9.0,64
brasilia,Brasilia,DF,2024-04-28,22.7,27.5,17.8,0.1,0.1,1.0,10.9,7.3,66
brasilia,Brasilia,DF,2024-04-29,22.7,28.5,17.8,0.0,0.0,0.0,13.3,8.3,66
brasilia,Brasilia,DF,2024-04-30,22.8,28.9,17.4,0.0,0.0,0.0,14.8,8.6,65
brasilia,Brasilia,DF,2024-05-01,22.7,28.0,18.1,0.0,0.0,0.0,13.8,7.6,64
brasilia,Brasilia,DF,2024-05-02,22.7,28.5,17.5,0.0,0.0,0.0,12.0,7.6,62
brasilia,Brasilia,DF,2024-05-03,22.9,28.8,18.2,0.0,0.0,0.0,14.3,8.8,65
brasilia,Brasilia,DF,2024-05-04,21.7,27.8,17.4,0.0,0.0,0.0,17.4,10.4,60
brasilia,Brasilia,DF,2024-05-05,21.4,27.1,16.7,0.0,0.0,0.0,17.8,11.9,66
brasilia,Brasilia,DF,2024-05-06,21.1,26.5,17.4,0.0,0.0,0.0,20.9,12.9,69
brasilia,Brasilia,DF,2024-05-07,21.1,26.5,17.1,0.2,0.2,2.0,20.2,11.9,70
brasilia,Brasilia,DF,2024-05-08,20.7,26.4,16.1,0.0,0.0,0.0,14.9,8.7,70
brasilia,Brasilia,DF,2024-05-09,20.7,26.5,16.1,0.0,0.0,0.0,15.0,10.1,68
brasilia,Brasilia,DF,2024-05-10,20.4,26.1,15.8,0.0,0.0,0.0,16.5,9.2,65
brasilia,Brasilia,DF,2024-05-11,21.5,26.8,16.9,0.0,0.0,0.0,9.7,6.5,61
brasilia,Brasilia,DF,2024-05-12,22.7,28.0,18.6,0.0,0.0,0.0,10.7,4.9,54
brasilia,Brasilia,DF,2024-05-13,22.4,27.5,17.0,0.0,0.0,0.0,6.8,4.0,62
brasilia,Brasilia,DF,2024-05-14,22.9,28.4,17.5,0.0,0.0,0.0,12.2,6.8,60
brasilia,Brasilia,DF,2024-05-15,22.4,28.5,17.1,0.0,0.0,0.0,14.1,9.1,56
brasilia,Brasilia,DF,2024-05-16,21.9,27.8,16.9,0.0,0.0,0.0,18.1,11.1,50
brasilia,Brasilia,DF,2024-05-17,21.1,26.9,16.3,0.0,0.0,0.0,14.8,9.9,56
brasilia,Brasilia,DF,2024-05-18,21.0,26.7,15.9,0.0,0.0,0.0,15.5,8.9,58
brasilia,Brasilia,DF,2024-05-19,21.4,26.8,16.3,0.0,0.0,0.0,12.6,7.1,60
brasilia,Brasilia,DF,2024-05-20,21.5,26.2,17.0,0.2,0.2,2.0,16.5,9.7,68
brasilia,Brasilia,DF,2024-05-21,21.5,26.9,17.6,0.0,0.0,0.0,18.7,11.2,62
brasilia,Brasilia,DF,2024-05-22,20.6,26.2,15.9,0.0,0.0,0.0,17.8,9.7,61
brasilia,Brasilia,DF,2024-05-23,21.0,26.4,16.0,0.0,0.0,0.0,12.9,8.6,66
brasilia,Brasilia,DF,2024-05-24,21.7,27.6,17.1,0.0,0.0,0.0,15.0,5.8,62
brasilia,Brasilia,DF,2024-05-25,21.5,26.9,17.1,0.0,0.0,0.0,10.8,7.6,58
brasilia,Brasilia,DF,2024-05-26,21.0,27.0,15.9,0.0,0.0,0.0,16.3,10.0,55
brasilia,Brasilia,DF,2024-05-27,20.7,26.4,16.0,0.0,0.0,0.0,13.0,8.4,59
brasilia,Brasilia,DF,2024-05-28,21.6,26.8,17.6,0.0,0.0,0.0,10.7,6.8,53
brasilia,Brasilia,DF,2024-05-29,20.4,26.2,15.1,0.0,0.0,0.0,11.3,8.8,68
brasilia,Brasilia,DF,2024-05-30,20.4,25.9,15.0,0.0,0.0,0.0,12.7,9.1,65
brasilia,Brasilia,DF,2024-05-31,20.7,25.5,16.1,0.0,0.0,0.0,15.8,10.8,56
brasilia,Brasilia,DF,2024-06-01,19.4,24.3,15.1,0.0,0.0,0.0,22.7,12.6,62
brasilia,Brasilia,DF,2024-06-02,19.0,24.0,14.8,0.3,0.3,3.0,21.2,13.0,67
brasilia,Brasilia,DF,2024-06-03,19.8,25.5,14.9,0.0,0.0,0.0,17.7,9.3,65
brasilia,Brasilia,DF,2024-06-04,20.2,26.1,15.6,0.0,0.0,0.0,17.2,10.7,63
brasilia,Brasilia,DF,2024-06-05,19.9,25.5,15.4,0.0,0.0,0.0,18.7,10.6,63
brasilia,Brasilia,DF,2024-06-06,19.6,25.1,15.2,0.3,0.3,3.0,19.8,10.3,65
brasilia,Brasilia,DF,2024-06-07,19.8,25.3,15.1,0.1,0.1,1.0,18.1,10.9,66
brasilia,Brasilia,DF,2024-06-08,20.1,25.4,15.6,0.0,0.0,0.0,17.5,9.2,66
brasilia,Brasilia,DF,2024-06-09,19.8,25.7,15.4,0.0,0.0,0.0,13.4,8.5,62
brasilia,Brasilia,DF,2024-06-10,20.1,26.4,14.7,0.0,0.0,0.0,13.1,8.3,65
brasilia,Brasilia,DF,2024-06-11,20.9,26.5,16.0,0.0,0.0,0.0,16.8,10.3,64
brasilia,Brasilia,DF,2024-06-12,19.8,25.7,15.3,0.0,0.0,0.0,17.3,10.6,57
brasilia,Brasilia,DF,2024-06-13,19.8,25.8,15.0,0.0,0.0,0.0,18.9,11.4,59
brasilia,Brasilia,DF,2024-06-14,20.1,26.4,14.9,0.0,0.0,0.0,16.5,9.8,60
brasilia,Brasilia,DF,2024-06-15,19.3,24.9,15.2,0.0,0.0,0.0,18.4,10.6,67
brasilia,Brasilia,DF,2024-06-16,18.7,24.9,14.1,0.0,0.0,0.0,17.7,10.6,59
brasilia,Brasilia,DF,2024-06-17,18.6,24.9,13.0,0.0,0.0,0.0,12.6,8.7,57
brasilia,Brasilia,DF,2024-06-18,18.9,25.0,13.2,0.0,0.0,0.0,14.7,8.4,56
brasilia,Brasilia,DF,2024-06-19,19.7,25.5,14.2,0.0,0.0,0.0,12.6,8.8,59
brasilia,Brasilia,DF,2024-06-20,20.0,24.9,15.6,0.0,0.0,0.0,17.0,9.7,63
brasilia,Brasilia,DF,2024-06-21,19.5,25.2,14.9,0.0,0.0,0.0,18.0,9.4,58
brasilia,Brasilia,DF,2024-06-22,19.6,25.5,14.6,0.0,0.0,0.0,15.9,8.2,58
brasilia,Brasilia,DF,2024-06-23,20.1,25.3,14.7,0.0,0.0,0.0,11.4,6.7,53
brasilia,Brasilia,DF,2024-06-24,20.9,25.6,17.0,0.0,0.0,0.0,10.8,5.9,50
brasilia,Brasilia,DF,2024-06-25,21.1,25.8,17.5,0.0,0.0,0.0,12.6,6.7,46
brasilia,Brasilia,DF,2024-06-26,20.7,25.9,15.6,0.0,0.0,0.0,13.6,6.6,47
brasilia,Brasilia,DF,2024-06-27,20.4,25.5,14.3,0.0,0.0,0.0,9.6,3.8,45
brasilia,Brasilia,DF,2024-06-28,21.3,27.2,17.0,0.0,0.0,0.0,10.9,6.3,42
brasilia,Brasilia,DF,2024-06-29,20.8,27.1,15.4,0.0,0.0,0.0,8.1,6.4,44
brasilia,Brasilia,DF,2024-06-30,21.5,26.6,18.0,0.0,0.0,0.0,11.9,6.1,42
brasilia,Brasilia,DF,2024-07-01,21.3,26.6,16.2,0.0,0.0,0.0,13.0,6.9,42
brasilia,Brasilia,DF,2024-07-02,20.0,25.7,15.1,0.0,0.0,0.0,16.3,10.9,49
brasilia,Brasilia,DF,2024-07-03,19.5,25.1,14.2,0.0,0.0,0.0,17.0,9.2,60
brasilia,Brasilia,DF,2024-07-04,19.6,25.1,14.6,0.0,0.0,0.0,13.4,9.4,57
brasilia,Brasilia,DF,2024-07-05,19.2,25.1,13.9,0.0,0.0,0.0,13.7,9.1,57
brasilia,Brasilia,DF,2024-07-06,19.8,26.0,14.4,0.0,0.0,0.0,12.1,9.1,56
brasilia,Brasilia,DF,2024-07-07,20.6,26.9,14.8,0.0,0.0,0.0,10.8,7.1,51
brasilia,Brasilia,DF,2024-07-08,21.7,27.6,15.1,0.0,0.0,0.0,14.6,5.2,41
brasilia,Brasilia,DF,2024-07-09,22.6,27.7,19.2,0.0,0.0,0.0,11.3,6.4,39
brasilia,Brasilia,DF,2024-07-10,22.8,28.2,17.5,0.0,0.0,0.0,11.7,6.1,39
brasilia,Brasilia,DF,2024-07-11,22.3,28.1,16.3,0.0,0.0,0.0,16.6,9.4,41
brasilia,Brasilia,DF,2024-07-12,20.9,26.9,15.9,0.0,0.0,0.0,16.3,10.3,51
brasilia,Brasilia,DF,2024-07-13,19.0,24.5,14.7,0.0,0.0,0.0,22.3,12.9,51
brasilia,Brasilia,DF,2024-07-14,18.8,24.5,14.1,0.0,0.0,0.0,19.2,10.8,53
brasilia,Brasilia,DF,2024-07-15,18.5,23.9,13.3,0.0,0.0,0.0,15.1,9.6,53
brasilia,Brasilia,DF,2024-07-16,19.0,24.8,14.1,0.0,0.0,0.0,18.4,10.5,52
brasilia,Brasilia,DF,2024-07-17,19.1,24.8,14.1,0.0,0.0,0.0,14.1,8.2,54
brasilia,Brasilia,DF,2024-07-18,19.2,25.5,13.5,0.0,0.0,0.0,13.7,10.2,51
brasilia,Brasilia,DF,2024-07-19,19.2,25.2,14.2,0.0,0.0,0.0,17.7,10.8,51
brasilia,Brasilia,DF,2024-07-20,18.8,24.5,13.9,0.0,0.0,0.0,18.0,11.2,50
brasilia,Brasilia,DF,2024-07-21,18.5,24.1,13.9,0.0,0.0,0.0,19.5,11.1,52
brasilia,Brasilia,DF,2024-07-22,18.9,24.4,13.6,0.0,0.0,0.0,15.8,9.9,50
brasilia,Brasilia,DF,2024-07-23,19.3,25.5,14.1,0.0,0.0,0.0,16.3,9.9,47
brasilia,Brasilia,DF,2024-07-24,19.2,25.8,13.6,0.0,0.0,0.0,17.5,10.7,44
brasilia,Brasilia,DF,2024-07-25,18.6,25.0,13.2,0.0,0.0,0.0,12.4,8.5,49
brasilia,Brasilia,DF,2024-07-26,19.1,26.2,12.2,0.0,0.0,0.0,11.7,8.2,49
brasilia,Brasilia,DF,2024-07-27,20.0,26.4,14.2,0.0,0.0,0.0,16.3,9.7,57
brasilia,Brasilia,DF,2024-07-28,20.8,27.4,14.9,0.0,0.0,0.0,14.1,8.3,54
brasilia,Brasilia,DF,2024-07-29,21.3,27.4,15.1,0.0,0.0,0.0,13.3,7.6,46
brasilia,Brasilia,DF,2024-07-30,21.9,27.2,16.5,0.0,0.0,0.0,14.4,8.0,45
brasilia,Brasilia,DF,2024-07-31,21.3,27.5,16.7,0.0,0.0,0.0,20.8,12.9,44
brasilia,Brasilia,DF,2024-08-01,20.0,26.5,14.5,0.0,0.0,0.0,18.3,14.0,52
brasilia,Brasilia,DF,2024-08-02,19.5,24.6,14.6,0.2,0.2,1.0,18.9,13.0,59
brasilia,Brasilia,DF,2024-08-03,19.6,25.4,14.0,0.0,0.0,0.0,20.4,13.3,56
brasilia,Brasilia,DF,2024-08-04,20.3,26.8,15.2,0.0,0.0,0.0,21.5,12.8,52
brasilia,Brasilia,DF,2024-08-05,20.2,26.0,15.1,0.0,0.0,0.0,19.7,11.9,50
brasilia,Brasilia,DF,2024-08-06,19.9,25.5,15.3,0.0,0.0,0.0,22.0,12.3,51
brasilia,Brasilia,DF,2024-08-07,20.3,25.8,15.1,0.0,0.0,0.0,16.5,9.3,43
brasilia,Brasilia,DF,2024-08-08,21.5,27.0,16.4,0.0,0.0,0.0,15.3,6.3,42
brasilia,Brasilia,DF,2024-08-09,22.6,28.1,17.9,0.0,0.0,0.0,8.8,4.4,35
brasilia,Brasilia,DF,2024-08-10,20.0,26.5,15.2,0.0,0.0,0.0,13.9,10.1,51
brasilia,Brasilia,DF,2024-08-11,20.8,30.7,12.8,0.0,0.0,0.0,19.1,8.2,45
brasilia,Brasilia,DF,2024-08-12,21.0,28.6,13.9,0.0,0.0,0.0,16.3,9.3,26
brasilia,Brasilia,DF,2024-08-13,20.5,28.4,13.5,0.0,0.0,0.0,14.3,9.1,26
brasilia,Brasilia,DF,2024-08-14,22.1,29.5,16.1,0.0,0.0,0.0,16.5,10.6,41
brasilia,Brasilia,DF,2024-08-15,22.8,29.0,16.8,0.0,0.0,0.0,11.1,9.0,51
brasilia,Brasilia,DF,2024-08-16,22.9,29.3,17.5,0.0,0.0,0.0,14.7,10.3,45
brasilia,Brasilia,DF,2024-08-17,22.8,29.2,16.7,0.0,0.0,0.0,13.8,9.7,39
brasilia,Brasilia,DF,2024-08-18,22.2,29.2,16.1,0.0,0.0,0.0,15.9,10.1,35
brasilia,Brasilia,DF,2024-08-19,22.8,29.2,16.1,0.0,0.0,0.0,15.7,9.7,30
brasilia,Brasilia,DF,2024-08-20,22.3,29.1,16.5,0.0,0.0,0.0,15.1,9.9,35
brasilia,Brasilia,DF,2024-08-21,22.5,29.5,16.2,0.0,0.0,0.0,18.8,11.0,32
brasilia,Brasilia,DF,2024-08-22,22.7,29.6,16.6,0.0,0.0,0.0,15.0,10.1,34
brasilia,Brasilia,DF,2024-08-23,23.4,30.1,17.0,0.0,0.0,0.0,13.2,7.6,35
brasilia,Brasilia,DF,2024-08-24,24.3,30.1,18.3,0.0,0.0,0.0,12.5,6.3,36
brasilia,Brasilia,DF,2024-08-25,24.0,29.5,17.9,0.0,0.0,0.0,20.8,7.5,35
brasilia,Brasilia,DF,2024-08-26,20.9,28.1,14.1,0.0,0.0,0.0,17.7,10.6,54
brasilia,Brasilia,DF,2024-08-27,22.8,29.0,16.5,0.0,0.0,0.0,14.2,10.1,45
brasilia,Brasilia,DF,2024-08-28,22.6,28.6,17.5,0.0,0.0,0.0,18.8,13.7,45
brasilia,Brasilia,DF,2024-08-29,21.3,27.1,15.8,0.0,0.0,0.0,19.1,13.0,48
brasilia,Brasilia,DF,2024-08-30,21.1,27.6,15.3,0.0,0.0,0.0,16.9,11.5,44
brasilia,Brasilia,DF,2024-08-31,22.1,29.6,15.4,0.0,0.0,0.0,15.6,10.4,36
brasilia,Brasilia,DF,2024-09-01,22.9,29.9,16.2,0.0,0.0,0.0,15.5,9.5,30
brasilia,Brasilia,DF,2024-09-02,23.6,30.8,16.2,0.0,0.0,0.0,12.4,8.5,26
brasilia,Brasilia,DF,2024-09-03,25.4,31.7,20.5,0.0,0.0,0.0,12.8,6.1,19
brasilia,Brasilia,DF,2024-09-04,26.0,32.6,19.5,0.0,0.0,0.0,17.9,8.3,19
brasilia,Brasilia,DF,2024-09-05,26.2,32.0,20.5,0.0,0.0,0.0,14.0,7.6,24
brasilia,Brasilia,DF,2024-09-06,25.3,32.1,19.1,0.0,0.0,0.0,18.6,11.8,30
brasilia,Brasilia,DF,2024-09-07,24.0,30.6,18.4,0.0,0.0,0.0,22.0,14.2,30
brasilia,Brasilia,DF,2024-09-08,22.8,29.9,16.8,0.0,0.0,0.0,23.4,14.3,34
brasilia,Brasilia,DF,2024-09-09,22.9,29.5,17.0,0.0,0.0,0.0,19.8,12.6,29
brasilia,Brasilia,DF,2024-09-10,22.7,29.2,16.6,0.0,0.0,0.0,17.6,11.1,35
brasilia,Brasilia,DF,2024-09-11,23.0,29.1,17.1,0.0,0.0,0.0,17.2,10.4,38
brasilia,Brasilia,DF,2024-09-12,23.9,30.3,17.8,0.0,0.0,0.0,15.3,9.6,37
brasilia,Brasilia,DF,2024-09-13,24.4,30.6,18.3,0.0,0.0,0.0,16.2,10.9,38
brasilia,Brasilia,DF,2024-09-14,24.7,31.1,18.6,0.0,0.0,0.0,16.5,11.4,33
brasilia,Brasilia,DF,2024-09-15,24.8,31.3,18.5,0.0,0.0,0.0,16.1,10.4,29
brasilia,Brasilia,DF,2024-09-16,26.0,32.8,18.5,0.0,0.0,0.0,12.1,7.7,29
brasilia,Brasilia,DF,2024-09-17,26.2,32.5,20.2,0.0,0.0,0.0,13.6,8.1,34
brasilia,Brasilia,DF,2024-09-18,25.5,31.0,20.4,0.0,0.0,0.0,22.5,13.0,37
brasilia,Brasilia,DF,2024-09-19,24.8,31.2,18.9,0.0,0.0,0.0,18.7,12.8,40
brasilia,Brasilia,DF,2024-09-20,24.6,31.2,18.9,0.0,0.0,0.0,18.8,12.9,37
brasilia,Brasilia,DF,2024-09-21,25.3,32.3,18.4,0.0,0.0,0.0,15.3,10.1,34
brasilia,Brasilia,DF,2024-09-22,26.2,32.7,19.6,0.0,0.0,0.0,14.4,8.7,32
brasilia,Brasilia,DF,2024-09-23,26.4,33.3,19.4,0.0,0.0,0.0,13.4,10.4,32
brasilia,Brasilia,DF,2024-09-24,26.3,32.2,20.1,0.0,0.0,0.0,16.6,11.0,33
brasilia,Brasilia,DF,2024-09-25,26.4,33.2,20.5,0.0,0.0,0.0,17.7,11.6,30
brasilia,Brasilia,DF,2024-09-26,26.2,32.8,19.6,0.0,0.0,0.0,16.8,9.6,30
brasilia,Brasilia,DF,2024-09-27,27.2,33.3,20.2,0.0,0.0,0.0,17.9,7.3,27
brasilia,Brasilia,DF,2024-09-28,28.3,34.5,21.5,0.0,0.0,0.0,25.3,7.7,29
brasilia,Brasilia,DF,2024-09-29,25.8,32.1,20.4,0.0,0.0,0.0,20.3,15.1,43
brasilia,Brasilia,DF,2024-09-30,24.8,30.2,20.0,0.0,0.0,0.0,20.1,14.9,37
brasilia,Brasilia,DF,2024-10-01,25.0,31.6,18.8,0.0,0.0,0.0,18.2,10.7,33
brasilia,Brasilia,DF,2024-10-02,26.5,32.4,20.1,0.0,0.0,0.0,13.2,8.4,31
brasilia,Brasilia,DF,2024-10-03,28.1,34.8,21.4,0.0,0.0,0.0,16.3,9.8,26
brasilia,Brasilia,DF,2024-10-04,29.2,35.3,22.9,0.0,0.0,0.0,13.5,6.8,24
brasilia,Brasilia,DF,2024-10-05,29.3,35.0,23.3,0.0,0.0,0.0,12.6,6.8,26
brasilia,Brasilia,DF,2024-10-06,29.2,34.9,23.4,0.0,0.0,0.0,16.3,7.5,28
brasilia,Brasilia,DF,2024-10-07,28.7,34.2,23.5,0.0,0.0,0.0,15.5,8.7,33
brasilia,Brasilia,DF,2024-10-08,26.4,32.8,22.7,1.0,1.0,2.0,18.7,8.5,51
brasilia,Brasilia,DF,2024-10-09,27.1,33.2,21.8,0.9,0.9,3.0,12.8,6.9,49
brasilia,Brasilia,DF,2024-10-10,23.1,27.2,20.2,8.0,8.0,8.0,14.5,5.9,75
brasilia,Brasilia,DF,2024-10-11,24.5,30.9,20.4,0.5,0.5,2.0,13.2,7.5,65
brasilia,Brasilia,DF,2024-10-12,23.5,27.5,19.9,2.0,2.0,7.0,14.5,6.3,71
brasilia,Brasilia,DF,2024-10-13,23.9,30.3,20.1,2.1,2.1,4.0,21.9,8.5,69
brasilia,Brasilia,DF,2024-10-14,23.4,29.5,19.4,3.3,3.3,3.0,22.8,11.4,73
brasilia,Brasilia,DF,2024-10-15,21.1,24.2,18.5,7.5,7.5,11.0,18.2,7.8,83
brasilia,Brasilia,DF,2024-10-16,21.6,26.9,18.6,10.9,10.9,14.0,16.3,8.5,80
brasilia,Brasilia,DF,2024-10-17,21.5,27.3,17.9,8.1,8.1,10.0,9.1,4.4,82
brasilia,Brasilia,DF,2024-10-18,22.5,26.9,19.0,0.8,0.8,6.0,7.7,5.0,74
brasilia,Brasilia,DF,2024-10-19,21.9,26.2,19.4,0.7,0.7,3.0,17.7,7.8,80
brasilia,Brasilia,DF,2024-10-20,21.9,25.9,19.4,0.7,0.7,4.0,14.9,9.2,80
brasilia,Brasilia,DF,2024-10-21,21.6,25.8,18.9,1.2,1.2,6.0,13.3,8.1,83
brasilia,Brasilia,DF,2024-10-22,22.3,27.2,19.0,7.0,7.0,8.0,16.2,8.6,79
brasilia,Brasilia,DF,2024-10-23,23.3,29.5,19.5,1.1,1.1,4.0,10.8,6.0,75
brasilia,Brasilia,DF,2024-10-24,23.6,28.8,19.5,2.7,2.7,4.0,13.0,4.4,75
brasilia,Brasilia,DF,2024-10-25,22.9,27.2,19.9,3.5,3.5,9.0,11.5,4.7,81
brasilia,Brasilia,DF,2024-10-26,23.8,30.7,21.0,11.2,11.2,5.0,12.5,4.7,72
brasilia,Brasilia,DF,2024-10-27,23.3,26.9,20.4,0.0,0.0,0.0,16.5,7.9,75
brasilia,Brasilia,DF,2024-10-28,23.1,27.2,19.5,3.2,3.2,2.0,16.5,8.9,75
brasilia,Brasilia,DF,2024-10-29,22.0,26.8,18.5,7.8,7.8,13.0,11.4,6.4,78
brasilia,Brasilia,DF,2024-10-30,20.8,23.2,19.5,6.3,6.3,13.0,13.0,9.3,86
brasilia,Brasilia,DF,2024-10-31,20.5,23.4,18.2,1.2,1.2,3.0,13.1,7.2,82
brasilia,Brasilia,DF,2024-11-01,20.7,25.6,18.5,5.9,5.9,12.0,22.2,8.5,83
brasilia,Brasilia,DF,2024-11-02,21.7,25.8,18.0,2.9,2.9,7.0,13.2,5.6,83
brasilia,Brasilia,DF,2024-11-03,21.6,26.0,19.0,2.4,2.4,9.0,16.7,8.9,84
brasilia,Brasilia,DF,2024-11-04,22.3,28.3,19.0,31.7,31.7,11.0,17.0,9.6,80
brasilia,Brasilia,DF,2024-11-05,19.8,21.0,18.6,56.5,56.5,21.0,13.3,7.7,91
brasilia,Brasilia,DF,2024-11-06,21.6,26.2,18.2,4.4,4.4,12.0,14.1,9.0,80
brasilia,Brasilia,DF,2024-11-07,21.6,26.2,19.2,12.3,12.3,15.0,11.3,5.5,84
brasilia,Brasilia,DF,2024-11-08,20.9,24.9,18.5,3.0,3.0,4.0,18.8,11.0,85
brasilia,Brasilia,DF,2024-11-09,21.5,24.9,18.7,1.9,1.9,8.0,16.3,9.6,84
brasilia,Brasilia,DF,2024-11-10,22.0,27.5,18.2,4.5,4.5,8.0,8.3,3.7,78
brasilia,Brasilia,DF,2024-11-11,21.6,25.9,18.4,2.8,2.8,11.0,9.4,4.6,84
brasilia,Brasilia,DF,2024-11-12,21.7,25.9,17.2,2.9,2.9,6.0,11.8,5.6,83
brasilia,Brasilia,DF,2024-11-13,21.8,26.0,19.4,16.1,16.1,15.0,10.3,5.8,84
brasilia,Brasilia,DF,2024-11-14,20.5,23.6,18.9,16.4,16.4,23.0,11.7,8.8,90
brasilia,Brasilia,DF,2024-11-15,20.0,21.4,18.9,12.3,12.3,24.0,16.6,11.2,90
brasilia,Brasilia,DF,2024-11-16,20.8,25.4,18.3,8.3,8.3,11.0,15.1,8.3,85
brasilia,Brasilia,DF,2024-11-17,20.3,22.0,18.6,8.2,8.2,9.0,10.9,6.9,88
brasilia,Brasilia,DF,2024-11-18,21.7,26.5,19.1,3.5,3.5,7.0,12.2,6.2,82
brasilia,Brasilia,DF,2024-11-19,21.4,27.2,17.9,23.8,23.8,10.0,13.3,4.1,86
brasilia,Brasilia,DF,2024-11-20,22.5,27.8,18.7,3.2,3.2,6.0,10.8,5.1,82
brasilia,Brasilia,DF,2024-11-21,22.9,27.4,19.1,5.2,5.2,8.0,8.8,5.4,80
brasilia,Brasilia,DF,2024-11-22,22.4,27.4,19.8,8.4,8.4,9.0,15.2,3.6,84
brasilia,Brasilia,DF,2024-11-23,21.9,26.6,19.2,11.0,11.0,12.0,12.4,5.6,84
brasilia,Brasilia,DF,2024-11-24,21.0,25.3,19.0,6.8,6.8,16.0,13.8,6.7,86
brasilia,Brasilia,DF,2024-11-25,20.9,24.5,18.0,2.7,2.7,17.0,18.3,14.0,83
brasilia,Brasilia,DF,2024-11-26,21.2,25.6,18.1,3.0,3.0,10.0,15.6,9.1,83
brasilia,Brasilia,DF,2024-11-27,21.6,26.2,18.6,3.9,3.9,14.0,13.0,7.4,84
brasilia,Brasilia,DF,2024-11-28,22.5,27.6,18.7,17.6,17.6,8.0,12.4,6.0,79
brasilia,Brasilia,DF,2024-11-29,22.9,28.0,18.8,0.9,0.9,4.0,9.6,3.5,81
brasilia,Brasilia,DF,2024-11-30,22.7,26.5,20.1,0.7,0.7,5.0,12.6,4.2,82
brasilia,Brasilia,DF,2024-12-01,22.6,26.6,20.5,14.5,14.5,20.0,8.6,3.7,83
brasilia,Brasilia,DF,2024-12-02,22.0,26.0,19.6,6.9,6.9,7.0,10.1,6.2,83
brasilia,Brasilia,DF,2024-12-03,22.4,26.5,18.4,1.8,1.8,5.0,9.2,4.8,81
brasilia,Brasilia,DF,2024-12-04,22.7,26.9,19.4,3.1,3.1,5.0,9.5,4.4,80
brasilia,Brasilia,DF,2024-12-05,22.9,26.8,19.8,0.7,0.7,7.0,12.7,6.1,78
brasilia,Brasilia,DF,2024-12-06,23.5,28.0,19.4,0.0,0.0,0.0,12.0,7.0,63
brasilia,Brasilia,DF,2024-12-07,23.9,29.0,19.2,0.0,0.0,0.0,12.5,6.8,59
brasilia,Brasilia,DF,2024-12-08,24.4,28.8,19.8,0.2,0.2,2.0,8.6,6.0,60
brasilia,Brasilia,DF,2024-12-09,24.2,29.3,19.1,1.6,1.6,4.0,6.5,3.3,68
brasilia,Brasilia,DF,2024-12-10,23.7,28.7,20.2,5.2,5.2,8.0,10.7,5.1,72
brasilia,Brasilia,DF,2024-12-11,23.1,28.8,20.1,7.3,7.3,7.0,11.8,4.7,80
brasilia,Brasilia,DF,2024-12-12,22.2,25.9,20.0,10.8,10.8,8.0,12.8,3.7,82
brasilia,Brasilia,DF,2024-12-13,23.5,28.1,19.5,0.3,0.3,2.0,10.7,5.1,71
brasilia,Brasilia,DF,2024-12-14,22.7,27.7,19.7,5.3,5.3,5.0,13.0,7.3,76
brasilia,Brasilia,DF,2024-12-15,21.6,26.5,19.5,6.6,6.6,16.0,14.6,6.2,84
brasilia,Brasilia,DF,2024-12-16,21.5,26.0,18.8,13.1,13.1,10.0,13.8,3.8,83
brasilia,Brasilia,DF,2024-12-17,22.4,26.4,20.4,14.4,14.4,16.0,13.6,3.4,80
brasilia,Brasilia,DF,2024-12-18,22.2,25.8,19.4,1.6,1.6,4.0,7.0,3.6,79
brasilia,Brasilia,DF,2024-12-19,22.7,27.2,19.6,1.1,1.1,9.0,11.8,3.9,79
brasilia,Brasilia,DF,2024-12-20,23.1,27.8,19.5,1.9,1.9,5.0,14.7,5.3,78
brasilia,Brasilia,DF,2024-12-21,22.4,26.0,20.0,2.6,2.6,4.0,10.5,6.0,81
brasilia,Brasilia,DF,2024-12-22,21.8,26.1,19.8,6.0,6.0,9.0,8.4,3.5,83
brasilia,Brasilia,DF,2024-12-23,22.2,27.6,20.2,24.6,24.6,10.0,10.8,3.4,83
brasilia,Brasilia,DF,2024-12-24,22.3,26.0,20.0,4.4,4.4,14.0,11.2,5.5,82
brasilia,Brasilia,DF,2024-12-25,21.6,24.8,19.7,7.1,7.1,17.0,14.9,6.8,86
brasilia,Brasilia,DF,2024-12-26,21.0,23.9,19.1,9.4,9.4,22.0,17.4,11.2,89
brasilia,Brasilia,DF,2024-12-27,21.7,24.9,19.1,2.5,2.5,9.0,12.3,7.0,83
brasilia,Brasilia,DF,2024-12-28,21.6,25.0,19.4,4.2,4.2,17.0,8.2,4.9,84
brasilia,Brasilia,DF,2024-12-29,22.0,26.4,19.5,20.8,20.8,15.0,10.8,4.3,81
brasilia,Brasilia,DF,2024-12-30,21.3,25.4,19.6,6.1,6.1,15.0,13.0,4.9,86
brasilia,Brasilia,DF,2024-12-31,21.4,25.5,18.5,11.2,11.2,8.0,10.8,4.5,83
brasilia,Brasilia,DF,2025-01-01,21.6,26.2,19.0,9.1,9.1,15.0,10.3,4.6,86
brasilia,Brasilia,DF,2025-01-02,21.8,26.1,18.5,11.7,11.7,11.0,13.5,6.5,81
brasilia,Brasilia,DF,2025-01-03,22.5,26.6,17.9,0.0,0.0,0.0,12.5,6.6,76
brasilia,Brasilia,DF,2025-01-04,23.1,28.3,19.1,0.7,0.7,3.0,11.9,4.6,76
brasilia,Brasilia,DF,2025-01-05,22.8,28.0,19.4,3.4,3.4,6.0,13.9,4.8,78
brasilia,Brasilia,DF,2025-01-06,22.1,25.0,19.8,0.8,0.8,5.0,14.1,5.4,82
brasilia,Brasilia,DF,2025-01-07,22.6,26.5,19.0,2.7,2.7,5.0,15.0,7.4,79
brasilia,Brasilia,DF,2025-01-08,21.7,25.0,19.9,23.1,23.1,16.0,13.4,7.7,87
brasilia,Brasilia,DF,2025-01-09,20.4,22.8,18.9,11.1,11.1,16.0,21.4,11.3,90
brasilia,Brasilia,DF,2025-01-10,21.6,25.9,19.5,4.7,4.7,12.0,13.0,8.6,84
brasilia,Brasilia,DF,2025-01-11,22.6,27.6,19.1,1.6,1.6,8.0,12.2,8.3,80
brasilia,Brasilia,DF,2025-01-12,22.2,26.7,18.9,9.3,9.3,14.0,9.2,5.8,84
brasilia,Brasilia,DF,2025-01-13,20.9,23.1,19.5,6.5,6.5,14.0,21.2,11.2,89
brasilia,Brasilia,DF,2025-01-14,20.3,23.1,18.9,21.8,21.8,19.0,14.0,9.7,91
brasilia,Brasilia,DF,2025-01-15,20.9,23.3,19.4,4.6,4.6,14.0,19.0,13.7,87
brasilia,Brasilia,DF,2025-01-16,20.4,22.5,19.2,11.5,11.5,17.0,23.0,15.1,90
brasilia,Brasilia,DF,2025-01-17,21.5,25.6,18.8,2.8,2.8,12.0,17.2,12.0,84
brasilia,Brasilia,DF,2025-01-18,22.3,26.7,18.1,1.6,1.6,7.0,11.2,6.2,77
brasilia,Brasilia,DF,2025-01-19,21.6,25.9,17.6,3.1,3.1,10.0,10.4,5.1,81
brasilia,Brasilia,DF,2025-01-20,22.1,26.4,17.4,0.1,0.1,1.0,9.8,3.6,77
brasilia,Brasilia,DF,2025-01-21,21.8,26.4,18.5,2.3,2.3,6.0,11.1,4.5,81
brasilia,Brasilia,DF,2025-01-22,22.7,27.4,19.0,7.9,7.9,5.0,12.2,5.9,80
brasilia,Brasilia,DF,2025-01-23,22.5,27.4,18.3,0.3,0.3,2.0,10.4,6.1,78
brasilia,Brasilia,DF,2025-01-24,22.8,27.6,18.3,0.7,0.7,4.0,15.2,9.2,75
brasilia,Brasilia,DF,2025-01-25,23.5,27.5,19.4,0.7,0.7,6.0,11.3,6.6,70
brasilia,Brasilia,DF,2025-01-26,23.4,28.4,18.9,0.4,0.4,4.0,9.7,6.2,71
brasilia,Brasilia,DF,2025-01-27,23.0,27.2,19.1,0.9,0.9,5.0,10.2,3.9,76
brasilia,Brasilia,DF,2025-01-28,23.3,28.1,19.7,1.5,1.5,3.0,10.3,3.3,76
brasilia,Brasilia,DF,2025-01-29,22.4,26.6,19.7,4.5,4.5,5.0,9.8,3.3,81
brasilia,Brasilia,DF,2025-01-30,21.0,23.3,19.4,2.2,2.2,11.0,10.6,6.6,87
brasilia,Brasilia,DF,2025-01-31,21.4,24.8,19.4,4.4,4.4,11.0,20.4,10.4,85
brasilia,Brasilia,DF,2025-02-01,21.0,25.6,19.0,12.7,12.7,17.0,13.1,10.1,87
brasilia,Brasilia,DF,2025-02-02,20.7,23.0,18.9,7.2,7.2,22.0,15.7,9.7,88
brasilia,Brasilia,DF,2025-02-03,21.4,25.5,18.4,2.6,2.6,14.0,11.5,6.2,83
brasilia,Brasilia,DF,2025-02-04,22.0,25.9,18.3,2.5,2.5,10.0,12.7,6.4,80
brasilia,Brasilia,DF,2025-02-05,22.2,26.1,18.0,0.3,0.3,3.0,14.8,6.1,74
brasilia,Brasilia,DF,2025-02-06,22.9,27.1,18.5,0.0,0.0,0.0,11.8,7.1,64
brasilia,Brasilia,DF,2025-02-07,23.0,27.7,18.3,0.1,0.1,1.0,15.0,9.3,62
brasilia,Brasilia,DF,2025-02-08,22.4,28.0,18.9,6.2,6.2,3.0,19.4,11.1,71
brasilia,Brasilia,DF,2025-02-09,22.0,26.1,19.1,0.1,0.1,1.0,16.3,11.7,71
brasilia,Brasilia,DF,2025-02-10,22.3,27.5,19.0,3.4,3.4,7.0,16.6,9.3,74
brasilia,Brasilia,DF,2025-02-11,21.6,27.9,19.0,18.0,18.0,6.0,13.2,7.7,79
brasilia,Brasilia,DF,2025-02-12,22.2,26.5,18.5,0.4,0.4,4.0,13.3,7.2,74
brasilia,Brasilia,DF,2025-02-13,23.2,27.5,18.8,0.1,0.1,1.0,12.5,6.4,69
brasilia,Brasilia,DF,2025-02-14,23.6,28.6,18.9,0.0,0.0,0.0,8.3,4.3,66
brasilia,Brasilia,DF,2025-02-15,23.8,28.1,19.6,0.6,0.6,5.0,13.7,6.8,69
brasilia,Brasilia,DF,2025-02-16,22.8,27.8,19.1,4.8,4.8,9.0,14.5,5.6,75
brasilia,Brasilia,DF,2025-02-17,23.8,28.5,19.2,0.3,0.3,3.0,14.0,7.0,66
brasilia,Brasilia,DF,2025-02-18,25.5,31.5,20.1,0.0,0.0,0.0,13.9,7.0,48
brasilia,Brasilia,DF,2025-02-19,25.9,32.1,19.5,0.0,0.0,0.0,15.5,9.0,48
brasilia,Brasilia,DF,2025-02-20,25.5,31.5,20.2,0.0,0.0,0.0,18.3,10.1,46
brasilia,Brasilia,DF,2025-02-21,25.5,31.4,19.6,0.0,0.0,0.0,16.3,10.4,49
brasilia,Brasilia,DF,2025-02-22,24.9,29.0,20.4,0.1,0.1,1.0,14.1,8.3,54
brasilia,Brasilia,DF,2025-02-23,24.5,28.9,20.0,1.1,1.1,5.0,13.2,7.2,59
brasilia,Brasilia,DF,2025-02-24,23.1,28.5,20.2,3.4,3.4,5.0,13.9,6.2,70
brasilia,Brasilia,DF,2025-02-25,23.0,27.2,19.6,0.5,0.5,4.0,16.9,9.1,74
brasilia,Brasilia,DF,2025-02-26,22.5,26.6,19.7,1.6,1.6,2.0,18.5,9.7,73
brasilia,Brasilia,DF,2025-02-27,23.3,27.8,19.2,0.1,0.1,1.0,15.1,7.9,68
brasilia,Brasilia,DF,2025-02-28,22.8,27.5,18.9,0.3,0.3,2.0,17.0,10.7,66
brasilia,Brasilia,DF,2025-03-01,22.6,26.2,19.0,0.9,0.9,4.0,22.3,15.8,66
brasilia,Brasilia,DF,2025-03-02,21.7,25.0,18.8,1.0,1.0,5.0,19.4,13.9,72
brasilia,Brasilia,DF,2025-03-03,23.1,27.9,18.9,0.3,0.3,2.0,17.9,12.4,65
brasilia,Brasilia,DF,2025-03-04,23.2,27.9,19.0,2.7,2.7,5.0,18.5,12.6,63
brasilia,Brasilia,DF,2025-03-05,22.7,26.9,18.4,1.2,1.2,7.0,21.2,14.8,62
brasilia,Brasilia,DF,2025-03-06,22.4,27.0,18.8,1.0,1.0,5.0,19.9,14.2,69
brasilia,Brasilia,DF,2025-03-07,23.3,28.8,18.3,0.0,0.0,0.0,20.4,13.2,60
brasilia,Brasilia,DF,2025-03-08,24.1,30.3,18.5,0.0,0.0,0.0,13.4,8.8,57
brasilia,Brasilia,DF,2025-03-09,25.0,30.2,19.8,0.0,0.0,0.0,14.4,6.0,50
brasilia,Brasilia,DF,2025-03-10,26.2,32.6,19.1,0.0,0.0,0.0,14.4,5.8,42
brasilia,Brasilia,DF,2025-03-11,26.3,31.6,20.5,0.0,0.0,0.0,9.6,5.5,46
brasilia,Brasilia,DF,2025-03-12,24.5,29.6,20.0,1.3,1.3,3.0,12.7,5.4,63
brasilia,Brasilia,DF,2025-03-13,23.8,28.1,19.9,3.9,3.9,3.0,12.2,5.3,71
brasilia,Brasilia,DF,2025-03-14,24.4,29.5,20.1,5.1,5.1,4.0,12.4,6.4,67
brasilia,Brasilia,DF,2025-03-15,24.3,29.5,20.1,0.2,0.2,2.0,11.2,6.4,70
brasilia,Brasilia,DF,2025-03-16,25.7,32.6,20.0,0.2,0.2,2.0,13.4,8.0,60
brasilia,Brasilia,DF,2025-03-17,25.3,31.0,20.6,0.0,0.0,0.0,11.0,5.4,55
brasilia,Brasilia,DF,2025-03-18,24.9,29.5,20.8,0.3,0.3,2.0,14.3,7.0,61
brasilia,Brasilia,DF,2025-03-19,24.4,29.9,19.4,5.2,5.2,7.0,12.3,6.6,65
brasilia,Brasilia,DF,2025-03-20,23.2,29.8,18.3,23.6,23.6,9.0,11.0,6.8,73
brasilia,Brasilia,DF,2025-03-21,22.8,28.1,19.4,5.7,5.7,6.0,14.0,6.7,73
brasilia,Brasilia,DF,2025-03-22,22.6,27.8,19.5,0.6,0.6,5.0,9.8,5.3,78
brasilia,Brasilia,DF,2025-03-23,22.0,27.3,19.0,25.5,25.5,12.0,10.4,6.3,81
brasilia,Brasilia,DF,2025-03-24,22.0,25.4,19.1,4.1,4.1,7.0,11.1,4.2,82
brasilia,Brasilia,DF,2025-03-25,22.2,25.5,19.5,1.8,1.8,7.0,10.4,3.9,82
brasilia,Brasilia,DF,2025-03-26,21.7,26.0,18.6,16.2,16.2,11.0,11.9,3.6,85
brasilia,Brasilia,DF,2025-03-27,21.9,26.2,18.6,2.6,2.6,9.0,12.2,5.7,84
brasilia,Brasilia,DF,2025-03-28,21.6,26.0,18.5,3.9,3.9,8.0,12.2,6.2,85
brasilia,Brasilia,DF,2025-03-29,22.8,27.2,18.9,0.4,0.4,3.0,13.8,6.7,77
brasilia,Brasilia,DF,2025-03-30,23.1,27.0,19.2,0.5,0.5,3.0,14.5,7.4,70
brasilia,Brasilia,DF,2025-03-31,23.7,28.6,19.5,0.1,0.1,1.0,10.9,6.5,65
brasilia,Brasilia,DF,2025-04-01,24.2,29.4,20.0,0.0,0.0,0.0,13.9,8.5,64
brasilia,Brasilia,DF,2025-04-02,24.4,29.8,19.6,0.0,0.0,0.0,17.3,9.2,61
brasilia,Brasilia,DF,2025-04-03,24.5,29.8,19.4,0.4,0.4,3.0,9.6,5.8,61
brasilia,Brasilia,DF,2025-04-04,23.8,28.1,21.1,1.6,1.6,4.0,19.1,8.4,66
brasilia,Brasilia,DF,2025-04-05,22.9,27.5,19.6,2.2,2.2,8.0,14.3,9.3,76
brasilia,Brasilia,DF,2025-04-06,22.8,28.0,18.8,0.4,0.4,3.0,22.5,14.9,70
brasilia,Brasilia,DF,2025-04-07,21.7,26.3,18.2,0.7,0.7,6.0,24.0,15.9,72
brasilia,Brasilia,DF,2025-04-08,21.8,26.5,18.0,0.2,0.2,2.0,18.1,9.9,74
brasilia,Brasilia,DF,2025-04-09,23.1,28.4,19.1,1.1,1.1,4.0,11.4,5.3,71
brasilia,Brasilia,DF,2025-04-10,22.1,26.8,19.4,10.7,10.7,16.0,10.0,4.6,82
brasilia,Brasilia,DF,2025-04-11,22.8,27.5,19.2,0.4,0.4,2.0,11.6,5.8,76
brasilia,Brasilia,DF,2025-04-12,22.7,27.7,18.0,1.8,1.8,3.0,13.5,7.1,70
brasilia,Brasilia,DF,2025-04-13,22.9,25.9,20.2,0.8,0.8,4.0,8.2,4.5,73
brasilia,Brasilia,DF,2025-04-14,21.7,26.2,19.2,18.8,18.8,11.0,11.4,4.6,83
brasilia,Brasilia,DF,2025-04-15,21.5,25.4,18.9,15.8,15.8,16.0,12.2,5.2,87
brasilia,Brasilia,DF,2025-04-16,22.0,25.8,19.3,0.5,0.5,4.0,11.3,6.4,83
brasilia,Brasilia,DF,2025-04-17,22.6,27.0,19.0,1.6,1.6,6.0,6.6,3.2,80
brasilia,Brasilia,DF,2025-04-18,21.8,26.8,18.7,9.5,9.5,10.0,11.8,5.4,86
brasilia,Brasilia,DF,2025-04-19,22.4,27.8,19.2,0.3,0.3,2.0,11.2,4.4,83
brasilia,Brasilia,DF,2025-04-20,22.6,26.7,19.3,0.9,0.9,6.0,8.6,4.7,80
brasilia,Brasilia,DF,2025-04-21,23.1,27.1,19.5,0.5,0.5,4.0,9.6,5.1,75
brasilia,Brasilia,DF,2025-04-22,22.9,26.9,19.9,1.1,1.1,6.0,13.1,7.1,78
brasilia,Brasilia,DF,2025-04-23,22.7,26.9,19.5,0.8,0.8,5.0,12.6,6.4,78
brasilia,Brasilia,DF,2025-04-24,23.1,27.5,19.4,0.8,0.8,6.0,10.3,6.3,71
brasilia,Brasilia,DF,2025-04-25,22.6,27.8,18.5,1.4,1.4,4.0,9.8,4.0,77
brasilia,Brasilia,DF,2025-04-26,22.9,27.7,19.5,2.9,2.9,4.0,6.9,2.9,78
brasilia,Brasilia,DF,2025-04-27,22.0,26.8,19.7,9.8,9.8,8.0,12.0,3.8,85
brasilia,Brasilia,DF,2025-04-28,21.7,26.4,18.8,12.3,12.3,9.0,10.2,4.8,85
brasilia,Brasilia,DF,2025-04-29,21.6,26.4,18.4,7.5,7.5,8.0,10.4,3.9,83
brasilia,Brasilia,DF,2025-04-30,21.1,26.0,18.4,6.4,6.4,11.0,10.8,6.1,86
brasilia,Brasilia,DF,2025-05-01,20.9,24.4,18.5,0.8,0.8,8.0,16.1,11.1,86
brasilia,Brasilia,DF,2025-05-02,20.7,24.6,17.9,1.5,1.5,8.0,16.0,11.6,82
brasilia,Brasilia,DF,2025-05-03,20.4,24.4,17.0,0.0,0.0,0.0,13.7,10.1,78
brasilia,Brasilia,DF,2025-05-04,20.0,25.0,16.2,0.0,0.0,0.0,13.3,9.5,70
brasilia,Brasilia,DF,2025-05-05,20.3,26.2,15.8,0.0,0.0,0.0,11.9,7.7,68
brasilia,Brasilia,DF,2025-05-06,21.6,27.2,16.7,0.9,0.9,4.0,11.2,7.1,69
brasilia,Brasilia,DF,2025-05-07,21.9,26.6,18.0,0.7,0.7,4.0,11.1,8.0,71
brasilia,Brasilia,DF,2025-05-08,22.0,27.0,18.0,0.0,0.0,0.0,13.2,9.4,67
brasilia,Brasilia,DF,2025-05-09,22.0,27.5,17.5,0.2,0.2,2.0,16.2,8.5,67
brasilia,Brasilia,DF,2025-05-10,22.6,27.3,18.4,0.0,0.0,0.0,9.9,5.6,67
brasilia,Brasilia,DF,2025-05-11,22.7,27.2,18.5,0.7,0.7,5.0,13.8,8.8,68
brasilia,Brasilia,DF,2025-05-12,21.9,25.8,18.5,0.3,0.3,3.0,18.0,12.3,65
brasilia,Brasilia,DF,2025-05-13,19.8,24.0,16.6,0.0,0.0,0.0,20.5,14.4,72
brasilia,Brasilia,DF,2025-05-14,18.8,23.0,15.7,0.6,0.6,5.0,20.7,14.1,77
brasilia,Brasilia,DF,2025-05-15,18.6,22.1,15.2,0.2,0.2,2.0,22.5,14.4,76
brasilia,Brasilia,DF,2025-05-16,18.6,22.5,15.1,0.6,0.6,4.0,21.3,16.1,75
brasilia,Brasilia,DF,2025-05-17,18.7,21.9,16.5,0.9,0.9,6.0,22.7,15.2,80
brasilia,Brasilia,DF,2025-05-18,18.6,22.9,14.9,0.0,0.0,0.0,21.1,13.5,73
brasilia,Brasilia,DF,2025-05-19,18.9,23.8,14.9,0.0,0.0,0.0,14.4,11.7,71
brasilia,Brasilia,DF,2025-05-20,19.0,24.1,14.6,0.0,0.0,0.0,10.8,8.1,66
brasilia,Brasilia,DF,2025-05-21,19.4,25.2,14.6,0.0,0.0,0.0,12.2,7.3,66
brasilia,Brasilia,DF,2025-05-22,20.2,25.5,15.9,0.3,0.3,3.0,12.1,6.2,69
brasilia,Brasilia,DF,2025-05-23,20.5,24.9,16.5,0.0,0.0,0.0,10.4,5.7,70
brasilia,Brasilia,DF,2025-05-24,21.2,26.0,17.5,0.0,0.0,0.0,13.1,8.4,64
brasilia,Brasilia,DF,2025-05-25,20.4,24.8,16.3,0.0,0.0,0.0,15.5,10.5,62
brasilia,Brasilia,DF,2025-05-26,19.8,25.0,15.1,0.0,0.0,0.0,13.2,10.2,61
brasilia,Brasilia,DF,2025-05-27,20.5,26.6,15.9,0.0,0.0,0.0,14.2,8.2,59
brasilia,Brasilia,DF,2025-05-28,21.4,27.0,16.7,0.0,0.0,0.0,10.7,6.7,60
brasilia,Brasilia,DF,2025-05-29,20.6,26.5,15.6,0.0,0.0,0.0,12.0,6.2,65
brasilia,Brasilia,DF,2025-05-30,19.8,25.9,14.4,0.0,0.0,0.0,9.2,6.7,70
brasilia,Brasilia,DF,2025-05-31,21.5,26.8,17.0,0.1,0.1,1.0,13.5,7.9,65
brasilia,Brasilia,DF,2025-06-01,21.0,24.9,17.4,0.7,0.7,3.0,15.2,9.8,72
brasilia,Brasilia,DF,2025-06-02,20.9,25.0,17.5,0.2,0.2,2.0,18.2,12.3,70
brasilia,Brasilia,DF,2025-06-03,20.5,25.0,17.0,0.2,0.2,2.0,17.1,11.3,73
brasilia,Brasilia,DF,2025-06-04,20.5,25.5,16.5,0.0,0.0,0.0,13.5,9.3,70
brasilia,Brasilia,DF,2025-06-05,20.9,26.0,16.8,0.0,0.0,0.0,14.1,8.3,67
brasilia,Brasilia,DF,2025-06-06,21.5,27.0,16.8,0.0,0.0,0.0,11.4,5.7,61
brasilia,Brasilia,DF,2025-06-07,21.7,27.8,16.9,0.0,0.0,0.0,11.7,6.7,56
brasilia,Brasilia,DF,2025-06-08,22.1,28.5,17.1,0.0,0.0,0.0,12.9,6.9,47
brasilia,Brasilia,DF,2025-06-09,22.2,28.1,17.2,0.0,0.0,0.0,14.8,7.8,45
brasilia,Brasilia,DF,2025-06-10,21.1,26.5,16.4,0.3,0.3,3.0,8.8,4.8,63
brasilia,Brasilia,DF,2025-06-11,21.2,27.8,16.2,0.0,0.0,0.0,13.8,8.7,62
brasilia,Brasilia,DF,2025-06-12,20.0,25.0,15.4,0.0,0.0,0.0,11.8,8.8,62
brasilia,Brasilia,DF,2025-06-13,19.3,23.8,15.8,1.1,1.1,5.0,17.9,13.1,70
brasilia,Brasilia,DF,2025-06-14,18.3,23.5,13.5,0.0,0.0,0.0,16.7,13.1,66
brasilia,Brasilia,DF,2025-06-15,18.2,24.0,12.6,0.0,0.0,0.0,11.1,9.4,61
brasilia,Brasilia,DF,2025-06-16,18.8,24.5,13.8,0.0,0.0,0.0,14.7,10.8,56
brasilia,Brasilia,DF,2025-06-17,18.8,25.1,13.1,0.0,0.0,0.0,15.7,10.6,60
brasilia,Brasilia,DF,2025-06-18,19.7,25.4,14.8,0.0,0.0,0.0,14.7,10.0,62
brasilia,Brasilia,DF,2025-06-19,19.7,24.1,15.8,0.4,0.4,3.0,18.5,10.2,62
brasilia,Brasilia,DF,2025-06-20,19.8,24.2,15.1,0.0,0.0,0.0,13.5,5.9,53
brasilia,Brasilia,DF,2025-06-21,21.0,27.0,15.6,0.0,0.0,0.0,8.8,4.3,48
brasilia,Brasilia,DF,2025-06-22,21.4,27.9,15.4,0.0,0.0,0.0,7.6,4.0,51
brasilia,Brasilia,DF,2025-06-23,22.6,29.0,17.0,0.0,0.0,0.0,9.3,4.0,47
brasilia,Brasilia,DF,2025-06-24,20.5,25.4,16.5,0.2,0.2,2.0,16.2,7.7,67
brasilia,Brasilia,DF,2025-06-25,19.6,25.3,14.5,0.1,0.1,1.0,14.2,11.1,72
brasilia,Brasilia,DF,2025-06-26,20.3,25.4,15.8,0.0,0.0,0.0,15.3,11.5,62
brasilia,Brasilia,DF,2025-06-27,20.5,26.5,15.8,0.0,0.0,0.0,12.6,8.5,58
brasilia,Brasilia,DF,2025-06-28,20.3,25.7,15.0,0.0,0.0,0.0,17.3,11.6,55
brasilia,Brasilia,DF,2025-06-29,21.2,27.5,15.4,0.0,0.0,0.0,9.8,6.4,53
brasilia,Brasilia,DF,2025-06-30,21.0,26.4,16.5,0.0,0.0,0.0,15.5,9.6,52
brasilia,Brasilia,DF,2025-07-01,20.4,26.0,15.5,0.0,0.0,0.0,14.7,9.3,47
brasilia,Brasilia,DF,2025-07-02,20.2,25.9,15.1,0.0,0.0,0.0,14.9,11.3,49
brasilia,Brasilia,DF,2025-07-03,19.3,24.6,14.6,0.0,0.0,0.0,17.7,12.9,51
brasilia,Brasilia,DF,2025-07-04,18.8,23.9,14.1,0.0,0.0,0.0,16.8,12.4,55
brasilia,Brasilia,DF,2025-07-05,18.7,23.8,13.8,0.0,0.0,0.0,14.8,9.8,55
brasilia,Brasilia,DF,2025-07-06,19.1,24.3,13.8,0.0,0.0,0.0,11.0,7.2,53
brasilia,Brasilia,DF,2025-07-07,19.6,25.5,14.4,0.0,0.0,0.0,11.8,8.5,46
brasilia,Brasilia,DF,2025-07-08,19.6,24.9,14.2,0.0,0.0,0.0,12.1,8.6,48
brasilia,Brasilia,DF,2025-07-09,19.6,25.0,14.4,0.0,0.0,0.0,13.4,9.4,45
brasilia,Brasilia,DF,2025-07-10,19.1,24.5,13.9,0.0,0.0,0.0,16.2,11.9,46
brasilia,Brasilia,DF,2025-07-11,18.5,23.0,13.9,0.2,0.2,2.0,18.8,11.7,53
brasilia,Brasilia,DF,2025-07-12,18.5,23.5,13.6,1.0,1.0,3.0,19.8,12.2,57
brasilia,Brasilia,DF,2025-07-13,18.4,23.2,13.7,0.2,0.2,1.0,18.0,11.6,58
brasilia,Brasilia,DF,2025-07-14,18.6,23.0,14.4,0.0,0.0,0.0,13.6,9.3,54
brasilia,Brasilia,DF,2025-07-15,18.9,24.2,14.0,0.0,0.0,0.0,15.0,9.7,49
brasilia,Brasilia,DF,2025-07-16,19.7,25.7,14.5,0.0,0.0,0.0,12.6,7.9,47
brasilia,Brasilia,DF,2025-07-17,19.5,25.0,14.1,0.0,0.0,0.0,11.4,7.3,48
brasilia,Brasilia,DF,2025-07-18,20.1,25.9,14.5,0.0,0.0,0.0,8.5,5.0,43
brasilia,Brasilia,DF,2025-07-19,20.7,26.6,14.8,0.0,0.0,0.0,10.6,5.6,41
brasilia,Brasilia,DF,2025-07-20,21.1,27.0,15.9,0.0,0.0,0.0,10.5,5.4,40
brasilia,Brasilia,DF,2025-07-21,21.3,26.9,16.0,0.0,0.0,0.0,12.6,8.4,46
brasilia,Brasilia,DF,2025-07-22,21.9,27.3,16.8,0.0,0.0,0.0,9.8,7.4,45
brasilia,Brasilia,DF,2025-07-23,22.0,27.5,16.5,0.0,0.0,0.0,10.8,6.5,44
brasilia,Brasilia,DF,2025-07-24,22.2,27.7,17.0,0.0,0.0,0.0,12.8,7.2,40
brasilia,Brasilia,DF,2025-07-25,22.3,28.0,17.1,0.0,0.0,0.0,10.5,8.0,43
brasilia,Brasilia,DF,2025-07-26,22.4,27.9,17.3,0.0,0.0,0.0,10.0,8.3,41
brasilia,Brasilia,DF,2025-07-27,22.2,27.7,17.3,0.0,0.0,0.0,14.4,9.1,40
brasilia,Brasilia,DF,2025-07-28,23.0,29.5,16.8,0.0,0.0,0.0,12.7,6.7,39
brasilia,Brasilia,DF,2025-07-29,22.6,28.9,16.5,0.0,0.0,0.0,15.9,7.5,45
brasilia,Brasilia,DF,2025-07-30,21.6,28.5,15.0,0.0,0.0,0.0,11.4,8.1,45
brasilia,Brasilia,DF,2025-07-31,21.9,28.0,16.9,0.0,0.0,0.0,14.6,11.1,39
brasilia,Brasilia,DF,2025-08-01,21.6,27.6,16.1,0.0,0.0,0.0,13.6,11.7,54
brasilia,Brasilia,DF,2025-08-02,20.6,26.5,14.9,0.0,0.0,0.0,14.8,11.3,45
brasilia,Brasilia,DF,2025-08-03,19.5,25.8,13.6,0.0,0.0,0.0,14.2,10.5,41
brasilia,Brasilia,DF,2025-08-04,21.1,27.6,15.0,0.0,0.0,0.0,10.2,6.6,40
brasilia,Brasilia,DF,2025-08-05,21.7,26.9,16.7,0.0,0.0,0.0,10.6,5.8,45
brasilia,Brasilia,DF,2025-08-06,21.6,27.1,15.8,0.0,0.0,0.0,13.6,8.8,46
brasilia,Brasilia,DF,2025-08-07,23.0,29.1,17.3,0.0,0.0,0.0,11.2,5.3,41
brasilia,Brasilia,DF,2025-08-08,23.6,28.5,18.1,0.0,0.0,0.0,9.0,4.3,36
brasilia,Brasilia,DF,2025-08-09,22.7,29.9,16.8,0.0,0.0,0.0,17.0,9.9,38
brasilia,Brasilia,DF,2025-08-10,21.3,28.8,14.3,0.0,0.0,0.0,16.1,9.5,39
brasilia,Brasilia,DF,2025-08-11,21.1,28.0,14.8,0.0,0.0,0.0,13.7,8.9,33
brasilia,Brasilia,DF,2025-08-12,20.6,28.2,13.5,0.0,0.0,0.0,10.3,6.9,25
brasilia,Brasilia,DF,2025-08-13,23.0,29.8,16.4,0.0,0.0,0.0,11.3,7.0,39
brasilia,Brasilia,DF,2025-08-14,24.0,29.6,18.5,0.0,0.0,0.0,14.2,7.6,43
brasilia,Brasilia,DF,2025-08-15,23.4,28.8,18.5,0.0,0.0,0.0,15.8,10.8,40
brasilia,Brasilia,DF,2025-08-16,22.1,27.7,16.5,0.0,0.0,0.0,16.8,12.6,40
brasilia,Brasilia,DF,2025-08-17,22.0,28.0,16.1,0.0,0.0,0.0,14.0,11.4,38
brasilia,Brasilia,DF,2025-08-18,22.7,28.5,17.5,0.0,0.0,0.0,14.2,10.4,37
brasilia,Brasilia,DF,2025-08-19,22.6,28.5,17.0,0.0,0.0,0.0,14.8,10.2,35
brasilia,Brasilia,DF,2025-08-20,22.8,29.0,16.9,0.0,0.0,0.0,13.6,10.0,37
brasilia,Brasilia,DF,2025-08-21,23.2,29.5,17.4,0.0,0.0,0.0,17.2,11.6,32
brasilia,Brasilia,DF,2025-08-22,22.9,29.5,16.6,0.0,0.0,0.0,15.5,9.7,30
brasilia,Brasilia,DF,2025-08-23,23.0,29.3,17.4,0.0,0.0,0.0,11.7,8.1,34
brasilia,Brasilia,DF,2025-08-24,23.5,29.5,18.1,0.0,0.0,0.0,12.1,8.8,36
brasilia,Brasilia,DF,2025-08-25,23.8,29.5,18.8,0.0,0.0,0.0,15.1,11.1,36
brasilia,Brasilia,DF,2025-08-26,23.8,29.3,18.5,0.0,0.0,0.0,16.3,10.8,38
brasilia,Brasilia,DF,2025-08-27,24.2,30.0,18.5,0.0,0.0,0.0,14.3,10.1,37
brasilia,Brasilia,DF,2025-08-28,24.1,29.8,18.4,0.0,0.0,0.0,13.9,10.2,34
brasilia,Brasilia,DF,2025-08-29,23.6,28.6,18.6,0.0,0.0,0.0,15.0,11.3,37
brasilia,Brasilia,DF,2025-08-30,22.2,27.5,16.5,0.0,0.0,0.0,15.5,11.3,47
brasilia,Brasilia,DF,2025-08-31,23.1,28.9,17.8,0.0,0.0,0.0,16.9,11.6,42
brasilia,Brasilia,DF,2025-09-01,22.9,28.2,18.0,0.0,0.0,0.0,17.3,13.3,43
brasilia,Brasilia,DF,2025-09-02,22.0,26.7,17.8,0.0,0.0,0.0,21.0,16.5,44
brasilia,Brasilia,DF,2025-09-03,20.6,25.5,16.2,0.0,0.0,0.0,23.8,16.4,52
brasilia,Brasilia,DF,2025-09-04,21.5,27.4,15.2,0.0,0.0,0.0,14.9,10.4,52
brasilia,Brasilia,DF,2025-09-05,23.4,28.2,17.7,0.0,0.0,0.0,14.1,7.2,43
brasilia,Brasilia,DF,2025-09-06,24.5,29.5,19.1,0.0,0.0,0.0,16.3,8.3,34
brasilia,Brasilia,DF,2025-09-07,24.4,30.3,19.2,0.0,0.0,0.0,17.1,10.3,29
brasilia,Brasilia,DF,2025-09-08,23.8,29.9,18.0,0.0,0.0,0.0,15.8,11.6,29
brasilia,Brasilia,DF,2025-09-09,25.5,33.6,18.0,0.0,0.0,0.0,17.4,7.5,30
brasilia,Brasilia,DF,2025-09-10,26.3,33.0,19.4,0.0,0.0,0.0,15.7,5.7,30
brasilia,Brasilia,DF,2025-09-11,26.5,32.7,20.0,0.0,0.0,0.0,15.8,8.8,25
brasilia,Brasilia,DF,2025-09-12,27.0,33.0,20.7,0.0,0.0,0.0,9.9,5.6,26
brasilia,Brasilia,DF,2025-09-13,27.1,32.1,21.3,0.0,0.0,0.0,11.8,6.0,25
brasilia,Brasilia,DF,2025-09-14,26.6,32.2,21.2,0.0,0.0,0.0,14.4,8.4,30
brasilia,Brasilia,DF,2025-09-15,26.4,31.4,21.1,0.0,0.0,0.0,14.2,8.1,34
brasilia,Brasilia,DF,2025-09-16,25.7,30.4,20.9,0.0,0.0,0.0,12.7,6.1,37
brasilia,Brasilia,DF,2025-09-17,23.9,26.8,21.2,0.6,0.6,3.0,12.8,5.0,47
brasilia,Brasilia,DF,2025-09-18,24.8,32.0,20.7,4.6,4.6,4.0,15.4,6.0,49
brasilia,Brasilia,DF,2025-09-19,23.1,27.7,20.4,2.8,2.8,7.0,16.0,9.5,58
brasilia,Brasilia,DF,2025-09-20,21.7,27.2,17.6,7.2,7.2,11.0,11.4,6.7,69
brasilia,Brasilia,DF,2025-09-21,25.4,31.2,19.2,0.1,0.1,1.0,13.0,8.3,48
brasilia,Brasilia,DF,2025-09-22,24.1,28.0,20.5,0.5,0.5,4.0,22.6,11.4,61
brasilia,Brasilia,DF,2025-09-23,22.5,27.6,19.0,13.3,13.3,6.0,18.1,7.1,76
brasilia,Brasilia,DF,2025-09-24,21.2,25.5,19.0,5.0,5.0,10.0,16.5,9.9,82
brasilia,Brasilia,DF,2025-09-25,21.5,25.6,18.0,1.9,1.9,6.0,21.7,14.8,71
brasilia,Brasilia,DF,2025-09-26,20.4,24.8,16.8,0.6,0.6,5.0,24.9,15.4,69
brasilia,Brasilia,DF,2025-09-27,20.6,26.5,15.1,0.0,0.0,0.0,14.7,11.9,61
brasilia,Brasilia,DF,2025-09-28,22.9,30.1,16.6,0.0,0.0,0.0,11.7,8.3,44
brasilia,Brasilia,DF,2025-09-29,24.7,31.4,17.8,0.0,0.0,0.0,15.0,8.4,31
brasilia,Brasilia,DF,2025-09-30,25.6,31.9,19.2,0.0,0.0,0.0,15.5,11.3,27
brasilia,Brasilia,DF,2025-10-01,25.5,31.5,19.0,0.0,0.0,0.0,15.7,10.6,32
brasilia,Brasilia,DF,2025-10-02,25.0,31.0,19.5,0.0,0.0,0.0,18.1,11.9,29
brasilia,Brasilia,DF,2025-10-03,24.0,30.1,17.9,0.0,0.0,0.0,17.1,13.3,34
brasilia,Brasilia,DF,2025-10-04,23.9,29.9,17.8,0.0,0.0,0.0,19.3,15.1,37
brasilia,Brasilia,DF,2025-10-05,24.3,30.2,18.1,0.0,0.0,0.0,16.8,12.2,38
brasilia,Brasilia,DF,2025-10-06,25.8,31.8,19.2,0.0,0.0,0.0,12.9,7.4,38
brasilia,Brasilia,DF,2025-10-07,27.4,32.2,21.0,0.0,0.0,0.0,9.7,5.6,31
brasilia,Brasilia,DF,2025-10-08,27.9,33.2,22.8,0.0,0.0,0.0,15.3,9.3,29
brasilia,Brasilia,DF,2025-10-09,26.1,30.6,21.2,0.0,0.0,0.0,18.0,12.9,35
brasilia,Brasilia,DF,2025-10-10,25.7,31.4,19.9,0.0,0.0,0.0,16.8,10.3,35
brasilia,Brasilia,DF,2025-10-11,25.5,31.3,20.6,0.1,0.1,1.0,14.2,7.6,37
brasilia,Brasilia,DF,2025-10-12,23.8,29.5,20.2,4.2,4.2,4.0,25.8,9.0,56
brasilia,Brasilia,DF,2025-10-13,22.6,28.3,18.5,17.1,17.1,10.0,12.0,6.2,68
brasilia,Brasilia,DF,2025-10-14,21.9,27.4,18.0,11.7,11.7,12.0,11.1,5.1,75
brasilia,Brasilia,DF,2025-10-15,22.9,27.1,19.9,4.0,4.0,6.0,12.2,5.0,74
brasilia,Brasilia,DF,2025-10-16,23.9,28.9,19.6,0.2,0.2,2.0,14.9,7.7,65
brasilia,Brasilia,DF,2025-10-17,25.0,30.4,20.1,0.0,0.0,0.0,12.3,6.7,56
brasilia,Brasilia,DF,2025-10-18,23.8,29.6,19.5,3.2,3.2,5.0,15.6,6.5,63
brasilia,Brasilia,DF,2025-10-19,22.3,28.2,18.5,5.0,5.0,8.0,15.5,7.6,73
brasilia,Brasilia,DF,2025-10-20,19.9,24.2,16.9,9.3,9.3,17.0,19.7,12.1,85
brasilia,Brasilia,DF,2025-10-21,17.1,20.2,14.8,1.4,1.4,10.0,25.1,18.9,81
brasilia,Brasilia,DF,2025-10-22,18.6,23.9,13.6,0.0,0.0,0.0,19.9,15.2,70
brasilia,Brasilia,DF,2025-10-23,19.8,25.5,14.9,0.0,0.0,0.0,21.9,13.8,63
brasilia,Brasilia,DF,2025-10-24,20.8,26.2,15.8,0.0,0.0,0.0,18.4,13.2,60
brasilia,Brasilia,DF,2025-10-25,22.3,27.8,17.0,0.3,0.3,3.0,13.3,8.8,56
brasilia,Brasilia,DF,2025-10-26,24.4,29.5,20.1,0.0,0.0,0.0,14.1,7.5,47
brasilia,Brasilia,DF,2025-10-27,25.3,30.0,20.9,0.0,0.0,0.0,15.7,8.8,43
brasilia,Brasilia,DF,2025-10-28,25.8,31.0,20.2,0.0,0.0,0.0,12.4,8.1,42
brasilia,Brasilia,DF,2025-10-29,27.0,32.0,21.5,0.4,0.4,3.0,14.9,5.0,38
brasilia,Brasilia,DF,2025-10-30,24.9,31.0,21.4,0.2,0.2,1.0,16.5,9.7,56
brasilia,Brasilia,DF,2025-10-31,21.6,24.7,19.8,7.3,7.3,8.0,10.7,7.4,79
brasilia,Brasilia,DF,2025-11-01,23.9,28.5,20.6,1.7,1.7,6.0,14.1,7.3,68
brasilia,Brasilia,DF,2025-11-02,24.9,30.6,20.0,0.1,0.1,1.0,11.1,6.9,62
brasilia,Brasilia,DF,2025-11-03,19.7,21.5,18.5,24.8,24.8,17.0,12.0,6.8,92
brasilia,Brasilia,DF,2025-11-04,22.0,26.0,19.1,8.0,8.0,4.0,12.2,6.9,79
brasilia,Brasilia,DF,2025-11-05,23.6,29.3,19.0,1.1,1.1,4.0,13.4,6.1,71
brasilia,Brasilia,DF,2025-11-06,23.6,29.3,18.7,0.1,0.1,1.0,12.6,6.0,67
brasilia,Brasilia,DF,2025-11-07,23.1,28.0,20.1,5.3,5.3,10.0,15.6,10.1,77
brasilia,Brasilia,DF,2025-11-08,22.2,25.5,20.4,5.8,5.8,8.0,19.5,13.6,80
brasilia,Brasilia,DF,2025-11-09,22.5,27.3,19.5,4.0,4.0,7.0,9.9,7.1,77
brasilia,Brasilia,DF,2025-11-10,23.2,28.4,20.5,2.5,2.5,9.0,16.2,10.9,77
brasilia,Brasilia,DF,2025-11-11,23.0,26.6,20.0,5.9,5.9,13.0,16.2,10.0,74
brasilia,Brasilia,DF,2025-11-12,23.7,27.9,19.1,2.4,2.4,8.0,13.8,9.8,63
brasilia,Brasilia,DF,2025-11-13,24.8,30.9,19.3,0.0,0.0,0.0,14.7,10.6,49
brasilia,Brasilia,DF,2025-11-14,25.5,31.6,19.6,0.0,0.0,0.0,13.4,8.6,46
brasilia,Brasilia,DF,2025-11-15,26.6,31.6,21.6,0.0,0.0,0.0,11.5,6.6,45
brasilia,Brasilia,DF,2025-11-16,26.4,31.8,22.0,0.4,0.4,4.0,12.1,6.3,47
brasilia,Brasilia,DF,2025-11-17,23.1,27.4,20.8,7.2,7.2,12.0,10.3,7.3,71
brasilia,Brasilia,DF,2025-11-18,23.9,30.2,18.8,1.9,1.9,4.0,18.5,8.8,65
brasilia,Brasilia,DF,2025-11-19,24.2,29.1,20.3,0.0,0.0,0.0,17.0,12.9,59
brasilia,Brasilia,DF,2025-11-20,24.9,30.7,18.0,0.0,0.0,0.0,13.4,8.3,44
brasilia,Brasilia,DF,2025-11-21,22.1,25.2,19.0,2.3,2.3,10.0,15.6,9.6,70
brasilia,Brasilia,DF,2025-11-22,21.8,26.8,18.5,4.9,4.9,7.0,14.6,7.6,77
brasilia,Brasilia,DF,2025-11-23,20.5,23.2,19.0,22.7,22.7,21.0,12.2,4.2,88
brasilia,Brasilia,DF,2025-11-24,21.7,26.5,18.6,14.6,14.6,12.0,10.3,6.0,83
brasilia,Brasilia,DF,2025-11-25,21.4,25.3,18.6,4.4,4.4,11.0,18.3,10.8,82
brasilia,Brasilia,DF,2025-11-26,21.2,25.9,18.3,5.2,5.2,15.0,10.9,4.3,84
brasilia,Brasilia,DF,2025-11-27,22.4,26.9,19.5,5.6,5.6,7.0,9.4,5.4,80
brasilia,Brasilia,DF,2025-11-28,21.9,26.5,18.5,2.4,2.4,7.0,10.2,5.9,80
brasilia,Brasilia,DF,2025-11-29,23.0,27.9,18.2,0.7,0.7,5.0,8.5,4.3,71
brasilia,Brasilia,DF,2025-11-30,23.4,28.4,19.6,0.4,0.4,4.0,12.6,7.0,70
brasilia,Brasilia,DF,2025-12-01,22.3,27.0,18.5,9.6,9.6,5.0,21.1,6.7,75
brasilia,Brasilia,DF,2025-12-02,20.9,25.5,19.0,8.1,8.1,10.0,11.2,4.2,87
brasilia,Brasilia,DF,2025-12-03,22.2,27.0,19.5,13.7,13.7,10.0,19.7,7.0,79
brasilia,Brasilia,DF,2025-12-04,21.1,23.9,19.5,12.3,12.3,11.0,14.9,8.5,85
brasilia,Brasilia,DF,2025-12-05,20.9,24.7,19.0,22.6,22.6,17.0,11.5,6.3,85
brasilia,Brasilia,DF,2025-12-06,19.8,22.1,18.5,45.1,45.1,23.0,6.4,4.1,92
brasilia,Brasilia,DF,2025-12-07,20.4,24.0,18.7,14.3,14.3,14.0,15.9,9.6,87
brasilia,Brasilia,DF,2025-12-08,20.3,23.5,17.9,8.2,8.2,22.0,14.2,7.9,86
brasilia,Brasilia,DF,2025-12-09,20.2,24.1,18.5,14.6,14.6,23.0,18.4,11.7,89
brasilia,Brasilia,DF,2025-12-10,20.9,24.2,19.0,7.5,7.5,17.0,21.5,14.5,87
brasilia,Brasilia,DF,2025-12-11,22.7,26.6,19.5,0.9,0.9,1.0,15.5,10.6,78
brasilia,Brasilia,DF,2025-12-12,22.9,27.1,18.8,3.1,3.1,9.0,13.8,6.9,80
brasilia,Brasilia,DF,2025-12-13,22.6,26.4,19.3,8.2,8.2,14.0,10.1,6.2,82
brasilia,Brasilia,DF,2025-12-14,22.1,25.8,18.9,23.2,23.2,19.0,10.5,4.2,85
brasilia,Brasilia,DF,2025-12-15,22.3,26.8,19.7,10.9,10.9,18.0,12.3,5.6,84
brasilia,Brasilia,DF,2025-12-16,21.1,23.9,19.8,19.8,19.8,19.0,7.9,4.3,90
brasilia,Brasilia,DF,2025-12-17,22.1,26.4,18.9,6.2,6.2,8.0,7.6,5.1,82
brasilia,Brasilia,DF,2025-12-18,20.9,23.9,18.9,24.1,24.1,20.0,11.0,6.2,89
brasilia,Brasilia,DF,2025-12-19,21.7,24.5,19.3,0.8,0.8,7.0,9.7,6.0,83
brasilia,Brasilia,DF,2025-12-20,21.5,25.0,19.1,11.0,11.0,10.0,10.0,5.6,81
brasilia,Brasilia,DF,2025-12-21,22.1,26.1,18.5,5.4,5.4,7.0,11.4,5.7,75
brasilia,Brasilia,DF,2025-12-22,21.8,26.4,17.6,0.8,0.8,3.0,15.4,10.1,75
brasilia,Brasilia,DF,2025-12-23,22.0,26.0,18.1,1.0,1.0,4.0,13.7,9.0,70
brasilia,Brasilia,DF,2025-12-24,22.4,27.5,18.4,0.6,0.6,2.0,18.9,8.7,70
brasilia,Brasilia,DF,2025-12-25,23.7,28.5,19.2,0.6,0.6,1.0,14.1,6.3,66
brasilia,Brasilia,DF,2025-12-26,24.8,30.7,19.0,0.0,0.0,0.0,13.0,6.6,60
brasilia,Brasilia,DF,2025-12-27,26.0,32.5,19.4,0.1,0.1,1.0,16.3,7.3,52
brasilia,Brasilia,DF,2025-12-28,24.4,30.4,20.0,17.6,17.6,3.0,8.3,3.5,63
brasilia,Brasilia,DF,2025-12-29,23.6,30.0,19.6,12.9,12.9,7.0,9.9,5.3,74
brasilia,Brasilia,DF,2025-12-30,23.0,28.9,20.0,15.0,15.0,5.0,7.5,4.7,76
brasilia,Brasilia,DF,2025-12-31,23.1,28.6,18.9,1.7,1.7,3.0,8.8,4.2,72
brasilia,Brasilia,DF,2026-01-01,24.1,28.6,19.0,0.2,0.2,2.0,9.7,3.4,68
brasilia,Brasilia,DF,2026-01-02,24.0,28.2,20.0,2.8,2.8,2.0,16.3,7.2,73
brasilia,Brasilia,DF,2026-01-03,22.0,27.0,19.6,11.9,11.9,13.0,17.4,11.8,83
brasilia,Brasilia,DF,2026-01-04,20.7,23.4,18.9,9.5,9.5,16.0,19.0,12.0,86
brasilia,Brasilia,DF,2026-01-05,20.2,23.8,18.8,16.4,16.4,12.0,14.4,9.0,87
brasilia,Brasilia,DF,2026-01-06,19.2,20.5,18.2,29.2,29.2,24.0,13.6,9.5,93
brasilia,Brasilia,DF,2026-01-07,20.4,25.0,18.0,10.3,10.3,13.0,15.5,8.5,85
brasilia,Brasilia,DF,2026-01-08,21.5,26.2,17.4,3.2,3.2,10.0,16.7,9.3,78
brasilia,Brasilia,DF,2026-01-09,22.7,26.5,19.0,1.4,1.4,6.0,16.4,10.0,74
brasilia,Brasilia,DF,2026-01-10,22.6,27.1,18.5,3.9,3.9,2.0,16.0,10.3,71
brasilia,Brasilia,DF,2026-01-11,22.4,26.9,17.6,1.1,1.1,1.0,15.0,9.2,69
brasilia,Brasilia,DF,2026-01-12,21.8,24.6,19.2,8.4,8.4,4.0,18.0,6.6,74
brasilia,Brasilia,DF,2026-01-13,21.8,26.2,18.1,0.3,0.3,2.0,10.0,6.0,72
brasilia,Brasilia,DF,2026-01-14,22.6,27.0,18.5,1.4,1.4,7.0,15.2,8.7,74
brasilia,Brasilia,DF,2026-01-15,22.7,27.5,18.8,0.5,0.5,4.0,14.9,8.6,71
brasilia,Brasilia,DF,2026-01-16,23.1,27.8,19.0,0.2,0.2,2.0,14.2,9.0,66
brasilia,Brasilia,DF,2026-01-17,24.3,29.8,18.8,0.0,0.0,0.0,12.4,6.9,58
brasilia,Brasilia,DF,2026-01-18,22.4,28.5,19.6,20.4,20.4,7.0,14.7,3.4,75
brasilia,Brasilia,DF,2026-01-19,21.6,25.8,18.4,7.3,7.3,11.0,15.0,10.4,81
brasilia,Brasilia,DF,2026-01-20,20.8,24.6,19.0,16.1,16.1,24.0,15.5,8.8,87
brasilia,Brasilia,DF,2026-01-21,20.8,24.7,18.5,19.2,19.2,18.0,19.0,12.0,84
brasilia,Brasilia,DF,2026-01-22,20.5,23.3,18.6,10.5,10.5,21.0,15.9,11.4,86
brasilia,Brasilia,DF,2026-01-23,20.7,23.9,18.6,12.4,12.4,17.0,16.4,10.2,87
brasilia,Brasilia,DF,2026-01-24,21.3,25.6,18.7,7.2,7.2,13.0,12.7,7.6,85
brasilia,Brasilia,DF,2026-01-25,20.4,22.6,18.2,16.3,16.3,11.0,11.6,5.9,89
brasilia,Brasilia,DF,2026-01-26,21.9,26.6,17.7,0.7,0.7,2.0,14.7,8.5,81
brasilia,Brasilia,DF,2026-01-27,22.6,26.8,19.0,0.1,0.1,1.0,13.6,9.3,73
brasilia,Brasilia,DF,2026-01-28,22.4,26.4,19.6,3.0,3.0,9.0,10.4,5.8,73
brasilia,Brasilia,DF,2026-01-29,22.0,27.1,17.8,0.4,0.4,4.0,11.4,4.8,77
brasilia,Brasilia,DF,2026-01-30,22.1,26.9,18.9,3.2,3.2,3.0,15.6,8.4,78
brasilia,Brasilia,DF,2026-01-31,22.6,27.4,19.1,1.8,1.8,8.0,17.4,9.3,79
brasilia,Brasilia,DF,2026-02-01,22.8,27.4,19.5,0.2,0.2,1.0,16.2,10.2,75
brasilia,Brasilia,DF,2026-02-02,22.4,26.1,19.3,18.8,18.8,12.0,11.1,6.3,80
brasilia,Brasilia,DF,2026-02-03,21.2,25.3,19.2,26.9,26.9,14.0,16.8,9.7,86
brasilia,Brasilia,DF,2026-02-04,21.0,24.5,18.5,15.4,15.4,19.0,11.8,7.3,87
brasilia,Brasilia,DF,2026-02-05,21.6,26.6,19.5,9.9,9.9,15.0,10.9,5.2,86
brasilia,Brasilia,DF,2026-02-06,22.5,27.3,18.4,5.2,5.2,8.0,9.7,4.7,79
brasilia,Brasilia,DF,2026-02-07,22.2,26.5,18.0,3.8,3.8,8.0,16.6,8.3,79
brasilia,Brasilia,DF,2026-02-08,22.5,26.1,19.2,4.2,4.2,8.0,17.9,10.2,77
brasilia,Brasilia,DF,2026-02-09,20.5,23.4,18.3,8.5,8.5,12.0,16.3,10.6,87
brasilia,Brasilia,DF,2026-02-10,21.1,25.2,18.6,2.1,2.1,12.0,16.7,8.1,82
brasilia,Brasilia,DF,2026-02-11,20.8,23.2,18.3,7.0,7.0,16.0,13.6,8.4,83
brasilia,Brasilia,DF,2026-02-12,21.9,26.1,18.4,1.5,1.5,8.0,16.6,8.4,78
brasilia,Brasilia,DF,2026-02-13,22.6,27.1,18.0,0.6,0.6,5.0,14.1,8.0,68
brasilia,Brasilia,DF,2026-02-14,23.7,28.1,19.6,0.6,0.6,3.0,17.8,10.0,67
brasilia,Brasilia,DF,2026-02-15,24.4,29.5,20.1,0.8,0.8,4.0,15.9,10.8,63
brasilia,Brasilia,DF,2026-02-16,24.5,29.2,20.3,0.2,0.2,2.0,16.9,11.1,59
brasilia,Brasilia,DF,2026-02-17,24.6,29.6,19.5,0.7,0.7,5.0,12.4,7.7,55
brasilia,Brasilia,DF,2026-02-18,23.2,29.2,19.6,3.9,3.9,10.0,14.0,5.2,66
brasilia,Brasilia,DF,2026-02-19,22.6,27.8,19.2,7.3,7.3,7.0,13.1,7.3,76
brasilia,Brasilia,DF,2026-02-20,21.3,26.0,19.5,13.7,13.7,14.0,15.8,8.7,84
brasilia,Brasilia,DF,2026-02-21,21.0,24.8,19.0,23.3,23.3,19.0,14.7,9.4,85
brasilia,Brasilia,DF,2026-02-22,21.1,24.3,19.0,14.6,14.6,14.0,14.3,9.9,85
brasilia,Brasilia,DF,2026-02-23,20.7,24.0,19.0,3.8,3.8,12.0,19.0,13.7,86
brasilia,Brasilia,DF,2026-02-24,21.3,24.9,19.0,1.1,1.1,9.0,20.7,13.9,84
brasilia,Brasilia,DF,2026-02-25,21.3,25.5,19.2,2.5,2.5,9.0,24.0,16.1,85
brasilia,Brasilia,DF,2026-02-26,21.3,24.1,19.5,4.5,4.5,17.0,25.6,18.0,85
brasilia,Brasilia,DF,2026-02-27,21.6,26.4,19.4,14.2,14.2,12.0,13.5,9.7,86
brasilia,Brasilia,DF,2026-02-28,21.7,26.4,19.1,8.6,8.6,17.0,12.4,7.2,84
brasilia,Brasilia,DF,2026-03-01,22.7,28.0,18.5,1.2,1.2,4.0,10.8,5.0,75
brasilia,Brasilia,DF,2026-03-02,23.0,27.8,19.1,0.9,0.9,8.0,12.8,6.7,71
brasilia,Brasilia,DF,2026-03-03,21.8,27.0,18.0,3.4,3.4,9.0,13.8,5.6,82
brasilia,Brasilia,DF,2026-03-04,22.6,27.8,18.8,2.1,2.1,9.0,10.7,6.0,78
brasilia,Brasilia,DF,2026-03-05,23.2,28.2,19.5,2.1,2.1,10.0,16.0,9.4,72
brasilia,Brasilia,DF,2026-03-06,21.7,26.0,19.6,10.8,10.8,21.0,19.5,11.0,84
brasilia,Brasilia,DF,2026-03-07,21.7,26.4,18.4,2.6,2.6,10.0,13.9,6.5,83
brasilia,Brasilia,DF,2026-03-08,22.5,27.4,20.0,4.1,4.1,8.0,11.2,5.4,81
brasilia,Brasilia,DF,2026-03-09,22.9,27.1,20.0,2.2,2.2,8.0,14.5,5.2,76
brasilia,Brasilia,DF,2026-03-10,23.1,27.9,18.8,5.5,5.5,2.0,12.3,6.1,76
brasilia,Brasilia,DF,2026-03-11,22.9,28.9,19.4,2.0,2.0,7.0,10.8,4.8,80
brasilia,Brasilia,DF,2026-03-12,21.1,24.4,18.9,19.1,19.1,10.0,15.5,7.2,89
brasilia,Brasilia,DF,2026-03-13,22.3,26.8,19.4,0.1,0.1,1.0,17.7,9.6,80
brasilia,Brasilia,DF,2026-03-14,22.1,26.0,19.1,2.6,2.6,9.0,15.0,8.5,82
brasilia,Brasilia,DF,2026-03-15,22.4,27.1,18.8,8.3,8.3,8.0,8.9,4.3,80
brasilia,Brasilia,DF,2026-03-16,21.6,25.4,19.2,20.8,20.8,13.0,9.7,3.9,86
brasilia,Brasilia,DF,2026-03-17,21.6,25.5,19.1,8.7,8.7,18.0,7.4,3.9,85
brasilia,Brasilia,DF,2026-03-18,21.4,26.1,18.0,9.2,9.2,13.0,9.0,4.8,84
brasilia,Brasilia,DF,2026-03-19,22.3,27.0,18.5,0.8,0.8,6.0,13.5,6.0,81
brasilia,Brasilia,DF,2026-03-20,22.3,26.6,19.7,7.8,7.8,10.0,12.7,7.0,78
brasilia,Brasilia,DF,2026-03-21,22.0,26.0,19.1,17.9,17.9,10.0,11.8,6.2,81
brasilia,Brasilia,DF,2026-03-22,22.0,26.8,19.0,20.2,20.2,12.0,11.6,6.2,83
brasilia,Brasilia,DF,2026-03-23,22.9,28.4,18.0,0.6,0.6,6.0,11.3,5.5,75
brasilia,Brasilia,DF,2026-03-24,21.4,25.4,18.4,2.3,2.3,4.0,10.9,5.7,79
brasilia,Brasilia,DF,2026-03-25,20.2,23.9,17.2,1.1,1.1,5.0,12.7,6.8,83
brasilia,Brasilia,DF,2026-03-26,20.2,24.5,17.6,14.7,14.7,11.0,12.4,7.6,88
brasilia,Brasilia,DF,2026-03-27,21.3,25.8,18.2,1.3,1.3,8.0,21.2,13.5,80
brasilia,Brasilia,DF,2026-03-28,21.4,26.2,17.8,0.0,0.0,0.0,20.4,12.9,74
brasilia,Brasilia,DF,2026-03-29,21.4,25.9,17.5,0.0,0.0,0.0,14.4,12.0,75
brasilia,Brasilia,DF,2026-03-30,21.6,26.2,17.8,0.5,0.5,5.0,12.5,7.0,71
brasilia,Brasilia,DF,2026-03-31,21.9,26.0,18.3,2.6,2.6,5.0,15.4,5.2,74
brasilia,Brasilia,DF,2026-04-01,20.1,23.3,17.7,28.2,28.2,10.0,14.0,4.6,88
brasilia,Brasilia,DF,2026-04-02,20.5,25.0,17.7,10.9,10.9,12.0,9.6,5.1,87
brasilia,Brasilia,DF,2026-04-03,21.2,24.8,18.6,6.2,6.2,11.0,12.3,8.1,85
brasilia,Brasilia,DF,2026-04-04,22.3,26.6,18.7,0.3,0.3,2.0,11.7,7.9,76
brasilia,Brasilia,DF,2026-04-05,22.8,26.9,19.3,0.3,0.3,2.0,11.7,5.9,75
brasilia,Brasilia,DF,2026-04-06,22.6,27.0,19.8,0.5,0.5,4.0,15.3,8.0,77
brasilia,Brasilia,DF,2026-04-07,22.0,27.1,19.4,12.9,12.9,7.0,14.0,5.5,82
brasilia,Brasilia,DF,2026-04-08,22.3,27.1,19.2,10.1,10.1,7.0,10.6,4.3,79
brasilia,Brasilia,DF,2026-04-09,21.3,25.9,19.4,17.7,17.7,10.0,9.8,4.2,86
brasilia,Brasilia,DF,2026-04-10,22.0,26.4,17.5,0.9,0.9,6.0,10.1,5.5,82
brasilia,Brasilia,DF,2026-04-11,22.3,25.9,19.4,0.5,0.5,3.0,16.7,10.1,81
brasilia,Brasilia,DF,2026-04-12,21.6,25.5,18.5,0.9,0.9,7.0,19.8,13.3,79
brasilia,Brasilia,DF,2026-04-13,20.8,24.4,17.8,0.5,0.5,4.0,16.3,10.2,81
brasilia,Brasilia,DF,2026-04-14,21.2,25.1,17.7,0.8,0.8,7.0,13.4,8.7,80
brasilia,Brasilia,DF,2026-04-15,21.4,25.8,18.4,2.2,2.2,9.0,11.0,7.1,79
brasilia,Brasilia,DF,2026-04-16,21.7,25.8,19.2,5.1,5.1,12.0,12.8,6.3,78
brasilia,Brasilia,DF,2026-04-17,21.3,25.2,19.0,0.5,0.5,3.0,7.6,3.4,81
brasilia,Brasilia,DF,2026-04-18,22.4,27.5,17.9,0.7,0.7,3.0,9.6,4.4,73
brasilia,Brasilia,DF,2026-04-19,23.0,28.0,17.8,0.0,0.0,0.0,7.5,3.5,63
brasilia,Brasilia,DF,2026-04-20,23.0,27.4,18.4,0.6,0.6,4.0,9.6,4.3,65
brasilia,Brasilia,DF,2026-04-21,23.3,27.9,19.5,0.0,0.0,0.0,9.8,5.8,67
brasilia,Brasilia,DF,2026-04-22,22.9,27.1,19.3,0.2,0.2,2.0,12.1,7.7,66
brasilia,Brasilia,DF,2026-04-23,22.4,27.2,18.6,0.2,0.2,2.0,14.4,10.2,66
brasilia,Brasilia,DF,2026-04-24,22.2,27.4,17.7,0.0,0.0,0.0,13.2,6.6,64
brasilia,Brasilia,DF,2026-04-25,22.8,28.0,18.1,0.1,0.1,1.0,9.2,4.6,67
brasilia,Brasilia,DF,2026-04-26,22.5,26.9,18.4,1.6,1.6,5.0,12.6,4.3,71
brasilia,Brasilia,DF,2026-04-27,23.1,27.5,19.0,1.5,1.5,7.0,12.2,3.9,72
brasilia,Brasilia,DF,2026-04-28,23.1,27.8,18.9,0.1,0.1,1.0,11.3,6.4,65
brasilia,Brasilia,DF,2026-04-29,22.4,27.4,18.5,0.0,0.0,0.0,12.4,8.1,61
brasilia,Brasilia,DF,2026-04-30,21.7,27.2,16.9,0.0,0.0,0.0,16.6,10.2,63
brasilia,Brasilia,DF,2026-05-01,21.7,26.4,17.5,0.0,0.0,0.0,21.4,11.9,67
brasilia,Brasilia,DF,2026-05-02,22.5,27.8,17.8,0.0,0.0,0.0,8.9,6.4,67
brasilia,Brasilia,DF,2026-05-03,23.0,27.2,18.8,0.0,0.0,0.0,16.8,9.8,64
brasilia,Brasilia,DF,2026-05-04,21.5,24.4,18.8,1.6,1.6,9.0,16.7,9.6,68
brasilia,Brasilia,DF,2026-05-05,21.3,26.5,16.9,0.0,0.0,0.0,16.0,11.3,65
brasilia,Brasilia,DF,2026-05-06,20.8,25.5,16.7,0.0,0.0,0.0,23.1,12.1,68
brasilia,Brasilia,DF,2026-05-07,21.8,27.7,17.2,0.0,0.0,0.0,16.0,9.2,66
brasilia,Brasilia,DF,2026-05-08,22.0,26.7,17.9,0.2,0.2,2.0,9.3,6.2,66
brasilia,Brasilia,DF,2026-05-09,22.4,28.0,18.2,0.0,0.0,0.0,10.5,7.2,61
brasilia,Brasilia,DF,2026-05-10,22.6,28.5,17.6,0.0,0.0,0.0,16.6,4.8,58
brasilia,Brasilia,DF,2026-05-11,20.8,26.8,15.9,0.0,0.0,0.0,15.4,8.8,71
brasilia,Brasilia,DF,2026-05-12,21.3,26.6,16.4,0.1,0.1,1.0,11.5,6.7,71
brasilia,Brasilia,DF,2026-05-13,22.0,26.0,18.7,0.0,0.0,0.0,8.1,3.7,68
brasilia,Brasilia,DF,2026-05-14,22.5,27.2,18.5,0.0,0.0,0.0,5.7,3.5,65
brasilia,Brasilia,DF,2026-05-15,22.2,26.7,18.1,0.4,0.4,2.0,8.9,4.5,67
