city_id,city_name,state,date,temperature_2m_mean,temperature_2m_max,temperature_2m_min,precipitation_sum,rain_sum,precipitation_hours,wind_speed_10m_max,wind_speed_10m_mean,relative_humidity_2m_mean
brasilia,Brasilia,DF,2021-01-01,23.1,28.8,19.6,0.3,0.3,3.0,17.4,8.0,73
brasilia,Brasilia,DF,2021-01-02,22.5,27.1,19.9,4.2,4.2,7.0,10.6,6.2,77
brasilia,Brasilia,DF,2021-01-03,22.4,28.0,18.5,9.4,9.4,6.0,16.5,7.1,76
brasilia,Brasilia,DF,2021-01-04,20.5,23.7,18.5,4.8,4.8,10.0,10.6,6.3,85
brasilia,Brasilia,DF,2021-01-05,22.9,27.0,17.8,0.0,0.0,0.0,8.0,5.0,73
brasilia,Brasilia,DF,2021-01-06,24.7,28.6,20.4,0.3,0.3,3.0,9.9,5.6,63
brasilia,Brasilia,DF,2021-01-07,23.4,27.9,20.0,0.8,0.8,3.0,11.2,6.4,75
brasilia,Brasilia,DF,2021-01-08,23.0,28.6,19.2,1.1,1.1,3.0,13.8,6.6,81
brasilia,Brasilia,DF,2021-01-09,23.7,28.0,20.0,5.7,5.7,9.0,7.3,4.9,74
brasilia,Brasilia,DF,2021-01-10,22.4,27.1,19.5,11.5,11.5,14.0,9.3,5.9,82
brasilia,Brasilia,DF,2021-01-11,22.3,26.8,18.6,8.0,8.0,7.0,14.5,7.4,83
brasilia,Brasilia,DF,2021-01-12,22.4,26.3,19.1,10.1,10.1,5.0,7.0,4.8,81
brasilia,Brasilia,DF,2021-01-13,23.2,27.5,19.4,4.4,4.4,7.0,14.0,5.4,78
brasilia,Brasilia,DF,2021-01-14,22.0,25.1,19.1,4.3,4.3,12.0,11.3,6.8,81
brasilia,Brasilia,DF,2021-01-15,22.1,25.5,18.9,4.7,4.7,13.0,14.9,7.6,81
brasilia,Brasilia,DF,2021-01-16,20.3,22.1,18.0,24.9,24.9,22.0,12.7,5.8,89
brasilia,Brasilia,DF,2021-01-17,21.7,24.9,18.6,0.7,0.7,3.0,9.3,5.0,75
brasilia,Brasilia,DF,2021-01-18,22.5,26.5,18.8,4.6,4.6,13.0,11.4,6.5,78
brasilia,Brasilia,DF,2021-01-19,22.6,27.1,17.8,0.5,0.5,4.0,12.0,6.4,70
brasilia,Brasilia,DF,2021-01-20,22.1,26.5,17.2,0.0,0.0,0.0,12.9,7.6,69
brasilia,Brasilia,DF,2021-01-21,22.9,27.4,18.6,0.0,0.0,0.0,14.2,9.8,63
brasilia,Brasilia,DF,2021-01-22,22.6,26.7,18.3,0.4,0.4,2.0,14.3,8.9,66
brasilia,Brasilia,DF,2021-01-23,22.7,27.4,17.8,0.0,0.0,0.0,13.7,9.5,64
brasilia,Brasilia,DF,2021-01-24,23.2,27.9,19.0,0.0,0.0,0.0,14.6,7.9,62
brasilia,Brasilia,DF,2021-01-25,23.2,26.8,18.4,0.3,0.3,2.0,12.1,7.0,62
brasilia,Brasilia,DF,2021-01-26,22.5,28.1,18.6,5.1,5.1,6.0,12.1,7.0,76
brasilia,Brasilia,DF,2021-01-27,22.8,26.7,18.0,0.5,0.5,3.0,13.1,6.9,71
brasilia,Brasilia,DF,2021-01-28,23.7,28.3,20.2,0.0,0.0,0.0,13.6,5.5,55
brasilia,Brasilia,DF,2021-01-29,23.7,27.9,18.6,0.0,0.0,0.0,10.7,7.0,54
brasilia,Brasilia,DF,2021-01-30,23.8,27.8,19.0,0.5,0.5,4.0,12.9,7.3,59
brasilia,Brasilia,DF,2021-01-31,24.5,28.4,20.2,0.6,0.6,6.0,8.7,4.5,60
brasilia,Brasilia,DF,2021-02-01,24.1,29.1,19.5,0.1,0.1,1.0,11.8,7.6,65
brasilia,Brasilia,DF,2021-02-02,24.0,28.7,19.4,0.7,0.7,4.0,15.2,8.7,67
brasilia,Brasilia,DF,2021-02-03,23.4,28.0,19.9,3.6,3.6,8.0,11.6,6.5,72
brasilia,Brasilia,DF,2021-02-04,22.8,28.1,19.0,12.8,12.8,12.0,10.6,3.8,76
brasilia,Brasilia,DF,2021-02-05,22.9,27.1,19.2,8.3,8.3,12.0,14.1,9.2,81
brasilia,Brasilia,DF,2021-02-06,20.7,22.1,19.2,13.2,13.2,19.0,18.5,11.9,89
brasilia,Brasilia,DF,2021-02-07,20.5,23.5,19.0,24.3,24.3,21.0,19.2,12.3,89
brasilia,Brasilia,DF,2021-02-08,20.5,24.5,18.1,19.6,19.6,22.0,14.8,8.3,87
brasilia,Brasilia,DF,2021-02-09,20.8,25.2,17.3,0.9,0.9,8.0,9.9,5.7,82
brasilia,Brasilia,DF,2021-02-10,22.3,26.0,18.4,1.5,1.5,11.0,7.5,4.3,73
brasilia,Brasilia,DF,2021-02-11,21.7,26.2,18.1,3.1,3.1,10.0,12.1,7.6,83
brasilia,Brasilia,DF,2021-02-12,21.0,24.3,18.9,9.7,9.7,16.0,10.1,5.5,88
brasilia,Brasilia,DF,2021-02-13,21.1,25.6,18.2,8.7,8.7,12.0,11.6,4.4,83
brasilia,Brasilia,DF,2021-02-14,21.5,25.9,19.5,12.6,12.6,16.0,10.1,4.3,84
brasilia,Brasilia,DF,2021-02-15,22.0,27.1,19.2,35.6,35.6,13.0,12.6,7.9,81
brasilia,Brasilia,DF,2021-02-16,21.1,25.0,19.0,10.2,10.2,16.0,14.8,7.6,87
brasilia,Brasilia,DF,2021-02-17,21.5,25.8,18.1,8.3,8.3,11.0,11.5,6.7,86
brasilia,Brasilia,DF,2021-02-18,21.8,25.9,19.2,15.5,15.5,19.0,14.0,8.5,86
brasilia,Brasilia,DF,2021-02-19,22.0,26.3,19.5,1.7,1.7,9.0,11.3,7.3,84
brasilia,Brasilia,DF,2021-02-20,21.5,25.3,18.8,7.9,7.9,15.0,14.6,7.4,85
brasilia,Brasilia,DF,2021-02-21,20.6,22.7,18.6,8.4,8.4,22.0,23.0,11.4,88
brasilia,Brasilia,DF,2021-02-22,21.5,26.0,18.4,4.7,4.7,15.0,12.2,7.3,84
brasilia,Brasilia,DF,2021-02-23,21.5,25.3,17.9,4.8,4.8,5.0,10.0,5.4,82
brasilia,Brasilia,DF,2021-02-24,21.8,26.0,18.5,13.3,13.3,8.0,11.0,5.6,82
brasilia,Brasilia,DF,2021-02-25,22.1,25.8,19.2,9.9,9.9,11.0,11.0,5.3,81
brasilia,Brasilia,DF,2021-02-26,20.6,22.7,18.3,27.9,27.9,19.0,11.1,5.6,88
brasilia,Brasilia,DF,2021-02-27,20.0,21.8,18.8,18.4,18.4,18.0,11.0,6.5,86
brasilia,Brasilia,DF,2021-02-28,19.9,22.3,18.2,12.1,12.1,19.0,14.7,8.3,87
brasilia,Brasilia,DF,2021-03-01,20.5,24.9,17.4,0.5,0.5,4.0,18.6,10.7,83
brasilia,Brasilia,DF,2021-03-02,21.2,25.0,18.1,1.0,1.0,6.0,18.5,8.7,82
brasilia,Brasilia,DF,2021-03-03,21.6,26.6,17.1,0.4,0.4,4.0,15.4,9.0,73
brasilia,Brasilia,DF,2021-03-04,22.6,26.6,18.0,0.0,0.0,0.0,10.0,6.6,67
brasilia,Brasilia,DF,2021-03-05,22.7,27.4,17.7,0.0,0.0,0.0,11.5,7.3,73
brasilia,Brasilia,DF,2021-03-06,22.3,27.5,18.3,1.9,1.9,5.0,15.6,7.6,76
brasilia,Brasilia,DF,2021-03-07,22.6,27.2,18.8,1.0,1.0,7.0,9.2,4.9,74
brasilia,Brasilia,DF,2021-03-08,21.5,26.0,18.2,11.2,11.2,12.0,14.3,5.6,82
brasilia,Brasilia,DF,2021-03-09,21.4,25.7,18.6,4.9,4.9,11.0,10.0,5.1,78
brasilia,Brasilia,DF,2021-03-10,21.2,25.2,18.9,2.8,2.8,11.0,12.1,6.3,83
brasilia,Brasilia,DF,2021-03-11,22.0,26.0,18.2,0.0,0.0,0.0,13.5,6.5,77
brasilia,Brasilia,DF,2021-03-12,21.7,26.5,18.6,6.0,6.0,8.0,13.1,4.4,83
brasilia,Brasilia,DF,2021-03-13,22.0,26.5,19.4,2.5,2.5,7.0,9.1,4.7,81
brasilia,Brasilia,DF,2021-03-14,21.2,25.6,17.6,8.0,8.0,10.0,11.1,5.4,84
brasilia,Brasilia,DF,2021-03-15,21.5,24.7,19.0,3.8,3.8,14.0,7.4,4.6,81
brasilia,Brasilia,DF,2021-03-16,21.1,23.1,19.6,7.3,7.3,14.0,7.4,3.8,83
brasilia,Brasilia,DF,2021-03-17,21.2,24.0,18.7,3.1,3.1,5.0,8.7,5.7,78
brasilia,Brasilia,DF,2021-03-18,22.1,25.1,19.2,1.3,1.3,6.0,14.4,6.2,75
brasilia,Brasilia,DF,2021-03-19,21.6,25.5,18.2,5.5,5.5,9.0,11.6,6.1,79
brasilia,Brasilia,DF,2021-03-20,21.5,25.9,17.8,2.0,2.0,8.0,14.3,7.8,79
brasilia,Brasilia,DF,2021-03-21,20.6,24.5,17.4,1.2,1.2,6.0,20.1,10.8,80
brasilia,Brasilia,DF,2021-03-22,20.9,25.8,16.9,0.1,0.1,1.0,21.3,11.2,75
brasilia,Brasilia,DF,2021-03-23,22.0,27.8,17.2,0.0,0.0,0.0,14.1,8.0,66
brasilia,Brasilia,DF,2021-03-24,21.9,27.9,16.8,0.0,0.0,0.0,14.8,9.8,66
brasilia,Brasilia,DF,2021-03-25,22.4,27.4,17.5,0.0,0.0,0.0,17.0,9.0,60
brasilia,Brasilia,DF,2021-03-26,22.7,27.6,17.9,0.0,0.0,0.0,12.1,6.1,54
brasilia,Brasilia,DF,2021-03-27,22.9,27.6,18.7,0.0,0.0,0.0,10.2,5.5,55
brasilia,Brasilia,DF,2021-03-28,24.1,29.3,20.8,0.0,0.0,0.0,9.7,5.5,49
brasilia,Brasilia,DF,2021-03-29,24.2,29.4,20.1,0.0,0.0,0.0,7.2,3.9,52
brasilia,Brasilia,DF,2021-03-30,23.2,28.2,17.2,0.0,0.0,0.0,9.1,6.2,58
brasilia,Brasilia,DF,2021-03-31,23.5,28.0,19.0,0.1,0.1,1.0,10.1,6.8,64
brasilia,Brasilia,DF,2021-04-01,23.4,28.4,18.2,0.3,0.3,2.0,9.0,5.5,65
brasilia,Brasilia,DF,2021-04-02,22.8,27.0,19.0,13.1,13.1,4.0,10.2,4.3,73
brasilia,Brasilia,DF,2021-04-03,21.8,25.9,18.8,4.3,4.3,12.0,11.5,6.2,83
brasilia,Brasilia,DF,2021-04-04,22.1,26.6,19.1,0.5,0.5,3.0,12.2,7.3,79
brasilia,Brasilia,DF,2021-04-05,21.4,26.9,18.0,5.5,5.5,7.0,19.5,10.6,84
brasilia,Brasilia,DF,2021-04-06,20.5,24.0,18.2,4.4,4.4,11.0,11.9,7.0,85
brasilia,Brasilia,DF,2021-04-07,20.1,23.8,17.6,11.6,11.6,14.0,14.2,7.4,89
brasilia,Brasilia,DF,2021-04-08,19.8,22.6,17.6,1.5,1.5,5.0,21.7,14.5,80
brasilia,Brasilia,DF,2021-04-09,19.7,24.3,16.7,0.0,0.0,0.0,20.9,13.5,75
brasilia,Brasilia,DF,2021-04-10,19.8,25.2,15.5,0.0,0.0,0.0,15.8,9.6,71
brasilia,Brasilia,DF,2021-04-11,20.6,26.0,15.7,0.0,0.0,0.0,9.6,6.1,68
brasilia,Brasilia,DF,2021-04-12,22.4,26.8,17.7,0.0,0.0,0.0,8.0,4.4,65
brasilia,Brasilia,DF,2021-04-13,22.6,27.2,18.8,0.0,0.0,0.0,10.2,6.6,64
brasilia,Brasilia,DF,2021-04-14,21.8,26.6,16.9,0.0,0.0,0.0,11.0,6.8,62
brasilia,Brasilia,DF,2021-04-15,21.5,26.0,17.2,0.0,0.0,0.0,11.2,7.7,66
brasilia,Brasilia,DF,2021-04-16,20.9,25.7,17.4,0.0,0.0,0.0,11.2,7.8,68
brasilia,Brasilia,DF,2021-04-17,21.1,25.2,16.5,0.3,0.3,2.0,8.2,5.3,66
brasilia,Brasilia,DF,2021-04-18,21.6,26.0,18.5,1.6,1.6,7.0,9.2,5.9,73
brasilia,Brasilia,DF,2021-04-19,20.6,24.4,18.1,5.2,5.2,9.0,11.2,5.6,81
brasilia,Brasilia,DF,2021-04-20,20.5,24.5,16.4,0.7,0.7,4.0,8.8,5.7,74
brasilia,Brasilia,DF,2021-04-21,20.5,25.5,15.9,0.0,0.0,0.0,9.7,6.3,63
brasilia,Brasilia,DF,2021-04-22,20.3,26.1,14.9,0.0,0.0,0.0,8.5,6.1,59
brasilia,Brasilia,DF,2021-04-23,20.7,27.1,14.8,0.0,0.0,0.0,7.9,4.6,61
brasilia,Brasilia,DF,2021-04-24,21.8,28.1,15.6,0.0,0.0,0.0,8.2,5.0,60
brasilia,Brasilia,DF,2021-04-25,22.4,27.6,17.5,0.0,0.0,0.0,9.5,6.1,64
brasilia,Brasilia,DF,2021-04-26,22.3,27.0,17.8,0.9,0.9,6.0,8.6,5.6,68
brasilia,Brasilia,DF,2021-04-27,21.8,25.4,18.2,0.5,0.5,4.0,9.4,4.0,70
brasilia,Brasilia,DF,2021-04-28,21.5,26.6,17.4,1.6,1.6,6.0,13.4,7.5,74
brasilia,Brasilia,DF,2021-04-29,20.8,24.1,18.7,0.4,0.4,3.0,15.0,7.9,80
brasilia,Brasilia,DF,2021-04-30,20.1,24.0,17.8,9.9,9.9,7.0,15.1,10.3,83
brasilia,Brasilia,DF,2021-05-01,19.7,24.1,16.7,0.0,0.0,0.0,16.7,12.5,75
brasilia,Brasilia,DF,2021-05-02,19.2,24.1,15.6,0.0,0.0,0.0,13.8,10.0,72
brasilia,Brasilia,DF,2021-05-03,18.7,24.8,13.9,0.0,0.0,0.0,12.5,8.4,67
brasilia,Brasilia,DF,2021-05-04,19.4,24.8,14.3,0.0,0.0,0.0,13.7,7.7,65
brasilia,Brasilia,DF,2021-05-05,19.6,24.5,14.5,0.0,0.0,0.0,14.2,7.0,69
brasilia,Brasilia,DF,2021-05-06,21.1,24.8,16.9,0.3,0.3,2.0,9.4,4.5,64
brasilia,Brasilia,DF,2021-05-07,21.6,26.4,17.0,0.4,0.4,3.0,10.0,4.6,64
brasilia,Brasilia,DF,2021-05-08,21.1,25.6,16.8,0.0,0.0,0.0,14.7,9.0,66
brasilia,Brasilia,DF,2021-05-09,20.5,25.1,16.5,0.0,0.0,0.0,19.6,11.9,65
brasilia,Brasilia,DF,2021-05-10,19.0,24.5,14.6,0.0,0.0,0.0,17.7,10.3,66
brasilia,Brasilia,DF,2021-05-11,18.6,23.9,13.8,0.0,0.0,0.0,12.5,7.9,65
brasilia,Brasilia,DF,2021-05-12,19.7,25.9,13.9,0.0,0.0,0.0,8.6,5.6,61
brasilia,Brasilia,DF,2021-05-13,20.9,25.2,16.7,0.0,0.0,0.0,12.1,5.9,56
brasilia,Brasilia,DF,2021-05-14,20.3,25.7,16.0,0.0,0.0,0.0,12.5,6.8,58
brasilia,Brasilia,DF,2021-05-15,20.0,24.9,15.1,0.0,0.0,0.0,11.5,7.3,61
brasilia,Brasilia,DF,2021-05-16,20.5,24.9,16.1,0.0,0.0,0.0,9.4,6.1,62
brasilia,Brasilia,DF,2021-05-17,20.3,24.3,15.4,0.0,0.0,0.0,10.4,6.5,63
brasilia,Brasilia,DF,2021-05-18,20.3,24.7,16.2,0.0,0.0,0.0,10.4,6.2,60
brasilia,Brasilia,DF,2021-05-19,20.2,25.3,15.0,0.0,0.0,0.0,9.0,5.6,59
brasilia,Brasilia,DF,2021-05-20,21.3,27.0,17.0,0.0,0.0,0.0,9.5,5.3,53
brasilia,Brasilia,DF,2021-05-21,21.2,27.8,15.6,0.0,0.0,0.0,9.6,5.8,58
brasilia,Brasilia,DF,2021-05-22,21.5,28.1,15.2,0.0,0.0,0.0,9.4,6.1,60
brasilia,Brasilia,DF,2021-05-23,22.2,28.4,17.1,0.0,0.0,0.0,12.1,6.7,63
brasilia,Brasilia,DF,2021-05-24,21.3,26.1,17.5,0.1,0.1,1.0,9.5,6.3,74
brasilia,Brasilia,DF,2021-05-25,21.7,27.5,16.1,0.0,0.0,0.0,9.7,7.1,70
brasilia,Brasilia,DF,2021-05-26,22.3,27.4,17.5,0.0,0.0,0.0,9.4,6.5,67
brasilia,Brasilia,DF,2021-05-27,22.8,27.4,19.0,0.0,0.0,0.0,10.2,6.3,62
brasilia,Brasilia,DF,2021-05-28,22.8,27.5,18.6,0.0,0.0,0.0,14.6,8.6,60
brasilia,Brasilia,DF,2021-05-29,22.3,26.9,17.6,0.0,0.0,0.0,9.7,5.8,61
brasilia,Brasilia,DF,2021-05-30,22.3,27.1,18.0,0.0,0.0,0.0,13.3,6.7,59
brasilia,Brasilia,DF,2021-05-31,21.8,26.5,17.4,0.0,0.0,0.0,11.4,5.8,61
brasilia,Brasilia,DF,2021-06-01,21.5,26.8,17.0,0.0,0.0,0.0,12.9,6.6,57
brasilia,Brasilia,DF,2021-06-02,21.2,27.1,16.0,0.0,0.0,0.0,10.4,7.2,60
brasilia,Brasilia,DF,2021-06-03,21.0,26.9,16.1,0.0,0.0,0.0,14.1,9.4,60
brasilia,Brasilia,DF,2021-06-04,19.9,26.0,15.3,0.0,0.0,0.0,22.1,12.2,58
brasilia,Brasilia,DF,2021-06-05,20.0,26.2,14.8,0.0,0.0,0.0,17.0,11.0,63
brasilia,Brasilia,DF,2021-06-06,20.4,25.1,16.6,0.0,0.0,0.0,13.0,10.0,67
brasilia,Brasilia,DF,2021-06-07,20.9,25.8,16.1,0.0,0.0,0.0,11.4,7.5,61
brasilia,Brasilia,DF,2021-06-08,21.4,27.0,17.0,0.0,0.0,0.0,12.9,7.1,57
brasilia,Brasilia,DF,2021-06-09,21.5,27.0,16.3,0.0,0.0,0.0,10.5,7.8,56
brasilia,Brasilia,DF,2021-06-10,20.9,26.2,15.6,0.0,0.0,0.0,15.5,8.8,60
brasilia,Brasilia,DF,2021-06-11,21.0,25.8,16.5,0.0,0.0,0.0,11.2,8.0,61
brasilia,Brasilia,DF,2021-06-12,20.5,24.8,17.0,0.6,0.6,4.0,10.3,4.9,71
brasilia,Brasilia,DF,2021-06-13,21.0,25.5,16.9,0.1,0.1,1.0,12.1,7.5,65
brasilia,Brasilia,DF,2021-06-14,19.7,23.9,17.0,3.7,3.7,9.0,13.2,7.4,76
brasilia,Brasilia,DF,2021-06-15,18.9,23.6,15.7,3.5,3.5,5.0,11.2,5.8,81
brasilia,Brasilia,DF,2021-06-16,19.7,25.7,14.5,0.0,0.0,0.0,10.5,6.1,66
brasilia,Brasilia,DF,2021-06-17,18.8,24.5,13.8,0.0,0.0,0.0,10.0,7.0,55
brasilia,Brasilia,DF,2021-06-18,19.6,24.9,15.9,0.0,0.0,0.0,14.0,7.8,55
brasilia,Brasilia,DF,2021-06-19,19.5,24.8,14.4,0.0,0.0,0.0,12.4,7.5,64
brasilia,Brasilia,DF,2021-06-20,20.9,26.5,16.1,0.0,0.0,0.0,7.6,5.6,60
brasilia,Brasilia,DF,2021-06-21,20.7,25.9,15.8,0.0,0.0,0.0,9.2,6.7,58
brasilia,Brasilia,DF,2021-06-22,21.3,26.6,17.4,0.0,0.0,0.0,11.4,7.0,49
brasilia,Brasilia,DF,2021-06-23,20.6,26.2,15.4,0.0,0.0,0.0,15.1,9.1,54
brasilia,Brasilia,DF,2021-06-24,20.3,26.1,15.1,0.0,0.0,0.0,15.0,7.9,60
brasilia,Brasilia,DF,2021-06-25,20.1,25.6,15.7,0.0,0.0,0.0,12.3,8.0,59
brasilia,Brasilia,DF,2021-06-26,18.6,24.2,13.4,0.0,0.0,0.0,17.4,10.3,52
brasilia,Brasilia,DF,2021-06-27,18.1,23.7,12.6,0.0,0.0,0.0,11.2,8.2,56
brasilia,Brasilia,DF,2021-06-28,18.1,23.4,13.5,0.0,0.0,0.0,10.4,6.9,58
brasilia,Brasilia,DF,2021-06-29,17.4,22.5,12.6,0.0,0.0,0.0,14.0,9.0,61
brasilia,Brasilia,DF,2021-06-30,15.7,21.9,9.4,0.0,0.0,0.0,10.7,8.8,61
brasilia,Brasilia,DF,2021-07-01,17.2,24.1,11.5,0.0,0.0,0.0,14.5,9.2,52
brasilia,Brasilia,DF,2021-07-02,18.1,24.3,12.9,0.0,0.0,0.0,14.6,10.1,64
brasilia,Brasilia,DF,2021-07-03,18.2,23.9,13.5,0.0,0.0,0.0,11.3,6.8,59
brasilia,Brasilia,DF,2021-07-04,17.0,22.6,12.3,0.0,0.0,0.0,17.6,9.7,54
brasilia,Brasilia,DF,2021-07-05,17.4,23.6,11.7,0.0,0.0,0.0,11.1,7.7,55
brasilia,Brasilia,DF,2021-07-06,18.3,24.0,12.6,0.0,0.0,0.0,10.5,6.6,55
brasilia,Brasilia,DF,2021-07-07,19.6,25.3,13.9,0.0,0.0,0.0,8.8,5.4,50
brasilia,Brasilia,DF,2021-07-08,19.6,24.9,13.9,0.0,0.0,0.0,9.4,5.7,51
brasilia,Brasilia,DF,2021-07-09,19.3,24.8,14.9,0.0,0.0,0.0,12.5,7.9,50
brasilia,Brasilia,DF,2021-07-10,18.4,24.1,13.1,0.0,0.0,0.0,12.8,8.3,50
brasilia,Brasilia,DF,2021-07-11,18.4,24.0,12.6,0.0,0.0,0.0,12.6,7.8,47
brasilia,Brasilia,DF,2021-07-12,18.6,24.8,12.8,0.0,0.0,0.0,13.3,9.0,51
brasilia,Brasilia,DF,2021-07-13,18.3,24.0,13.6,0.0,0.0,0.0,12.4,8.9,53
brasilia,Brasilia,DF,2021-07-14,18.8,24.2,13.0,0.0,0.0,0.0,15.1,8.4,51
brasilia,Brasilia,DF,2021-07-15,20.4,25.5,15.5,0.0,0.0,0.0,9.4,6.1,49
brasilia,Brasilia,DF,2021-07-16,21.1,27.0,16.2,0.0,0.0,0.0,10.6,6.7,50
brasilia,Brasilia,DF,2021-07-17,22.3,28.6,16.5,0.0,0.0,0.0,10.8,4.6,44
brasilia,Brasilia,DF,2021-07-18,22.4,28.0,17.0,0.0,0.0,0.0,16.6,8.5,41
brasilia,Brasilia,DF,2021-07-19,20.2,26.5,14.8,0.0,0.0,0.0,20.0,13.0,50
brasilia,Brasilia,DF,2021-07-20,19.5,26.4,13.4,0.0,0.0,0.0,12.1,9.5,30
brasilia,Brasilia,DF,2021-07-21,21.2,26.4,16.1,0.0,0.0,0.0,14.2,9.2,44
brasilia,Brasilia,DF,2021-07-22,20.3,25.8,15.2,0.0,0.0,0.0,19.2,11.4,53
brasilia,Brasilia,DF,2021-07-23,18.6,23.9,14.6,0.0,0.0,0.0,20.6,13.2,52
brasilia,Brasilia,DF,2021-07-24,17.4,23.9,12.0,0.0,0.0,0.0,17.1,11.5,53
brasilia,Brasilia,DF,2021-07-25,18.2,24.6,12.4,0.0,0.0,0.0,14.6,9.2,54
brasilia,Brasilia,DF,2021-07-26,18.9,24.9,13.3,0.0,0.0,0.0,11.4,8.1,54
brasilia,Brasilia,DF,2021-07-27,20.5,26.5,15.3,0.0,0.0,0.0,10.9,6.4,42
brasilia,Brasilia,DF,2021-07-28,21.8,28.6,14.9,0.0,0.0,0.0,16.2,9.1,42
brasilia,Brasilia,DF,2021-07-29,17.6,25.0,11.3,0.0,0.0,0.0,18.2,12.1,48
brasilia,Brasilia,DF,2021-07-30,18.5,26.0,11.8,0.0,0.0,0.0,10.3,8.0,35
brasilia,Brasilia,DF,2021-07-31,20.2,26.6,14.2,0.0,0.0,0.0,18.9,10.7,49
brasilia,Brasilia,DF,2021-08-01,19.5,25.5,14.4,0.0,0.0,0.0,14.8,11.1,59
brasilia,Brasilia,DF,2021-08-02,18.6,25.0,12.9,0.0,0.0,0.0,14.1,10.3,56
brasilia,Brasilia,DF,2021-08-03,20.6,26.7,15.1,0.0,0.0,0.0,10.5,7.1,48
brasilia,Brasilia,DF,2021-08-04,20.6,26.1,15.2,0.0,0.0,0.0,14.5,9.5,44
brasilia,Brasilia,DF,2021-08-05,19.1,24.5,14.8,0.0,0.0,0.0,19.3,13.6,45
brasilia,Brasilia,DF,2021-08-06,18.0,22.4,13.3,0.1,0.1,1.0,20.4,12.5,59
brasilia,Brasilia,DF,2021-08-07,18.1,23.0,14.1,0.0,0.0,0.0,15.9,11.7,58
brasilia,Brasilia,DF,2021-08-08,18.5,24.8,12.6,0.0,0.0,0.0,14.0,9.2,53
brasilia,Brasilia,DF,2021-08-09,19.5,24.9,13.6,0.0,0.0,0.0,15.0,9.0,53
brasilia,Brasilia,DF,2021-08-10,21.7,26.5,16.5,0.0,0.0,0.0,9.7,6.1,47
brasilia,Brasilia,DF,2021-08-11,22.5,27.9,17.2,0.0,0.0,0.0,15.8,6.2,42
brasilia,Brasilia,DF,2021-08-12,22.5,28.4,16.8,0.0,0.0,0.0,14.1,9.2,37
brasilia,Brasilia,DF,2021-08-13,21.2,27.4,15.8,0.0,0.0,0.0,17.1,10.8,41
brasilia,Brasilia,DF,2021-08-14,21.2,28.0,15.1,0.0,0.0,0.0,15.5,9.4,41
brasilia,Brasilia,DF,2021-08-15,22.5,28.6,16.4,0.0,0.0,0.0,14.5,9.8,38
brasilia,Brasilia,DF,2021-08-16,22.7,28.6,17.2,0.0,0.0,0.0,14.8,9.8,37
brasilia,Brasilia,DF,2021-08-17,22.3,29.0,16.7,0.0,0.0,0.0,19.2,12.4,40
brasilia,Brasilia,DF,2021-08-18,21.6,27.8,15.9,0.0,0.0,0.0,21.4,12.9,43
brasilia,Brasilia,DF,2021-08-19,20.2,26.0,15.0,0.0,0.0,0.0,20.1,13.2,45
brasilia,Brasilia,DF,2021-08-20,20.0,25.9,15.0,0.0,0.0,0.0,18.6,11.2,44
brasilia,Brasilia,DF,2021-08-21,20.7,27.3,14.9,0.0,0.0,0.0,21.0,10.3,47
brasilia,Brasilia,DF,2021-08-22,21.0,27.1,15.2,0.0,0.0,0.0,17.0,8.5,45
brasilia,Brasilia,DF,2021-08-23,22.4,28.5,15.6,0.0,0.0,0.0,14.6,8.2,39
brasilia,Brasilia,DF,2021-08-24,22.7,28.7,16.2,0.0,0.0,0.0,15.1,9.0,39
brasilia,Brasilia,DF,2021-08-25,23.2,29.0,17.0,0.0,0.0,0.0,14.5,8.3,36
brasilia,Brasilia,DF,2021-08-26,24.2,30.5,17.2,0.0,0.0,0.0,11.2,7.4,35
brasilia,Brasilia,DF,2021-08-27,24.4,30.6,18.9,0.0,0.0,0.0,17.5,11.4,37
brasilia,Brasilia,DF,2021-08-28,22.6,28.5,17.2,0.0,0.0,0.0,19.7,12.8,41
brasilia,Brasilia,DF,2021-08-29,22.0,27.8,16.4,0.0,0.0,0.0,18.4,12.9,51
brasilia,Brasilia,DF,2021-08-30,21.5,26.4,16.7,0.0,0.0,0.0,17.7,11.8,51
brasilia,Brasilia,DF,2021-08-31,21.3,26.6,16.0,0.2,0.2,2.0,20.9,11.8,50
brasilia,Brasilia,DF,2021-09-01,20.3,24.8,15.6,0.3,0.3,2.0,17.3,11.9,54
brasilia,Brasilia,DF,2021-09-02,21.3,27.2,15.1,0.0,0.0,0.0,13.7,8.4,50
brasilia,Brasilia,DF,2021-09-03,22.8,29.0,15.9,0.0,0.0,0.0,14.0,8.2,43
brasilia,Brasilia,DF,2021-09-04,24.2,29.5,18.2,0.0,0.0,0.0,14.5,7.5,34
brasilia,Brasilia,DF,2021-09-05,25.2,31.1,18.5,0.0,0.0,0.0,10.7,6.0,32
brasilia,Brasilia,DF,2021-09-06,26.0,32.5,18.5,0.0,0.0,0.0,8.3,5.1,28
brasilia,Brasilia,DF,2021-09-07,27.8,33.3,20.9,0.0,0.0,0.0,21.1,9.9,25
brasilia,Brasilia,DF,2021-09-08,26.2,31.8,20.4,0.0,0.0,0.0,16.1,9.5,33
brasilia,Brasilia,DF,2021-09-09,26.7,33.2,20.4,0.0,0.0,0.0,16.5,9.6,29
brasilia,Brasilia,DF,2021-09-10,26.1,33.0,18.5,0.0,0.0,0.0,9.5,5.7,30
brasilia,Brasilia,DF,2021-09-11,26.2,33.5,19.2,0.0,0.0,0.0,12.3,9.1,33
brasilia,Brasilia,DF,2021-09-12,26.4,32.3,20.0,0.0,0.0,0.0,19.1,10.7,29
brasilia,Brasilia,DF,2021-09-13,25.7,32.1,19.6,0.0,0.0,0.0,15.2,10.3,28
brasilia,Brasilia,DF,2021-09-14,26.0,32.7,18.5,0.0,0.0,0.0,15.6,8.5,30
brasilia,Brasilia,DF,2021-09-15,27.2,32.7,20.7,0.0,0.0,0.0,15.0,7.3,23
brasilia,Brasilia,DF,2021-09-16,26.7,33.0,20.3,0.0,0.0,0.0,17.9,11.7,26
brasilia,Brasilia,DF,2021-09-17,24.0,30.0,18.5,0.0,0.0,0.0,21.7,13.0,31
brasilia,Brasilia,DF,2021-09-18,23.8,30.9,17.1,0.0,0.0,0.0,18.8,11.1,30
brasilia,Brasilia,DF,2021-09-19,25.4,33.1,17.9,0.0,0.0,0.0,17.6,10.9,23
brasilia,Brasilia,DF,2021-09-20,27.3,33.7,19.8,0.0,0.0,0.0,15.5,9.9,26
brasilia,Brasilia,DF,2021-09-21,28.1,33.8,21.5,0.0,0.0,0.0,14.5,6.7,28
brasilia,Brasilia,DF,2021-09-22,28.9,34.8,21.7,0.0,0.0,0.0,14.8,8.1,25
brasilia,Brasilia,DF,2021-09-23,26.8,32.5,21.4,0.0,0.0,0.0,18.3,12.0,39
brasilia,Brasilia,DF,2021-09-24,25.8,30.5,19.8,0.0,0.0,0.0,15.6,7.9,48
brasilia,Brasilia,DF,2021-09-25,23.2,27.6,20.8,7.4,7.4,8.0,17.1,6.4,63
brasilia,Brasilia,DF,2021-09-26,23.9,29.1,20.0,0.1,0.1,1.0,16.7,6.2,58
brasilia,Brasilia,DF,2021-09-27,24.8,30.0,19.7,0.0,0.0,0.0,13.0,9.3,45
brasilia,Brasilia,DF,2021-09-28,25.1,30.5,19.3,0.0,0.0,0.0,14.7,9.2,43
brasilia,Brasilia,DF,2021-09-29,26.1,30.5,22.0,0.0,0.0,0.0,13.0,6.5,41
brasilia,Brasilia,DF,2021-09-30,25.3,30.0,19.6,0.1,0.1,1.0,10.4,6.5,48
brasilia,Brasilia,DF,2021-10-01,25.2,30.1,20.9,0.4,0.4,1.0,12.7,6.9,53
brasilia,Brasilia,DF,2021-10-02,23.3,29.0,18.4,0.8,0.8,2.0,11.2,6.6,65
brasilia,Brasilia,DF,2021-10-03,24.2,29.1,19.1,0.4,0.4,3.0,10.8,8.3,60
brasilia,Brasilia,DF,2021-10-04,25.6,30.6,20.8,0.3,0.3,2.0,12.1,8.0,56
brasilia,Brasilia,DF,2021-10-05,26.0,32.2,19.7,0.0,0.0,0.0,17.1,9.8,49
brasilia,Brasilia,DF,2021-10-06,26.7,33.2,20.5,0.0,0.0,0.0,18.1,10.0,42
brasilia,Brasilia,DF,2021-10-07,27.2,31.6,21.8,0.0,0.0,0.0,18.7,8.6,37
brasilia,Brasilia,DF,2021-10-08,26.4,33.1,20.6,0.0,0.0,0.0,18.7,12.1,48
brasilia,Brasilia,DF,2021-10-09,25.8,32.2,20.7,0.9,0.9,2.0,15.1,10.3,53
brasilia,Brasilia,DF,2021-10-10,23.6,29.5,19.9,20.2,20.2,10.0,11.6,6.4,66
brasilia,Brasilia,DF,2021-10-11,22.2,26.5,19.6,15.8,15.8,13.0,12.2,7.2,77
brasilia,Brasilia,DF,2021-10-12,22.8,27.1,19.4,4.9,4.9,9.0,12.7,7.2,76
brasilia,Brasilia,DF,2021-10-13,22.2,26.9,18.5,8.5,8.5,11.0,13.6,6.9,80
brasilia,Brasilia,DF,2021-10-14,22.2,25.7,19.5,4.2,4.2,11.0,17.3,9.1,80
brasilia,Brasilia,DF,2021-10-15,22.9,27.7,18.7,0.6,0.6,2.0,12.6,7.0,76
brasilia,Brasilia,DF,2021-10-16,22.2,26.5,19.0,1.9,1.9,5.0,12.3,6.4,78
brasilia,Brasilia,DF,2021-10-17,23.6,29.0,19.1,1.6,1.6,7.0,10.5,5.8,68
brasilia,Brasilia,DF,2021-10-18,22.2,26.5,18.9,0.7,0.7,7.0,8.8,5.9,77
brasilia,Brasilia,DF,2021-10-19,22.3,27.1,19.0,2.9,2.9,9.0,15.0,9.4,78
brasilia,Brasilia,DF,2021-10-20,22.8,28.9,18.0,4.5,4.5,11.0,15.7,7.7,74
brasilia,Brasilia,DF,2021-10-21,21.3,25.6,18.0,8.8,8.8,13.0,14.9,6.5,83
brasilia,Brasilia,DF,2021-10-22,22.0,27.0,18.2,6.8,6.8,5.0,12.7,5.9,80
brasilia,Brasilia,DF,2021-10-23,22.5,27.6,18.5,1.5,1.5,7.0,12.6,8.5,75
brasilia,Brasilia,DF,2021-10-24,22.8,29.3,18.7,7.9,7.9,5.0,15.5,10.4,75
brasilia,Brasilia,DF,2021-10-25,22.0,28.0,17.7,13.5,13.5,10.0,14.3,7.2,80
brasilia,Brasilia,DF,2021-10-26,22.1,27.9,18.5,4.5,4.5,8.0,15.7,9.1,83
brasilia,Brasilia,DF,2021-10-27,23.0,28.9,18.7,0.0,0.0,0.0,19.1,11.4,70
brasilia,Brasilia,DF,2021-10-28,23.4,29.1,18.2,0.0,0.0,0.0,18.3,10.7,63
brasilia,Brasilia,DF,2021-10-29,23.6,28.5,18.3,0.0,0.0,0.0,16.1,8.8,59
brasilia,Brasilia,DF,2021-10-30,23.4,28.6,19.5,0.6,0.6,3.0,16.2,8.5,64
brasilia,Brasilia,DF,2021-10-31,21.0,24.7,18.5,4.9,4.9,5.0,18.1,7.9,81
brasilia,Brasilia,DF,2021-11-01,21.6,25.1,19.1,1.6,1.6,6.0,25.8,12.9,78
brasilia,Brasilia,DF,2021-11-02,21.7,24.8,18.6,1.2,1.2,6.0,17.9,11.5,79
brasilia,Brasilia,DF,2021-11-03,20.8,24.1,18.2,3.4,3.4,9.0,19.1,11.0,83
brasilia,Brasilia,DF,2021-11-04,21.3,25.9,17.9,15.9,15.9,7.0,16.9,9.3,82
brasilia,Brasilia,DF,2021-11-05,21.5,25.7,18.1,19.8,19.8,10.0,9.0,6.4,82
brasilia,Brasilia,DF,2021-11-06,23.4,28.1,18.9,0.4,0.4,4.0,9.7,5.8,73
brasilia,Brasilia,DF,2021-11-07,22.1,25.1,19.3,1.2,1.2,5.0,10.4,5.5,79
brasilia,Brasilia,DF,2021-11-08,21.3,24.7,20.0,5.1,5.1,8.0,10.9,5.5,85
brasilia,Brasilia,DF,2021-11-09,21.7,25.3,18.7,6.7,6.7,7.0,12.1,8.0,82
brasilia,Brasilia,DF,2021-11-10,20.8,24.4,18.8,2.8,2.8,8.0,20.9,12.4,86
brasilia,Brasilia,DF,2021-11-11,20.5,23.4,18.9,9.5,9.5,13.0,13.4,7.1,87
brasilia,Brasilia,DF,2021-11-12,21.0,24.0,18.5,15.8,15.8,17.0,14.9,6.5,85
brasilia,Brasilia,DF,2021-11-13,20.6,24.8,18.4,32.3,32.3,22.0,14.6,7.5,86
brasilia,Brasilia,DF,2021-11-14,19.9,23.2,18.4,27.8,27.8,16.0,16.2,9.8,89
brasilia,Brasilia,DF,2021-11-15,19.9,23.5,16.8,1.6,1.6,6.0,19.2,13.2,84
brasilia,Brasilia,DF,2021-11-16,20.0,23.8,17.5,4.2,4.2,13.0,17.7,12.3,84
brasilia,Brasilia,DF,2021-11-17,21.0,24.0,17.9,0.5,0.5,2.0,16.5,9.1,81
brasilia,Brasilia,DF,2021-11-18,20.7,25.1,19.3,9.3,9.3,17.0,14.4,7.3,88
brasilia,Brasilia,DF,2021-11-19,22.4,27.5,18.5,2.8,2.8,6.0,14.7,7.1,77
brasilia,Brasilia,DF,2021-11-20,22.2,26.9,19.2,10.0,10.0,10.0,16.5,4.5,83
brasilia,Brasilia,DF,2021-11-21,21.7,25.6,18.7,17.7,17.7,12.0,14.8,4.8,85
brasilia,Brasilia,DF,2021-11-22,21.9,26.4,19.0,9.7,9.7,10.0,11.2,4.9,84
brasilia,Brasilia,DF,2021-11-23,22.4,28.0,17.8,0.6,0.6,4.0,14.2,6.3,80
brasilia,Brasilia,DF,2021-11-24,23.1,28.1,18.0,0.0,0.0,0.0,15.8,8.3,70
brasilia,Brasilia,DF,2021-11-25,23.9,28.9,19.2,0.0,0.0,0.0,13.5,8.6,59
brasilia,Brasilia,DF,2021-11-26,23.8,28.8,19.8,0.0,0.0,0.0,17.2,8.1,60
brasilia,Brasilia,DF,2021-11-27,23.0,28.1,19.5,6.5,6.5,5.0,23.2,13.4,74
brasilia,Brasilia,DF,2021-11-28,21.9,25.0,19.0,2.5,2.5,10.0,22.4,13.5,82
brasilia,Brasilia,DF,2021-11-29,21.7,26.0,18.8,9.4,9.4,11.0,14.7,7.9,83
brasilia,Brasilia,DF,2021-11-30,22.2,26.9,18.2,0.5,0.5,3.0,12.8,8.8,80
brasilia,Brasilia,DF,2021-12-01,22.4,27.2,19.1,7.5,7.5,12.0,13.2,8.1,82
brasilia,Brasilia,DF,2021-12-02,22.4,26.4,19.0,5.3,5.3,12.0,10.9,5.5,81
brasilia,Brasilia,DF,2021-12-03,22.0,26.1,18.9,9.2,9.2,11.0,10.6,5.7,83
brasilia,Brasilia,DF,2021-12-04,21.0,26.1,18.1,5.1,5.1,13.0,16.8,7.8,86
brasilia,Brasilia,DF,2021-12-05,20.9,25.4,18.4,2.5,2.5,7.0,16.8,7.8,85
brasilia,Brasilia,DF,2021-12-06,21.1,25.7,18.2,16.6,16.6,18.0,15.4,7.3,83
brasilia,Brasilia,DF,2021-12-07,21.9,26.9,17.6,1.7,1.7,7.0,11.8,6.9,79
brasilia,Brasilia,DF,2021-12-08,22.2,26.9,18.6,0.6,0.6,4.0,12.3,4.7,74
brasilia,Brasilia,DF,2021-12-09,21.6,26.3,18.0,6.6,6.6,8.0,12.3,6.1,79
brasilia,Brasilia,DF,2021-12-10,22.0,26.8,18.6,7.0,7.0,12.0,7.8,4.3,80
brasilia,Brasilia,DF,2021-12-11,21.9,26.3,19.4,7.6,7.6,11.0,11.6,5.7,84
brasilia,Brasilia,DF,2021-12-12,21.6,26.0,19.2,11.2,11.2,11.0,14.7,8.9,86
brasilia,Brasilia,DF,2021-12-13,21.0,26.0,19.3,25.9,25.9,17.0,11.2,6.4,90
brasilia,Brasilia,DF,2021-12-14,22.3,27.1,19.1,2.9,2.9,14.0,16.9,8.7,79
brasilia,Brasilia,DF,2021-12-15,21.4,24.4,20.2,3.2,3.2,13.0,12.6,5.5,84
brasilia,Brasilia,DF,2021-12-16,21.9,26.2,19.9,10.7,10.7,13.0,13.7,6.6,84
brasilia,Brasilia,DF,2021-12-17,21.4,25.5,18.9,6.0,6.0,11.0,10.2,5.9,86
brasilia,Brasilia,DF,2021-12-18,21.7,25.6,19.3,15.7,15.7,16.0,8.3,5.1,85
brasilia,Brasilia,DF,2021-12-19,21.3,26.0,18.9,22.2,22.2,19.0,14.1,5.5,86
brasilia,Brasilia,DF,2021-12-20,21.7,26.0,18.6,9.4,9.4,17.0,16.6,5.4,84
brasilia,Brasilia,DF,2021-12-21,21.7,26.8,18.6,4.3,4.3,12.0,11.0,6.0,84
brasilia,Brasilia,DF,2021-12-22,21.9,26.9,18.2,5.8,5.8,9.0,12.7,8.1,84
brasilia,Brasilia,DF,2021-12-23,21.8,25.6,19.4,22.0,22.0,15.0,16.3,8.6,86
brasilia,Brasilia,DF,2021-12-24,19.9,22.0,16.5,4.7,4.7,12.0,10.2,6.1,91
brasilia,Brasilia,DF,2021-12-25,21.1,26.0,16.9,0.7,0.7,7.0,15.1,8.9,79
brasilia,Brasilia,DF,2021-12-26,21.8,26.6,17.0,0.5,0.5,5.0,15.3,8.7,76
brasilia,Brasilia,DF,2021-12-27,21.4,27.2,18.1,2.9,2.9,9.0,17.1,9.8,83
brasilia,Brasilia,DF,2021-12-28,21.2,24.3,19.1,1.4,1.4,5.0,17.9,11.7,84
brasilia,Brasilia,DF,2021-12-29,20.6,24.6,17.8,6.4,6.4,9.0,16.7,7.2,87
brasilia,Brasilia,DF,2021-12-30,20.2,23.0,18.3,23.6,23.6,23.0,15.3,8.7,88
brasilia,Brasilia,DF,2021-12-31,19.6,23.4,18.3,21.8,21.8,20.0,19.5,13.5,89
brasilia,Brasilia,DF,2022-01-01,19.2,21.1,17.9,24.2,24.2,17.0,17.3,11.4,93
brasilia,Brasilia,DF,2022-01-02,20.6,24.5,18.5,3.3,3.3,11.0,19.2,13.1,87
brasilia,Brasilia,DF,2022-01-03,21.4,25.3,18.9,4.8,4.8,12.0,14.8,10.6,83
brasilia,Brasilia,DF,2022-01-04,20.7,24.9,17.3,8.8,8.8,12.0,17.3,9.2,86
brasilia,Brasilia,DF,2022-01-05,22.3,26.4,19.2,4.6,4.6,9.0,15.5,10.7,81
brasilia,Brasilia,DF,2022-01-06,21.3,24.5,19.4,9.0,9.0,15.0,13.8,9.9,85
brasilia,Brasilia,DF,2022-01-07,20.7,23.3,19.5,4.8,4.8,17.0,20.2,13.5,88
brasilia,Brasilia,DF,2022-01-08,20.2,22.8,19.0,7.6,7.6,20.0,18.8,13.3,90
brasilia,Brasilia,DF,2022-01-09,19.6,21.8,18.6,18.6,18.6,19.0,21.0,12.6,93
brasilia,Brasilia,DF,2022-01-10,20.8,24.3,18.7,7.3,7.3,14.0,19.5,13.0,86
brasilia,Brasilia,DF,2022-01-11,20.4,23.7,18.2,7.7,7.7,17.0,18.5,12.1,88
brasilia,Brasilia,DF,2022-01-12,19.8,24.0,17.8,10.4,10.4,17.0,16.3,7.7,91
brasilia,Brasilia,DF,2022-01-13,20.3,25.5,15.9,8.5,8.5,5.0,15.0,7.5,86
brasilia,Brasilia,DF,2022-01-14,22.5,28.7,17.6,0.2,0.2,1.0,17.3,10.6,73
brasilia,Brasilia,DF,2022-01-15,22.2,28.4,16.9,0.0,0.0,0.0,16.6,10.5,63
brasilia,Brasilia,DF,2022-01-16,23.2,29.1,18.0,0.0,0.0,0.0,13.9,8.2,61
brasilia,Brasilia,DF,2022-01-17,23.1,27.8,18.6,0.4,0.4,2.0,13.9,7.4,68
brasilia,Brasilia,DF,2022-01-18,23.2,28.0,18.4,0.2,0.2,2.0,13.7,7.1,67
brasilia,Brasilia,DF,2022-01-19,23.4,28.0,18.6,0.0,0.0,0.0,13.7,8.1,65
brasilia,Brasilia,DF,2022-01-20,23.3,29.2,17.6,0.0,0.0,0.0,13.3,8.3,60
brasilia,Brasilia,DF,2022-01-21,22.6,26.9,19.2,7.6,7.6,7.0,14.7,7.5,71
brasilia,Brasilia,DF,2022-01-22,23.1,26.9,18.8,0.9,0.9,3.0,13.4,7.6,72
brasilia,Brasilia,DF,2022-01-23,23.5,28.0,18.5,0.0,0.0,0.0,13.3,8.4,67
brasilia,Brasilia,DF,2022-01-24,23.4,29.2,17.8,1.0,1.0,5.0,10.4,7.1,69
brasilia,Brasilia,DF,2022-01-25,22.7,27.2,18.9,1.3,1.3,7.0,12.3,6.6,72
brasilia,Brasilia,DF,2022-01-26,20.1,23.9,16.9,27.3,27.3,14.0,9.7,4.2,85
brasilia,Brasilia,DF,2022-01-27,21.0,25.0,18.2,5.7,5.7,15.0,17.3,6.5,81
brasilia,Brasilia,DF,2022-01-28,21.4,26.0,17.8,1.3,1.3,4.0,14.5,9.1,77
brasilia,Brasilia,DF,2022-01-29,21.7,26.3,17.9,0.8,0.8,4.0,19.5,12.3,75
brasilia,Brasilia,DF,2022-01-30,21.7,26.5,18.0,3.0,3.0,5.0,20.9,12.8,76
brasilia,Brasilia,DF,2022-01-31,21.0,24.8,17.8,3.0,3.0,11.0,16.8,9.1,81
brasilia,Brasilia,DF,2022-02-01,21.8,26.5,18.2,3.0,3.0,9.0,16.0,8.6,79
brasilia,Brasilia,DF,2022-02-02,22.0,27.0,18.0,1.1,1.1,6.0,8.0,5.6,81
brasilia,Brasilia,DF,2022-02-03,21.3,25.1,18.1,5.2,5.2,9.0,13.3,7.2,83
brasilia,Brasilia,DF,2022-02-04,22.3,26.4,18.3,0.7,0.7,5.0,13.9,6.8,80
brasilia,Brasilia,DF,2022-02-05,22.3,25.8,19.4,6.8,6.8,8.0,9.8,5.2,81
brasilia,Brasilia,DF,2022-02-06,21.2,24.6,18.6,10.2,10.2,15.0,13.0,7.2,83
brasilia,Brasilia,DF,2022-02-07,21.4,25.3,19.9,7.7,7.7,9.0,10.0,5.1,80
brasilia,Brasilia,DF,2022-02-08,21.7,26.5,19.5,12.0,12.0,19.0,11.4,6.3,82
brasilia,Brasilia,DF,2022-02-09,21.8,26.3,19.2,12.0,12.0,16.0,14.7,8.3,81
brasilia,Brasilia,DF,2022-02-10,21.2,24.4,19.4,1.7,1.7,12.0,15.8,9.2,84
brasilia,Brasilia,DF,2022-02-11,21.6,25.6,19.3,5.3,5.3,10.0,13.0,6.3,80
brasilia,Brasilia,DF,2022-02-12,22.0,26.5,19.5,15.2,15.2,15.0,11.0,5.6,78
brasilia,Brasilia,DF,2022-02-13,21.1,24.1,18.5,4.9,4.9,15.0,12.5,7.6,84
brasilia,Brasilia,DF,2022-02-14,21.5,26.0,17.9,7.3,7.3,16.0,12.1,6.5,81
brasilia,Brasilia,DF,2022-02-15,22.2,27.1,18.8,11.8,11.8,10.0,11.1,5.2,82
brasilia,Brasilia,DF,2022-02-16,21.3,25.6,18.6,17.4,17.4,14.0,11.6,4.6,86
brasilia,Brasilia,DF,2022-02-17,20.8,25.8,18.1,12.7,12.7,13.0,13.1,5.3,84
brasilia,Brasilia,DF,2022-02-18,21.1,25.2,17.6,10.7,10.7,10.0,17.9,8.7,82
brasilia,Brasilia,DF,2022-02-19,20.1,23.9,18.5,12.7,12.7,17.0,14.5,6.9,88
brasilia,Brasilia,DF,2022-02-20,20.3,23.5,18.2,16.2,16.2,18.0,8.9,3.6,84
brasilia,Brasilia,DF,2022-02-21,20.6,25.8,17.5,6.1,6.1,8.0,11.7,6.9,87
brasilia,Brasilia,DF,2022-02-22,21.3,26.5,18.4,7.2,7.2,8.0,12.4,7.9,85
brasilia,Brasilia,DF,2022-02-23,22.0,26.8,17.5,0.0,0.0,0.0,15.1,6.5,77
brasilia,Brasilia,DF,2022-02-24,22.1,27.0,17.2,0.8,0.8,5.0,9.2,5.6,76
brasilia,Brasilia,DF,2022-02-25,23.0,27.9,18.8,0.9,0.9,6.0,16.2,9.3,76
brasilia,Brasilia,DF,2022-02-26,22.7,27.4,17.9,0.4,0.4,4.0,16.2,9.7,76
brasilia,Brasilia,DF,2022-02-27,22.8,28.0,18.3,0.0,0.0,0.0,14.8,9.2,70
brasilia,Brasilia,DF,2022-02-28,22.5,27.3,17.6,0.0,0.0,0.0,15.3,9.2,68
brasilia,Brasilia,DF,2022-03-01,22.4,27.0,18.3,1.0,1.0,8.0,13.0,8.0,72
brasilia,Brasilia,DF,2022-03-02,21.2,26.9,17.1,2.9,2.9,6.0,24.9,7.5,76
brasilia,Brasilia,DF,2022-03-03,21.1,26.6,18.5,5.5,5.5,7.0,15.1,4.8,81
brasilia,Brasilia,DF,2022-03-04,21.2,26.2,17.4,3.6,3.6,7.0,16.9,7.5,81
brasilia,Brasilia,DF,2022-03-05,21.7,27.0,17.1,0.3,0.3,1.0,16.6,9.5,76
brasilia,Brasilia,DF,2022-03-06,21.6,26.4,17.0,0.2,0.2,2.0,15.6,9.7,75
brasilia,Brasilia,DF,2022-03-07,22.3,26.1,18.8,1.5,1.5,9.0,15.7,8.5,76
brasilia,Brasilia,DF,2022-03-08,22.2,26.8,18.9,0.4,0.4,3.0,19.4,10.2,73
brasilia,Brasilia,DF,2022-03-09,22.6,28.0,17.7,0.1,0.1,1.0,12.7,8.1,64
brasilia,Brasilia,DF,2022-03-10,23.4,27.5,19.0,0.0,0.0,0.0,8.4,5.7,65
brasilia,Brasilia,DF,2022-03-11,23.4,28.0,19.0,0.0,0.0,0.0,8.4,5.8,70
brasilia,Brasilia,DF,2022-03-12,21.7,27.2,18.4,14.6,14.6,9.0,13.7,6.8,80
brasilia,Brasilia,DF,2022-03-13,21.8,26.0,18.8,3.7,3.7,6.0,11.0,6.6,82
brasilia,Brasilia,DF,2022-03-14,21.7,25.9,19.1,9.4,9.4,14.0,9.5,5.2,84
brasilia,Brasilia,DF,2022-03-15,21.6,25.3,19.7,9.5,9.5,8.0,8.7,4.7,85
brasilia,Brasilia,DF,2022-03-16,22.2,26.4,19.9,1.0,1.0,9.0,13.0,7.4,79
brasilia,Brasilia,DF,2022-03-17,22.1,26.2,18.5,0.1,0.1,1.0,12.5,7.8,79
brasilia,Brasilia,DF,2022-03-18,22.4,26.8,18.7,2.4,2.4,4.0,17.6,8.2,78
brasilia,Brasilia,DF,2022-03-19,23.1,27.8,20.2,0.3,0.3,3.0,12.6,7.9,66
brasilia,Brasilia,DF,2022-03-20,23.0,29.0,17.0,0.0,0.0,0.0,11.8,8.4,59
brasilia,Brasilia,DF,2022-03-21,22.5,26.5,18.4,0.4,0.4,4.0,16.3,9.6,66
brasilia,Brasilia,DF,2022-03-22,21.5,25.9,17.6,0.5,0.5,5.0,24.5,12.7,73
brasilia,Brasilia,DF,2022-03-23,21.7,26.1,18.0,0.6,0.6,5.0,19.7,11.2,74
brasilia,Brasilia,DF,2022-03-24,22.2,26.4,17.9,0.8,0.8,7.0,14.4,7.1,75
brasilia,Brasilia,DF,2022-03-25,22.9,26.6,18.9,0.4,0.4,4.0,10.5,6.2,71
brasilia,Brasilia,DF,2022-03-26,23.2,28.0,18.2,0.1,0.1,1.0,10.3,6.6,70
brasilia,Brasilia,DF,2022-03-27,23.8,28.2,19.2,0.3,0.3,3.0,13.8,7.3,68
brasilia,Brasilia,DF,2022-03-28,23.9,28.4,19.0,0.1,0.1,1.0,14.0,8.6,64
brasilia,Brasilia,DF,2022-03-29,23.6,28.9,19.3,0.0,0.0,0.0,14.8,9.3,62
brasilia,Brasilia,DF,2022-03-30,24.0,28.1,18.8,0.0,0.0,0.0,10.7,5.4,58
brasilia,Brasilia,DF,2022-03-31,24.2,29.5,19.5,0.0,0.0,0.0,13.7,8.1,59
brasilia,Brasilia,DF,2022-04-01,24.2,28.6,19.2,0.0,0.0,0.0,11.6,7.5,55
brasilia,Brasilia,DF,2022-04-02,23.2,28.1,18.6,0.0,0.0,0.0,16.2,9.4,59
brasilia,Brasilia,DF,2022-04-03,23.2,28.7,18.1,0.0,0.0,0.0,21.3,11.5,57
brasilia,Brasilia,DF,2022-04-04,22.9,28.6,17.4,0.0,0.0,0.0,16.7,9.8,58
brasilia,Brasilia,DF,2022-04-05,23.2,28.9,17.4,0.0,0.0,0.0,15.3,9.4,57
brasilia,Brasilia,DF,2022-04-06,24.1,28.8,20.0,0.1,0.1,1.0,11.9,6.9,56
brasilia,Brasilia,DF,2022-04-07,24.3,28.8,19.6,0.1,0.1,1.0,11.4,7.1,60
brasilia,Brasilia,DF,2022-04-08,23.3,28.5,19.8,1.0,1.0,7.0,11.0,6.7,71
brasilia,Brasilia,DF,2022-04-09,24.1,29.0,19.8,0.5,0.5,2.0,11.8,5.0,65
brasilia,Brasilia,DF,2022-04-10,23.6,28.9,19.9,0.0,0.0,0.0,9.0,5.7,71
brasilia,Brasilia,DF,2022-04-11,22.6,25.9,18.5,2.1,2.1,8.0,11.0,4.9,76
brasilia,Brasilia,DF,2022-04-12,21.8,26.1,19.2,10.2,10.2,11.0,13.4,4.8,84
brasilia,Brasilia,DF,2022-04-13,22.0,27.1,18.0,4.8,4.8,7.0,13.6,4.4,81
brasilia,Brasilia,DF,2022-04-14,22.9,27.3,18.8,0.3,0.3,2.0,11.6,6.6,77
brasilia,Brasilia,DF,2022-04-15,21.9,26.7,18.5,2.2,2.2,5.0,14.4,7.3,77
brasilia,Brasilia,DF,2022-04-16,22.0,27.0,17.5,0.0,0.0,0.0,12.1,8.0,69
brasilia,Brasilia,DF,2022-04-17,21.3,25.9,17.6,1.1,1.1,9.0,14.4,8.5,74
brasilia,Brasilia,DF,2022-04-18,21.2,25.5,17.3,0.7,0.7,5.0,16.8,8.7,76
brasilia,Brasilia,DF,2022-04-19,21.4,26.6,16.9,0.0,0.0,0.0,19.2,9.5,68
brasilia,Brasilia,DF,2022-04-20,21.6,27.5,16.6,0.0,0.0,0.0,15.5,9.2,59
brasilia,Brasilia,DF,2022-04-21,22.0,27.4,16.7,0.0,0.0,0.0,14.8,7.8,56
brasilia,Brasilia,DF,2022-04-22,22.8,28.6,16.9,0.0,0.0,0.0,12.8,7.8,54
brasilia,Brasilia,DF,2022-04-23,22.8,27.7,18.2,0.3,0.3,3.0,11.7,5.6,61
brasilia,Brasilia,DF,2022-04-24,23.0,27.8,19.1,0.5,0.5,4.0,16.3,9.2,65
brasilia,Brasilia,DF,2022-04-25,23.1,28.4,18.4,0.0,0.0,0.0,21.9,12.3,60
brasilia,Brasilia,DF,2022-04-26,22.0,27.8,17.4,0.0,0.0,0.0,17.8,11.8,63
brasilia,Brasilia,DF,2022-04-27,21.8,27.5,16.9,0.0,0.0,0.0,16.8,9.9,63
brasilia,Brasilia,DF,2022-04-28,21.9,27.5,16.9,0.0,0.0,0.0,19.8,9.9,66
brasilia,Brasilia,DF,2022-04-29,21.8,27.1,16.9,0.0,0.0,0.0,16.5,10.5,63
brasilia,Brasilia,DF,2022-04-30,21.4,27.5,16.5,0.0,0.0,0.0,18.5,11.1,57
brasilia,Brasilia,DF,2022-05-01,21.6,26.6,16.5,0.0,0.0,0.0,15.0,7.0,58
brasilia,Brasilia,DF,2022-05-02,22.3,26.9,17.2,0.0,0.0,0.0,13.1,6.2,59
brasilia,Brasilia,DF,2022-05-03,23.1,27.5,18.6,0.0,0.0,0.0,11.6,6.5,58
brasilia,Brasilia,DF,2022-05-04,23.0,28.5,18.3,0.2,0.2,2.0,15.0,9.2,62
brasilia,Brasilia,DF,2022-05-05,21.4,26.5,17.0,1.1,1.1,4.0,11.0,6.9,75
brasilia,Brasilia,DF,2022-05-06,22.1,27.6,17.7,1.4,1.4,4.0,11.6,7.1,75
brasilia,Brasilia,DF,2022-05-07,22.0,27.0,17.7,1.0,1.0,7.0,14.8,8.7,74
brasilia,Brasilia,DF,2022-05-08,22.1,27.1,18.0,0.1,0.1,1.0,15.5,9.2,68
brasilia,Brasilia,DF,2022-05-09,21.5,26.5,17.1,0.0,0.0,0.0,15.0,9.1,64
brasilia,Brasilia,DF,2022-05-10,20.6,25.4,16.1,0.0,0.0,0.0,14.1,7.9,62
brasilia,Brasilia,DF,2022-05-11,21.2,26.6,16.2,0.0,0.0,0.0,7.8,5.4,58
brasilia,Brasilia,DF,2022-05-12,22.5,27.2,18.4,0.0,0.0,0.0,10.1,4.8,57
brasilia,Brasilia,DF,2022-05-13,22.4,27.5,17.6,0.2,0.2,2.0,11.7,8.3,60
brasilia,Brasilia,DF,2022-05-14,22.0,27.5,17.6,0.0,0.0,0.0,17.5,9.5,64
brasilia,Brasilia,DF,2022-05-15,22.2,27.5,17.8,0.2,0.2,2.0,11.8,7.8,65
brasilia,Brasilia,DF,2022-05-16,21.1,26.1,17.1,0.8,0.8,6.0,13.0,6.8,72
brasilia,Brasilia,DF,2022-05-17,19.8,24.6,15.9,0.0,0.0,0.0,14.0,10.9,75
brasilia,Brasilia,DF,2022-05-18,14.3,19.5,10.3,0.0,0.0,0.0,17.0,12.6,54
brasilia,Brasilia,DF,2022-05-19,12.4,19.4,6.7,0.0,0.0,0.0,14.7,10.1,59
brasilia,Brasilia,DF,2022-05-20,14.6,22.1,8.5,0.0,0.0,0.0,11.6,6.3,65
brasilia,Brasilia,DF,2022-05-21,17.0,24.5,10.4,0.0,0.0,0.0,10.4,7.4,58
brasilia,Brasilia,DF,2022-05-22,18.5,25.2,12.3,0.0,0.0,0.0,12.7,8.2,56
brasilia,Brasilia,DF,2022-05-23,19.9,25.9,13.9,0.0,0.0,0.0,11.3,7.5,61
brasilia,Brasilia,DF,2022-05-24,20.0,25.1,15.2,0.0,0.0,0.0,16.3,10.7,58
brasilia,Brasilia,DF,2022-05-25,18.3,24.1,13.8,0.0,0.0,0.0,17.4,12.3,60
brasilia,Brasilia,DF,2022-05-26,18.7,24.7,13.6,0.0,0.0,0.0,20.5,11.5,64
brasilia,Brasilia,DF,2022-05-27,19.1,24.8,14.2,0.0,0.0,0.0,15.2,9.5,64
brasilia,Brasilia,DF,2022-05-28,19.2,25.1,14.1,0.0,0.0,0.0,11.6,7.7,59
brasilia,Brasilia,DF,2022-05-29,19.9,26.5,13.8,0.0,0.0,0.0,9.7,7.0,51
brasilia,Brasilia,DF,2022-05-30,21.9,27.3,18.0,0.0,0.0,0.0,6.6,4.7,42
brasilia,Brasilia,DF,2022-05-31,21.8,28.4,17.3,0.0,0.0,0.0,13.3,8.4,43
brasilia,Brasilia,DF,2022-06-01,20.9,27.6,15.2,0.0,0.0,0.0,14.1,9.6,49
brasilia,Brasilia,DF,2022-06-02,21.7,27.6,15.4,0.0,0.0,0.0,10.7,6.9,49
brasilia,Brasilia,DF,2022-06-03,21.3,27.4,16.4,0.0,0.0,0.0,15.6,9.2,49
brasilia,Brasilia,DF,2022-06-04,20.9,27.2,15.4,0.0,0.0,0.0,18.0,11.3,55
brasilia,Brasilia,DF,2022-06-05,19.4,24.6,15.1,0.1,0.1,1.0,20.2,11.4,65
brasilia,Brasilia,DF,2022-06-06,18.8,25.1,13.5,0.0,0.0,0.0,13.2,9.1,61
brasilia,Brasilia,DF,2022-06-07,20.5,26.6,14.8,0.0,0.0,0.0,8.0,4.6,51
brasilia,Brasilia,DF,2022-06-08,21.0,27.5,14.9,0.0,0.0,0.0,14.8,6.2,53
brasilia,Brasilia,DF,2022-06-09,22.2,27.6,18.0,0.0,0.0,0.0,10.0,6.5,42
brasilia,Brasilia,DF,2022-06-10,21.2,28.5,14.6,0.0,0.0,0.0,16.1,6.7,52
brasilia,Brasilia,DF,2022-06-11,20.1,25.5,15.1,0.0,0.0,0.0,15.1,8.3,66
brasilia,Brasilia,DF,2022-06-12,20.3,26.1,15.3,0.0,0.0,0.0,15.8,8.1,66
brasilia,Brasilia,DF,2022-06-13,20.2,25.8,15.3,0.0,0.0,0.0,13.5,9.1,61
brasilia,Brasilia,DF,2022-06-14,20.8,26.9,15.9,0.2,0.2,2.0,16.1,10.0,58
brasilia,Brasilia,DF,2022-06-15,20.7,25.8,16.4,0.1,0.1,1.0,12.6,9.4,67
brasilia,Brasilia,DF,2022-06-16,19.9,26.2,14.9,0.0,0.0,0.0,13.0,9.3,60
brasilia,Brasilia,DF,2022-06-17,20.2,26.8,14.4,0.0,0.0,0.0,9.4,5.7,51
brasilia,Brasilia,DF,2022-06-18,21.1,27.2,15.6,0.0,0.0,0.0,14.3,8.1,46
brasilia,Brasilia,DF,2022-06-19,20.4,27.2,15.0,0.0,0.0,0.0,15.2,9.4,53
brasilia,Brasilia,DF,2022-06-20,19.8,25.8,14.6,0.0,0.0,0.0,15.8,10.7,55
brasilia,Brasilia,DF,2022-06-21,19.4,25.7,14.1,0.0,0.0,0.0,18.1,11.5,59
brasilia,Brasilia,DF,2022-06-22,19.0,25.7,13.1,0.0,0.0,0.0,13.8,8.4,60
brasilia,Brasilia,DF,2022-06-23,19.6,25.5,14.8,0.0,0.0,0.0,13.1,8.6,61
brasilia,Brasilia,DF,2022-06-24,19.6,25.6,14.4,0.0,0.0,0.0,14.0,8.6,59
brasilia,Brasilia,DF,2022-06-25,19.1,25.0,14.3,0.0,0.0,0.0,14.5,9.4,55
brasilia,Brasilia,DF,2022-06-26,19.4,25.5,13.6,0.0,0.0,0.0,14.8,9.0,53
brasilia,Brasilia,DF,2022-06-27,18.6,24.5,13.9,0.0,0.0,0.0,15.4,9.9,58
brasilia,Brasilia,DF,2022-06-28,18.1,24.6,12.8,0.0,0.0,0.0,12.6,8.6,60
brasilia,Brasilia,DF,2022-06-29,19.9,25.4,15.6,0.0,0.0,0.0,13.6,5.1,52
brasilia,Brasilia,DF,2022-06-30,20.2,25.7,15.6,0.0,0.0,0.0,11.6,7.0,50
brasilia,Brasilia,DF,2022-07-01,20.0,26.5,14.8,0.0,0.0,0.0,15.4,9.8,50
brasilia,Brasilia,DF,2022-07-02,19.8,26.1,14.1,0.0,0.0,0.0,16.8,11.4,54
brasilia,Brasilia,DF,2022-07-03,19.0,25.4,13.8,0.0,0.0,0.0,18.2,12.1,57
brasilia,Brasilia,DF,2022-07-04,17.9,24.0,13.1,0.0,0.0,0.0,21.2,13.0,54
brasilia,Brasilia,DF,2022-07-05,18.2,24.1,12.9,0.0,0.0,0.0,18.3,10.8,57
brasilia,Brasilia,DF,2022-07-06,18.6,25.0,13.1,0.0,0.0,0.0,17.9,9.4,55
brasilia,Brasilia,DF,2022-07-07,19.8,25.5,14.1,0.0,0.0,0.0,14.2,7.5,54
brasilia,Brasilia,DF,2022-07-08,19.6,25.2,14.8,0.0,0.0,0.0,15.1,10.0,56
brasilia,Brasilia,DF,2022-07-09,18.6,24.5,13.2,0.0,0.0,0.0,19.1,11.7,56
brasilia,Brasilia,DF,2022-07-10,18.3,24.0,13.4,0.0,0.0,0.0,18.7,10.9,58
brasilia,Brasilia,DF,2022-07-11,18.5,24.5,13.1,0.0,0.0,0.0,18.3,10.6,56
brasilia,Brasilia,DF,2022-07-12,19.8,25.4,14.9,0.0,0.0,0.0,11.8,6.1,49
brasilia,Brasilia,DF,2022-07-13,19.7,26.2,13.9,0.0,0.0,0.0,12.0,8.4,48
brasilia,Brasilia,DF,2022-07-14,20.0,26.2,14.9,0.0,0.0,0.0,17.0,10.5,52
brasilia,Brasilia,DF,2022-07-15,19.9,26.3,14.5,0.0,0.0,0.0,12.7,8.0,54
brasilia,Brasilia,DF,2022-07-16,20.3,26.8,14.6,0.0,0.0,0.0,11.9,7.9,50
brasilia,Brasilia,DF,2022-07-17,20.2,26.8,14.2,0.0,0.0,0.0,13.9,10.1,50
brasilia,Brasilia,DF,2022-07-18,19.5,25.8,13.9,0.0,0.0,0.0,21.3,13.0,50
brasilia,Brasilia,DF,2022-07-19,19.9,26.1,14.8,0.0,0.0,0.0,14.8,10.9,55
brasilia,Brasilia,DF,2022-07-20,18.9,25.1,13.4,0.0,0.0,0.0,17.0,10.9,54
brasilia,Brasilia,DF,2022-07-21,19.3,25.0,13.9,0.0,0.0,0.0,17.1,9.7,55
brasilia,Brasilia,DF,2022-07-22,19.4,25.1,14.1,0.0,0.0,0.0,16.2,9.9,49
brasilia,Brasilia,DF,2022-07-23,19.8,25.8,14.3,0.0,0.0,0.0,12.7,8.9,49
brasilia,Brasilia,DF,2022-07-24,20.0,26.1,14.6,0.0,0.0,0.0,16.5,10.4,51
brasilia,Brasilia,DF,2022-07-25,19.7,26.0,14.3,0.0,0.0,0.0,14.8,10.4,54
brasilia,Brasilia,DF,2022-07-26,19.3,25.5,13.6,0.0,0.0,0.0,14.5,10.2,52
brasilia,Brasilia,DF,2022-07-27,18.7,24.8,13.2,0.0,0.0,0.0,19.1,10.2,53
brasilia,Brasilia,DF,2022-07-28,19.4,26.2,13.1,0.0,0.0,0.0,11.3,7.0,51
brasilia,Brasilia,DF,2022-07-29,20.9,27.8,14.4,0.0,0.0,0.0,12.6,6.6,39
brasilia,Brasilia,DF,2022-07-30,21.8,28.6,15.3,0.0,0.0,0.0,15.5,8.8,34
brasilia,Brasilia,DF,2022-07-31,22.1,28.9,15.3,0.0,0.0,0.0,13.0,8.6,40
brasilia,Brasilia,DF,2022-08-01,22.6,29.0,16.8,0.0,0.0,0.0,14.9,8.6,37
brasilia,Brasilia,DF,2022-08-02,22.2,27.9,16.4,0.0,0.0,0.0,17.4,9.5,41
brasilia,Brasilia,DF,2022-08-03,21.4,27.5,15.9,0.0,0.0,0.0,16.3,10.0,44
brasilia,Brasilia,DF,2022-08-04,21.1,27.0,15.7,0.0,0.0,0.0,13.5,8.2,43
brasilia,Brasilia,DF,2022-08-05,23.4,29.1,18.2,0.0,0.0,0.0,9.0,5.0,33
brasilia,Brasilia,DF,2022-08-06,23.9,29.5,17.6,0.0,0.0,0.0,13.6,6.6,29
brasilia,Brasilia,DF,2022-08-07,23.8,30.5,18.0,0.0,0.0,0.0,13.5,8.5,33
brasilia,Brasilia,DF,2022-08-08,24.9,30.6,18.8,0.0,0.0,0.0,12.6,6.7,33
brasilia,Brasilia,DF,2022-08-09,23.3,29.8,17.1,0.0,0.0,0.0,13.3,7.4,43
brasilia,Brasilia,DF,2022-08-10,22.2,29.5,16.5,0.0,0.0,0.0,21.2,13.9,51
brasilia,Brasilia,DF,2022-08-11,18.7,27.4,11.8,0.0,0.0,0.0,13.9,9.7,45
brasilia,Brasilia,DF,2022-08-12,20.8,28.0,14.2,0.0,0.0,0.0,13.0,7.9,41
brasilia,Brasilia,DF,2022-08-13,21.8,28.0,15.9,0.0,0.0,0.0,14.4,10.2,48
brasilia,Brasilia,DF,2022-08-14,21.0,26.9,15.4,0.0,0.0,0.0,14.6,10.5,46
brasilia,Brasilia,DF,2022-08-15,21.0,27.5,14.5,0.0,0.0,0.0,13.8,8.5,41
brasilia,Brasilia,DF,2022-08-16,22.3,28.0,16.7,0.0,0.0,0.0,10.8,7.0,39
brasilia,Brasilia,DF,2022-08-17,23.1,29.3,16.8,0.0,0.0,0.0,14.5,9.3,37
brasilia,Brasilia,DF,2022-08-18,22.9,29.0,16.8,0.0,0.0,0.0,13.3,9.0,37
brasilia,Brasilia,DF,2022-08-19,22.7,28.5,17.1,0.0,0.0,0.0,16.8,10.5,40
brasilia,Brasilia,DF,2022-08-20,20.6,26.5,15.6,0.0,0.0,0.0,27.0,17.6,48
brasilia,Brasilia,DF,2022-08-21,19.6,25.5,14.1,0.0,0.0,0.0,19.8,14.7,51
brasilia,Brasilia,DF,2022-08-22,19.2,25.1,13.8,0.0,0.0,0.0,20.6,12.7,48
brasilia,Brasilia,DF,2022-08-23,19.5,25.1,14.2,0.0,0.0,0.0,21.7,12.7,45
brasilia,Brasilia,DF,2022-08-24,20.3,26.1,14.8,0.0,0.0,0.0,16.9,9.2,44
brasilia,Brasilia,DF,2022-08-25,20.6,26.2,14.8,0.0,0.0,0.0,17.3,9.7,42
brasilia,Brasilia,DF,2022-08-26,21.0,26.5,15.1,0.0,0.0,0.0,17.5,9.7,42
brasilia,Brasilia,DF,2022-08-27,21.5,27.4,15.8,0.0,0.0,0.0,17.3,9.3,42
brasilia,Brasilia,DF,2022-08-28,22.4,29.1,15.9,0.0,0.0,0.0,19.1,9.7,39
brasilia,Brasilia,DF,2022-08-29,23.7,29.8,19.4,0.0,0.0,0.0,21.7,10.1,33
brasilia,Brasilia,DF,2022-08-30,22.4,28.3,17.0,0.0,0.0,0.0,21.3,13.8,38
brasilia,Brasilia,DF,2022-08-31,20.3,26.2,14.9,0.0,0.0,0.0,17.3,13.9,50
brasilia,Brasilia,DF,2022-09-01,19.5,25.9,14.0,0.0,0.0,0.0,18.9,13.5,44
brasilia,Brasilia,DF,2022-09-02,20.0,26.9,13.4,0.0,0.0,0.0,13.5,9.5,41
brasilia,Brasilia,DF,2022-09-03,22.3,29.5,15.9,0.0,0.0,0.0,11.2,7.9,35
brasilia,Brasilia,DF,2022-09-04,24.1,31.0,16.9,0.0,0.0,0.0,18.6,10.6,27
brasilia,Brasilia,DF,2022-09-05,23.7,30.2,17.8,0.0,0.0,0.0,19.1,12.6,30
brasilia,Brasilia,DF,2022-09-06,22.3,28.5,16.4,0.0,0.0,0.0,21.6,13.9,46
brasilia,Brasilia,DF,2022-09-07,21.6,27.5,16.9,0.0,0.0,0.0,16.5,11.7,48
brasilia,Brasilia,DF,2022-09-08,22.6,29.8,15.6,0.0,0.0,0.0,18.2,10.8,41
brasilia,Brasilia,DF,2022-09-09,23.3,30.2,16.8,0.0,0.0,0.0,18.1,11.0,38
brasilia,Brasilia,DF,2022-09-10,24.2,31.4,16.6,0.0,0.0,0.0,15.3,9.9,30
brasilia,Brasilia,DF,2022-09-11,26.3,31.8,21.1,0.0,0.0,0.0,13.6,7.6,22
brasilia,Brasilia,DF,2022-09-12,26.6,32.5,19.5,0.0,0.0,0.0,19.2,8.9,23
brasilia,Brasilia,DF,2022-09-13,26.1,32.8,18.8,0.0,0.0,0.0,13.0,8.3,24
brasilia,Brasilia,DF,2022-09-14,26.7,32.8,20.0,0.0,0.0,0.0,13.7,7.9,22
brasilia,Brasilia,DF,2022-09-15,25.4,30.7,19.6,0.0,0.0,0.0,15.5,9.0,38
brasilia,Brasilia,DF,2022-09-16,25.4,31.6,18.6,0.0,0.0,0.0,17.7,9.2,46
brasilia,Brasilia,DF,2022-09-17,24.0,30.5,19.5,6.0,6.0,5.0,19.4,10.1,57
brasilia,Brasilia,DF,2022-09-18,22.8,28.6,18.6,1.7,1.7,4.0,14.7,8.8,69
brasilia,Brasilia,DF,2022-09-19,22.4,28.7,18.6,0.2,0.2,2.0,10.0,7.2,68
brasilia,Brasilia,DF,2022-09-20,22.4,28.4,18.7,2.0,2.0,3.0,13.7,5.9,71
brasilia,Brasilia,DF,2022-09-21,23.3,28.4,19.4,1.6,1.6,3.0,19.0,6.7,70
brasilia,Brasilia,DF,2022-09-22,22.2,28.1,19.5,9.0,9.0,12.0,17.7,9.4,76
brasilia,Brasilia,DF,2022-09-23,21.1,25.1,18.5,0.5,0.5,3.0,10.5,5.9,82
brasilia,Brasilia,DF,2022-09-24,21.5,27.2,17.0,1.6,1.6,4.0,12.2,7.8,78
brasilia,Brasilia,DF,2022-09-25,21.2,25.1,18.2,0.2,0.2,1.0,21.3,12.1,79
brasilia,Brasilia,DF,2022-09-26,22.5,28.1,17.6,0.0,0.0,0.0,16.6,10.5,68
brasilia,Brasilia,DF,2022-09-27,23.5,30.0,18.0,0.0,0.0,0.0,12.7,7.0,57
brasilia,Brasilia,DF,2022-09-28,23.9,30.5,17.6,0.0,0.0,0.0,10.8,6.7,61
brasilia,Brasilia,DF,2022-09-29,24.0,30.2,18.2,0.1,0.1,1.0,15.0,9.3,60
brasilia,Brasilia,DF,2022-09-30,24.4,30.3,19.1,0.1,0.1,1.0,18.9,11.4,57
brasilia,Brasilia,DF,2022-10-01,23.7,29.0,18.4,0.0,0.0,0.0,20.3,9.7,61
brasilia,Brasilia,DF,2022-10-02,22.4,29.0,18.5,5.6,5.6,10.0,16.9,6.3,72
brasilia,Brasilia,DF,2022-10-03,21.8,27.5,18.7,2.5,2.5,9.0,11.5,6.4,74
brasilia,Brasilia,DF,2022-10-04,22.1,28.1,19.0,1.9,1.9,2.0,17.1,5.6,72
brasilia,Brasilia,DF,2022-10-05,22.2,28.4,17.5,1.9,1.9,3.0,14.9,7.1,75
brasilia,Brasilia,DF,2022-10-06,24.2,30.6,18.7,0.0,0.0,0.0,18.4,10.4,63
brasilia,Brasilia,DF,2022-10-07,21.3,25.8,18.1,13.5,13.5,9.0,20.4,9.2,76
brasilia,Brasilia,DF,2022-10-08,22.8,28.8,18.4,7.5,7.5,4.0,13.4,7.0,70
brasilia,Brasilia,DF,2022-10-09,22.0,27.6,17.6,4.8,4.8,3.0,17.3,9.9,78
brasilia,Brasilia,DF,2022-10-10,23.6,29.7,18.2,0.0,0.0,0.0,20.2,10.7,62
brasilia,Brasilia,DF,2022-10-11,24.3,30.0,19.1,0.0,0.0,0.0,21.9,12.8,44
brasilia,Brasilia,DF,2022-10-12,23.9,30.0,17.6,0.0,0.0,0.0,17.7,10.8,43
brasilia,Brasilia,DF,2022-10-13,23.0,29.4,18.0,0.0,0.0,0.0,18.0,12.3,44
brasilia,Brasilia,DF,2022-10-14,24.0,30.6,17.5,0.0,0.0,0.0,17.2,10.1,46
brasilia,Brasilia,DF,2022-10-15,24.0,31.0,18.1,0.0,0.0,0.0,20.6,13.0,42
brasilia,Brasilia,DF,2022-10-16,23.3,29.2,17.7,0.0,0.0,0.0,20.2,12.0,45
brasilia,Brasilia,DF,2022-10-17,24.2,30.8,18.0,0.0,0.0,0.0,16.2,10.5,41
brasilia,Brasilia,DF,2022-10-18,25.5,31.9,18.8,0.0,0.0,0.0,18.7,9.8,36
brasilia,Brasilia,DF,2022-10-19,26.3,31.9,20.5,0.0,0.0,0.0,19.4,9.1,36
brasilia,Brasilia,DF,2022-10-20,26.4,32.0,21.2,0.0,0.0,0.0,13.9,9.3,37
brasilia,Brasilia,DF,2022-10-21,24.4,30.4,21.2,1.8,1.8,5.0,24.0,10.2,54
brasilia,Brasilia,DF,2022-10-22,23.5,28.7,20.2,2.0,2.0,9.0,18.1,5.6,63
brasilia,Brasilia,DF,2022-10-23,21.0,24.5,18.9,6.7,6.7,19.0,12.6,8.9,81
brasilia,Brasilia,DF,2022-10-24,20.1,23.5,17.8,8.4,8.4,13.0,11.6,7.7,85
brasilia,Brasilia,DF,2022-10-25,22.6,28.3,18.0,0.5,0.5,4.0,11.5,6.9,72
brasilia,Brasilia,DF,2022-10-26,23.5,29.5,17.8,0.7,0.7,4.0,12.7,6.0,64
brasilia,Brasilia,DF,2022-10-27,24.0,29.5,19.1,0.1,0.1,1.0,12.6,7.6,62
brasilia,Brasilia,DF,2022-10-28,23.8,30.4,18.1,2.2,2.2,4.0,14.9,8.4,64
brasilia,Brasilia,DF,2022-10-29,22.8,28.6,19.5,6.0,6.0,11.0,14.3,7.6,72
brasilia,Brasilia,DF,2022-10-30,23.7,28.8,19.5,0.3,0.3,3.0,16.0,7.8,66
brasilia,Brasilia,DF,2022-10-31,23.2,29.0,19.2,6.0,6.0,7.0,14.8,7.4,68
brasilia,Brasilia,DF,2022-11-01,22.0,27.3,19.4,15.4,15.4,17.0,14.8,8.2,78
brasilia,Brasilia,DF,2022-11-02,19.9,23.0,17.4,7.1,7.1,13.0,17.7,13.7,84
brasilia,Brasilia,DF,2022-11-03,18.5,22.0,16.2,3.2,3.2,17.0,19.3,15.6,84
brasilia,Brasilia,DF,2022-11-04,18.0,22.5,14.9,1.1,1.1,9.0,19.8,13.2,80
brasilia,Brasilia,DF,2022-11-05,19.7,24.1,15.1,0.8,0.8,6.0,17.2,7.8,74
brasilia,Brasilia,DF,2022-11-06,21.5,27.1,17.6,1.3,1.3,7.0,10.2,6.1,70
brasilia,Brasilia,DF,2022-11-07,21.4,27.4,17.5,1.6,1.6,5.0,15.3,8.1,74
brasilia,Brasilia,DF,2022-11-08,20.7,25.6,16.5,6.2,6.2,12.0,13.2,6.1,78
brasilia,Brasilia,DF,2022-11-09,21.8,27.9,16.6,6.1,6.1,7.0,13.8,8.2,71
brasilia,Brasilia,DF,2022-11-10,21.6,27.8,16.6,9.9,9.9,9.0,16.7,6.5,78
brasilia,Brasilia,DF,2022-11-11,21.7,26.4,18.4,3.0,3.0,9.0,13.7,6.1,78
brasilia,Brasilia,DF,2022-11-12,21.1,26.7,18.0,7.6,7.6,12.0,13.4,6.8,80
brasilia,Brasilia,DF,2022-11-13,22.3,27.7,18.5,4.7,4.7,4.0,12.9,5.8,78
brasilia,Brasilia,DF,2022-11-14,21.9,27.9,19.0,25.6,25.6,15.0,11.7,5.5,79
brasilia,Brasilia,DF,2022-11-15,21.4,25.1,18.2,8.3,8.3,12.0,11.6,5.5,83
brasilia,Brasilia,DF,2022-11-16,21.3,25.5,18.6,4.5,4.5,12.0,11.8,5.2,82
brasilia,Brasilia,DF,2022-11-17,22.2,27.4,17.8,0.6,0.6,4.0,11.2,6.2,75
brasilia,Brasilia,DF,2022-11-18,22.0,26.7,18.4,3.9,3.9,5.0,13.3,7.0,76
brasilia,Brasilia,DF,2022-11-19,20.6,26.5,17.3,10.5,10.5,7.0,17.8,8.7,80
brasilia,Brasilia,DF,2022-11-20,20.1,25.0,16.8,3.0,3.0,9.0,16.9,9.0,81
brasilia,Brasilia,DF,2022-11-21,21.2,26.6,17.0,17.1,17.1,6.0,16.3,8.1,78
brasilia,Brasilia,DF,2022-11-22,21.4,26.0,17.2,5.5,5.5,12.0,12.5,7.4,80
brasilia,Brasilia,DF,2022-11-23,20.5,23.9,18.5,30.8,30.8,14.0,11.1,4.4,85
brasilia,Brasilia,DF,2022-11-24,20.8,24.8,17.9,26.9,26.9,16.0,14.5,6.0,84
brasilia,Brasilia,DF,2022-11-25,20.7,25.4,17.0,8.7,8.7,10.0,13.8,5.6,83
brasilia,Brasilia,DF,2022-11-26,20.9,24.9,17.4,2.9,2.9,5.0,7.5,5.0,81
brasilia,Brasilia,DF,2022-11-27,21.3,25.1,18.5,8.3,8.3,7.0,11.5,8.2,82
brasilia,Brasilia,DF,2022-11-28,20.7,25.6,17.6,7.2,7.2,12.0,14.3,7.5,82
brasilia,Brasilia,DF,2022-11-29,21.1,26.0,17.0,0.2,0.2,2.0,16.1,10.2,79
brasilia,Brasilia,DF,2022-11-30,20.4,24.1,17.6,0.1,0.1,1.0,22.6,14.6,82
brasilia,Brasilia,DF,2022-12-01,21.7,25.8,17.8,0.7,0.7,3.0,15.8,8.5,77
brasilia,Brasilia,DF,2022-12-02,21.1,24.9,18.1,16.7,16.7,10.0,12.4,7.7,84
brasilia,Brasilia,DF,2022-12-03,20.3,23.1,18.5,9.5,9.5,16.0,13.9,9.5,86
brasilia,Brasilia,DF,2022-12-04,20.7,25.5,18.6,4.1,4.1,12.0,16.1,8.1,80
brasilia,Brasilia,DF,2022-12-05,20.7,26.0,18.2,3.6,3.6,14.0,14.3,9.4,84
brasilia,Brasilia,DF,2022-12-06,20.8,24.2,18.3,4.9,4.9,10.0,14.7,7.6,83
brasilia,Brasilia,DF,2022-12-07,21.8,25.8,18.6,3.3,3.3,11.0,8.9,4.9,81
brasilia,Brasilia,DF,2022-12-08,22.1,27.0,18.4,12.3,12.3,11.0,16.4,6.6,79
brasilia,Brasilia,DF,2022-12-09,21.4,25.3,18.1,16.0,16.0,11.0,13.8,8.1,84
brasilia,Brasilia,DF,2022-12-10,21.3,24.8,18.7,10.7,10.7,16.0,16.9,10.7,83
brasilia,Brasilia,DF,2022-12-11,22.4,27.8,17.8,1.2,1.2,4.0,15.5,8.2,73
brasilia,Brasilia,DF,2022-12-12,22.4,27.4,18.5,1.6,1.6,3.0,20.3,10.0,75
brasilia,Brasilia,DF,2022-12-13,21.9,25.5,18.6,0.6,0.6,4.0,19.1,11.9,78
brasilia,Brasilia,DF,2022-12-14,21.5,24.9,19.1,13.5,13.5,10.0,15.3,9.4,81
brasilia,Brasilia,DF,2022-12-15,20.6,23.0,19.1,2.6,2.6,6.0,14.6,9.8,87
brasilia,Brasilia,DF,2022-12-16,20.2,23.4,18.1,24.8,24.8,20.0,16.0,8.9,88
brasilia,Brasilia,DF,2022-12-17,20.3,23.4,18.5,8.5,8.5,16.0,22.8,12.5,86
brasilia,Brasilia,DF,2022-12-18,20.5,25.0,17.2,5.5,5.5,11.0,17.1,9.5,86
brasilia,Brasilia,DF,2022-12-19,21.1,25.8,18.7,7.6,7.6,14.0,16.3,10.5,85
brasilia,Brasilia,DF,2022-12-20,20.4,23.4,19.0,9.8,9.8,18.0,25.1,16.6,88
brasilia,Brasilia,DF,2022-12-21,19.9,22.5,18.0,8.6,8.6,13.0,17.6,12.2,89
brasilia,Brasilia,DF,2022-12-22,20.6,24.9,17.2,2.1,2.1,9.0,13.5,6.5,82
brasilia,Brasilia,DF,2022-12-23,20.2,25.9,16.8,19.1,19.1,12.0,13.4,5.7,84
brasilia,Brasilia,DF,2022-12-24,20.4,25.5,17.0,11.0,11.0,21.0,13.8,8.9,85
brasilia,Brasilia,DF,2022-12-25,20.4,24.7,18.3,16.1,16.1,22.0,13.7,10.2,88
brasilia,Brasilia,DF,2022-12-26,19.3,21.1,18.5,47.2,47.2,24.0,20.0,11.8,92
brasilia,Brasilia,DF,2022-12-27,20.5,24.2,18.2,3.8,3.8,15.0,12.7,8.8,84
brasilia,Brasilia,DF,2022-12-28,21.4,25.6,19.0,1.2,1.2,3.0,15.3,8.4,81
brasilia,Brasilia,DF,2022-12-29,21.8,25.4,18.6,0.9,0.9,5.0,17.3,8.1,81
brasilia,Brasilia,DF,2022-12-30,21.1,25.5,18.5,10.4,10.4,13.0,14.2,5.5,86
brasilia,Brasilia,DF,2022-12-31,20.9,25.5,17.4,2.9,2.9,7.0,13.8,7.5,84
brasilia,Brasilia,DF,2023-01-01,21.0,26.0,17.6,4.4,4.4,4.0,14.8,8.0,85
brasilia,Brasilia,DF,2023-01-02,22.3,27.5,18.5,6.1,6.1,6.0,15.1,7.5,76
brasilia,Brasilia,DF,2023-01-03,20.7,23.6,17.5,11.7,11.7,16.0,13.6,5.5,84
brasilia,Brasilia,DF,2023-01-04,20.8,24.1,17.1,0.8,0.8,5.0,15.7,9.7,83
brasilia,Brasilia,DF,2023-01-05,21.3,24.8,19.0,3.7,3.7,8.0,16.1,10.5,83
brasilia,Brasilia,DF,2023-01-06,19.8,22.5,18.0,8.6,8.6,20.0,20.8,12.5,89
brasilia,Brasilia,DF,2023-01-07,21.1,25.8,17.0,5.7,5.7,9.0,14.2,7.9,83
brasilia,Brasilia,DF,2023-01-08,21.0,25.2,18.5,8.0,8.0,13.0,14.9,7.5,84
brasilia,Brasilia,DF,2023-01-09,20.6,25.1,17.5,8.3,8.3,11.0,13.7,7.1,84
brasilia,Brasilia,DF,2023-01-10,21.4,26.8,16.8,3.5,3.5,6.0,12.9,5.7,80
brasilia,Brasilia,DF,2023-01-11,21.3,25.8,17.5,4.2,4.2,8.0,15.3,5.8,81
brasilia,Brasilia,DF,2023-01-12,21.2,25.3,18.7,9.3,9.3,12.0,10.2,4.7,83
brasilia,Brasilia,DF,2023-01-13,21.0,25.0,18.0,9.1,9.1,13.0,15.9,6.3,84
brasilia,Brasilia,DF,2023-01-14,21.4,26.0,18.5,6.3,6.3,13.0,14.2,4.8,82
brasilia,Brasilia,DF,2023-01-15,21.6,26.4,17.7,1.5,1.5,7.0,13.8,6.7,82
brasilia,Brasilia,DF,2023-01-16,22.1,27.4,17.5,0.6,0.6,5.0,14.5,8.2,77
brasilia,Brasilia,DF,2023-01-17,21.9,26.8,17.4,0.0,0.0,0.0,14.3,9.1,68
brasilia,Brasilia,DF,2023-01-18,22.1,26.8,18.2,0.6,0.6,2.0,11.4,6.1,72
brasilia,Brasilia,DF,2023-01-19,21.1,25.2,17.1,2.2,2.2,6.0,17.1,4.6,78
brasilia,Brasilia,DF,2023-01-20,20.7,25.8,17.9,21.3,21.3,10.0,15.0,5.2,83
brasilia,Brasilia,DF,2023-01-21,20.8,24.0,17.9,3.0,3.0,6.0,22.7,9.0,83
brasilia,Brasilia,DF,2023-01-22,20.7,25.2,16.7,6.6,6.6,12.0,17.6,10.6,83
brasilia,Brasilia,DF,2023-01-23,21.4,24.9,18.5,4.7,4.7,8.0,18.5,11.5,80
brasilia,Brasilia,DF,2023-01-24,21.6,26.2,18.9,2.6,2.6,11.0,18.9,11.9,81
brasilia,Brasilia,DF,2023-01-25,21.6,26.2,18.7,11.4,11.4,11.0,11.9,5.6,84
brasilia,Brasilia,DF,2023-01-26,21.1,23.7,19.3,21.1,21.1,18.0,14.4,5.7,85
brasilia,Brasilia,DF,2023-01-27,20.7,25.4,18.7,9.0,9.0,19.0,15.9,7.5,84
brasilia,Brasilia,DF,2023-01-28,21.6,25.9,17.8,1.3,1.3,8.0,12.1,6.4,80
brasilia,Brasilia,DF,2023-01-29,21.0,25.6,17.8,10.3,10.3,11.0,18.3,5.3,81
brasilia,Brasilia,DF,2023-01-30,21.1,26.7,17.1,5.7,5.7,9.0,15.6,7.6,82
brasilia,Brasilia,DF,2023-01-31,21.9,26.8,17.1,0.4,0.4,4.0,10.4,7.0,76
brasilia,Brasilia,DF,2023-02-01,22.6,26.6,18.3,0.0,0.0,0.0,13.1,8.4,69
brasilia,Brasilia,DF,2023-02-02,23.4,28.6,18.4,0.0,0.0,0.0,15.5,7.6,63
brasilia,Brasilia,DF,2023-02-03,22.2,26.0,17.8,1.6,1.6,8.0,13.5,6.7,74
brasilia,Brasilia,DF,2023-02-04,21.6,26.4,18.1,8.5,8.5,9.0,9.5,4.6,83
brasilia,Brasilia,DF,2023-02-05,21.6,27.5,18.2,4.6,4.6,9.0,8.6,4.0,81
brasilia,Brasilia,DF,2023-02-06,22.2,26.4,18.2,0.5,0.5,5.0,9.2,5.3,79
brasilia,Brasilia,DF,2023-02-07,23.2,29.0,18.2,0.0,0.0,0.0,9.2,6.4,71
brasilia,Brasilia,DF,2023-02-08,23.8,28.0,19.1,0.1,0.1,1.0,9.9,6.3,65
brasilia,Brasilia,DF,2023-02-09,22.6,28.1,18.4,1.1,1.1,6.0,13.9,6.9,74
brasilia,Brasilia,DF,2023-02-10,23.4,27.2,19.1,0.5,0.5,3.0,11.9,7.0,68
brasilia,Brasilia,DF,2023-02-11,23.3,28.3,19.1,0.2,0.2,2.0,10.8,7.1,68
brasilia,Brasilia,DF,2023-02-12,24.0,28.2,19.5,0.7,0.7,4.0,14.2,7.4,65
brasilia,Brasilia,DF,2023-02-13,24.0,29.2,19.3,0.2,0.2,2.0,12.7,6.8,68
brasilia,Brasilia,DF,2023-02-14,24.3,29.7,18.9,0.0,0.0,0.0,11.5,7.2,63
brasilia,Brasilia,DF,2023-02-15,25.5,30.6,19.2,0.0,0.0,0.0,12.8,6.8,52
brasilia,Brasilia,DF,2023-02-16,24.3,29.9,19.4,0.1,0.1,1.0,13.0,8.0,65
brasilia,Brasilia,DF,2023-02-17,23.3,26.7,19.5,0.5,0.5,4.0,9.1,6.4,70
brasilia,Brasilia,DF,2023-02-18,20.6,23.4,19.0,11.3,11.3,13.0,10.9,5.5,87
brasilia,Brasilia,DF,2023-02-19,22.5,27.5,18.0,0.7,0.7,6.0,17.3,11.5,76
brasilia,Brasilia,DF,2023-02-20,22.0,27.2,17.9,1.0,1.0,6.0,16.6,8.9,74
brasilia,Brasilia,DF,2023-02-21,21.6,27.3,17.0,1.5,1.5,7.0,14.8,6.1,78
brasilia,Brasilia,DF,2023-02-22,21.2,26.9,18.2,4.7,4.7,9.0,14.8,5.5,85
brasilia,Brasilia,DF,2023-02-23,21.8,26.5,19.0,5.5,5.5,16.0,11.1,6.4,83
brasilia,Brasilia,DF,2023-02-24,22.1,27.4,19.0,3.3,3.3,9.0,10.5,6.2,81
brasilia,Brasilia,DF,2023-02-25,22.5,28.0,18.4,0.4,0.4,3.0,12.0,7.0,78
brasilia,Brasilia,DF,2023-02-26,23.8,29.8,19.0,0.2,0.2,2.0,14.5,8.1,68
brasilia,Brasilia,DF,2023-02-27,24.0,30.1,19.1,0.0,0.0,0.0,18.6,10.0,61
brasilia,Brasilia,DF,2023-02-28,23.5,29.1,18.4,0.0,0.0,0.0,16.8,8.7,65
brasilia,Brasilia,DF,2023-03-01,22.0,28.2,18.9,8.2,8.2,4.0,11.1,6.1,77
brasilia,Brasilia,DF,2023-03-02,21.8,27.5,18.0,2.6,2.6,7.0,11.4,6.8,81
brasilia,Brasilia,DF,2023-03-03,22.0,26.6,18.9,2.1,2.1,7.0,13.8,6.7,81
brasilia,Brasilia,DF,2023-03-04,22.7,28.4,17.5,0.1,0.1,1.0,16.4,8.3,71
brasilia,Brasilia,DF,2023-03-05,23.7,28.2,19.1,0.0,0.0,0.0,9.6,5.5,61
brasilia,Brasilia,DF,2023-03-06,23.7,28.0,18.8,0.0,0.0,0.0,10.5,5.4,64
brasilia,Brasilia,DF,2023-03-07,21.4,27.0,19.5,13.8,13.8,10.0,16.2,6.0,84
brasilia,Brasilia,DF,2023-03-08,21.2,25.5,18.1,5.2,5.2,12.0,15.7,9.1,84
brasilia,Brasilia,DF,2023-03-09,21.6,24.6,19.4,3.2,3.2,12.0,12.8,7.2,81
brasilia,Brasilia,DF,2023-03-10,21.4,25.2,18.5,8.6,8.6,10.0,10.9,5.6,84
brasilia,Brasilia,DF,2023-03-11,21.8,25.8,19.2,3.4,3.4,4.0,15.3,8.0,83
brasilia,Brasilia,DF,2023-03-12,21.1,25.5,18.1,16.2,16.2,9.0,15.0,7.8,86
brasilia,Brasilia,DF,2023-03-13,21.4,25.5,19.4,19.7,19.7,18.0,8.4,5.3,86
brasilia,Brasilia,DF,2023-03-14,21.0,25.5,17.9,3.3,3.3,7.0,10.9,6.0,83
brasilia,Brasilia,DF,2023-03-15,20.6,24.7,18.0,5.8,5.8,8.0,15.5,8.1,86
brasilia,Brasilia,DF,2023-03-16,21.3,25.1,18.1,1.4,1.4,6.0,14.2,7.2,82
brasilia,Brasilia,DF,2023-03-17,20.5,23.4,18.5,4.1,4.1,11.0,14.0,7.3,85
brasilia,Brasilia,DF,2023-03-18,20.8,24.4,18.1,0.7,0.7,5.0,15.4,8.3,81
brasilia,Brasilia,DF,2023-03-19,20.6,25.2,17.4,3.8,3.8,13.0,16.6,8.7,80
brasilia,Brasilia,DF,2023-03-20,19.6,23.5,18.0,8.8,8.8,8.0,15.4,6.4,88
brasilia,Brasilia,DF,2023-03-21,20.1,23.7,17.7,20.1,20.1,14.0,17.3,7.6,84
brasilia,Brasilia,DF,2023-03-22,21.4,25.3,18.0,0.6,0.6,4.0,16.6,8.6,79
brasilia,Brasilia,DF,2023-03-23,21.2,25.0,18.0,1.2,1.2,7.0,17.3,9.5,80
brasilia,Brasilia,DF,2023-03-24,21.7,26.4,17.6,0.2,0.2,2.0,16.0,9.4,71
brasilia,Brasilia,DF,2023-03-25,22.6,27.6,17.8,0.0,0.0,0.0,14.8,8.2,57
brasilia,Brasilia,DF,2023-03-26,22.4,27.6,17.5,0.0,0.0,0.0,15.2,9.3,64
brasilia,Brasilia,DF,2023-03-27,23.6,28.4,19.4,0.0,0.0,0.0,11.5,6.9,61
brasilia,Brasilia,DF,2023-03-28,23.3,27.6,19.5,0.2,0.2,2.0,12.5,6.7,71
brasilia,Brasilia,DF,2023-03-29,22.5,27.5,18.3,0.0,0.0,0.0,18.0,10.0,69
brasilia,Brasilia,DF,2023-03-30,22.8,27.3,17.5,0.0,0.0,0.0,13.8,7.1,58
brasilia,Brasilia,DF,2023-03-31,24.2,28.4,20.0,0.0,0.0,0.0,10.8,4.8,55
brasilia,Brasilia,DF,2023-04-01,23.3,28.0,18.3,0.0,0.0,0.0,10.1,5.9,62
brasilia,Brasilia,DF,2023-04-02,21.3,27.0,18.5,14.5,14.5,9.0,10.5,5.1,77
brasilia,Brasilia,DF,2023-04-03,20.4,24.6,17.5,3.6,3.6,9.0,12.8,7.2,80
brasilia,Brasilia,DF,2023-04-04,19.8,24.4,17.4,6.6,6.6,7.0,15.6,8.2,85
brasilia,Brasilia,DF,2023-04-05,20.3,25.0,17.1,7.3,7.3,9.0,13.7,7.4,84
brasilia,Brasilia,DF,2023-04-06,20.8,26.2,15.9,7.4,7.4,6.0,16.5,7.1,81
brasilia,Brasilia,DF,2023-04-07,20.7,25.1,18.3,2.6,2.6,9.0,12.8,4.9,85
brasilia,Brasilia,DF,2023-04-08,21.6,26.0,19.0,0.9,0.9,4.0,7.4,3.9,82
brasilia,Brasilia,DF,2023-04-09,21.2,26.1,18.1,3.6,3.6,3.0,15.8,8.4,85
brasilia,Brasilia,DF,2023-04-10,20.7,25.5,17.8,2.7,2.7,5.0,13.3,8.8,87
brasilia,Brasilia,DF,2023-04-11,20.6,24.5,18.2,9.9,9.9,16.0,17.9,9.2,87
brasilia,Brasilia,DF,2023-04-12,21.1,26.2,18.2,1.3,1.3,6.0,13.3,6.6,86
brasilia,Brasilia,DF,2023-04-13,21.0,26.9,17.6,5.5,5.5,4.0,14.9,7.5,86
brasilia,Brasilia,DF,2023-04-14,21.9,27.1,17.9,0.4,0.4,4.0,11.5,6.2,80
brasilia,Brasilia,DF,2023-04-15,22.3,27.1,17.4,0.1,0.1,1.0,8.8,5.1,77
brasilia,Brasilia,DF,2023-04-16,22.3,27.2,18.6,0.3,0.3,2.0,11.0,6.1,79
brasilia,Brasilia,DF,2023-04-17,22.2,26.1,18.5,0.5,0.5,2.0,8.4,5.7,78
brasilia,Brasilia,DF,2023-04-18,22.4,26.8,19.0,2.3,2.3,6.0,15.3,8.1,78
brasilia,Brasilia,DF,2023-04-19,21.8,25.6,19.0,1.2,1.2,5.0,20.9,13.8,82
brasilia,Brasilia,DF,2023-04-20,20.9,25.0,18.0,1.9,1.9,13.0,12.1,8.6,81
brasilia,Brasilia,DF,2023-04-21,20.5,26.3,16.8,2.6,2.6,4.0,15.2,10.0,75
brasilia,Brasilia,DF,2023-04-22,19.8,23.0,17.6,1.4,1.4,8.0,18.8,13.8,86
brasilia,Brasilia,DF,2023-04-23,19.5,23.7,16.0,0.7,0.7,6.0,20.9,13.3,81
brasilia,Brasilia,DF,2023-04-24,19.8,23.4,16.6,0.1,0.1,1.0,23.8,13.7,78
brasilia,Brasilia,DF,2023-04-25,20.5,25.5,16.5,0.4,0.4,4.0,18.3,10.2,75
brasilia,Brasilia,DF,2023-04-26,21.2,26.6,16.6,0.0,0.0,0.0,13.0,7.7,73
brasilia,Brasilia,DF,2023-04-27,22.3,26.8,18.8,0.0,0.0,0.0,8.0,4.7,67
brasilia,Brasilia,DF,2023-04-28,21.6,26.5,18.5,3.2,3.2,8.0,17.0,5.1,77
brasilia,Brasilia,DF,2023-04-29,21.8,26.2,18.0,0.8,0.8,4.0,12.1,5.5,77
brasilia,Brasilia,DF,2023-04-30,20.5,24.5,17.5,2.0,2.0,8.0,11.9,6.0,81
brasilia,Brasilia,DF,2023-05-01,20.8,27.0,16.4,0.1,0.1,1.0,13.7,5.9,71
brasilia,Brasilia,DF,2023-05-02,20.5,26.5,15.7,0.0,0.0,0.0,10.1,5.9,61
brasilia,Brasilia,DF,2023-05-03,20.2,25.8,15.0,0.0,0.0,0.0,9.4,7.0,63
brasilia,Brasilia,DF,2023-05-04,21.2,26.1,16.2,0.0,0.0,0.0,13.7,7.4,69
brasilia,Brasilia,DF,2023-05-05,21.8,27.0,17.2,0.0,0.0,0.0,15.5,8.9,68
brasilia,Brasilia,DF,2023-05-06,21.0,26.6,16.3,0.0,0.0,0.0,15.8,9.8,67
brasilia,Brasilia,DF,2023-05-07,20.4,26.0,16.0,0.0,0.0,0.0,14.4,9.5,67
brasilia,Brasilia,DF,2023-05-08,21.1,26.0,16.3,0.0,0.0,0.0,13.0,6.5,64
brasilia,Brasilia,DF,2023-05-09,21.3,27.0,16.3,0.0,0.0,0.0,12.0,6.7,65
brasilia,Brasilia,DF,2023-05-10,21.5,26.0,16.9,0.0,0.0,0.0,9.7,5.7,63
brasilia,Brasilia,DF,2023-05-11,21.4,26.8,16.0,0.0,0.0,0.0,11.3,6.2,66
brasilia,Brasilia,DF,2023-05-12,21.7,27.1,17.8,0.2,0.2,2.0,10.8,6.2,69
brasilia,Brasilia,DF,2023-05-13,20.7,25.8,16.3,0.1,0.1,1.0,10.2,7.0,64
brasilia,Brasilia,DF,2023-05-14,20.6,26.1,15.4,0.0,0.0,0.0,11.5,7.0,60
brasilia,Brasilia,DF,2023-05-15,21.1,26.5,15.8,0.0,0.0,0.0,9.4,6.4,64
brasilia,Brasilia,DF,2023-05-16,20.9,26.1,15.8,0.0,0.0,0.0,10.7,6.3,63
brasilia,Brasilia,DF,2023-05-17,20.6,26.0,15.6,0.0,0.0,0.0,12.3,6.6,65
brasilia,Brasilia,DF,2023-05-18,20.4,25.9,15.4,0.0,0.0,0.0,12.2,6.9,59
brasilia,Brasilia,DF,2023-05-19,19.5,25.6,14.3,0.0,0.0,0.0,11.4,7.4,58
brasilia,Brasilia,DF,2023-05-20,18.8,24.9,14.1,0.0,0.0,0.0,12.2,8.2,61
brasilia,Brasilia,DF,2023-05-21,18.3,24.0,13.6,0.0,0.0,0.0,15.4,9.7,63
brasilia,Brasilia,DF,2023-05-22,18.6,24.4,13.1,0.0,0.0,0.0,10.4,7.8,60
brasilia,Brasilia,DF,2023-05-23,18.8,24.5,14.2,0.0,0.0,0.0,14.0,10.0,64
brasilia,Brasilia,DF,2023-05-24,19.0,24.6,14.0,0.0,0.0,0.0,18.6,10.1,66
brasilia,Brasilia,DF,2023-05-25,19.2,24.0,15.1,0.1,0.1,1.0,20.3,11.7,69
brasilia,Brasilia,DF,2023-05-26,19.5,25.0,14.9,0.0,0.0,0.0,21.1,11.4,70
brasilia,Brasilia,DF,2023-05-27,20.1,24.4,16.2,0.6,0.6,5.0,15.9,7.6,72
brasilia,Brasilia,DF,2023-05-28,20.8,25.5,16.4,0.0,0.0,0.0,9.1,5.4,68
brasilia,Brasilia,DF,2023-05-29,21.9,26.4,17.9,0.0,0.0,0.0,8.8,5.6,61
brasilia,Brasilia,DF,2023-05-30,21.0,26.9,16.5,0.0,0.0,0.0,18.0,10.1,63
brasilia,Brasilia,DF,2023-05-31,21.1,26.4,15.9,0.5,0.5,5.0,11.4,6.1,66
brasilia,Brasilia,DF,2023-06-01,20.4,25.1,16.5,0.8,0.8,6.0,11.1,7.4,75
brasilia,Brasilia,DF,2023-06-02,20.2,25.5,15.6,0.0,0.0,0.0,13.0,8.3,68
brasilia,Brasilia,DF,2023-06-03,19.8,25.2,15.0,0.0,0.0,0.0,14.5,9.3,63
brasilia,Brasilia,DF,2023-06-04,18.8,24.6,13.9,0.0,0.0,0.0,12.1,7.7,63
brasilia,Brasilia,DF,2023-06-05,18.7,24.2,13.4,0.0,0.0,0.0,12.1,7.3,62
brasilia,Brasilia,DF,2023-06-06,19.4,25.7,14.1,0.0,0.0,0.0,12.6,8.0,59
brasilia,Brasilia,DF,2023-06-07,19.0,24.7,14.1,0.0,0.0,0.0,12.7,8.3,60
brasilia,Brasilia,DF,2023-06-08,19.5,25.3,14.4,0.0,0.0,0.0,13.9,7.9,61
brasilia,Brasilia,DF,2023-06-09,19.8,25.2,14.7,0.0,0.0,0.0,13.1,7.3,65
brasilia,Brasilia,DF,2023-06-10,20.6,26.2,15.6,0.0,0.0,0.0,12.7,7.8,65
brasilia,Brasilia,DF,2023-06-11,21.5,27.0,15.9,0.0,0.0,0.0,10.1,6.3,61
brasilia,Brasilia,DF,2023-06-12,22.1,27.0,16.8,0.3,0.3,3.0,11.5,6.7,58
brasilia,Brasilia,DF,2023-06-13,22.4,27.2,18.3,0.0,0.0,0.0,10.1,6.4,57
brasilia,Brasilia,DF,2023-06-14,21.9,27.3,17.5,0.0,0.0,0.0,14.3,8.3,56
brasilia,Brasilia,DF,2023-06-15,21.9,27.5,17.0,0.0,0.0,0.0,14.0,7.7,55
brasilia,Brasilia,DF,2023-06-16,20.0,25.5,16.2,0.3,0.3,1.0,17.5,8.9,74
brasilia,Brasilia,DF,2023-06-17,18.4,22.3,16.2,5.6,5.6,9.0,12.0,8.8,84
brasilia,Brasilia,DF,2023-06-18,18.9,24.5,14.1,0.0,0.0,0.0,10.5,6.7,68
brasilia,Brasilia,DF,2023-06-19,19.3,25.0,14.5,0.0,0.0,0.0,15.6,9.0,67
brasilia,Brasilia,DF,2023-06-20,18.7,24.2,14.1,0.0,0.0,0.0,14.1,8.6,64
brasilia,Brasilia,DF,2023-06-21,18.0,23.8,12.9,0.0,0.0,0.0,11.9,8.4,63
brasilia,Brasilia,DF,2023-06-22,17.7,23.8,13.0,0.0,0.0,0.0,13.3,8.4,65
brasilia,Brasilia,DF,2023-06-23,18.2,24.2,13.2,0.0,0.0,0.0,11.6,8.5,62
brasilia,Brasilia,DF,2023-06-24,18.6,24.5,13.9,0.0,0.0,0.0,11.4,8.0,60
brasilia,Brasilia,DF,2023-06-25,18.1,23.1,13.8,0.0,0.0,0.0,13.1,8.8,62
brasilia,Brasilia,DF,2023-06-26,18.3,24.1,13.9,0.0,0.0,0.0,17.7,9.1,67
brasilia,Brasilia,DF,2023-06-27,18.6,24.8,13.3,0.0,0.0,0.0,16.8,8.9,66
brasilia,Brasilia,DF,2023-06-28,18.6,24.3,14.1,0.0,0.0,0.0,12.2,9.2,57
brasilia,Brasilia,DF,2023-06-29,18.1,24.4,12.9,0.0,0.0,0.0,17.7,10.1,59
brasilia,Brasilia,DF,2023-06-30,18.7,24.4,13.6,0.4,0.4,3.0,17.8,9.7,64
brasilia,Brasilia,DF,2023-07-01,18.9,24.6,14.5,0.0,0.0,0.0,12.6,8.4,60
brasilia,Brasilia,DF,2023-07-02,18.6,24.2,13.4,0.0,0.0,0.0,14.8,8.6,54
brasilia,Brasilia,DF,2023-07-03,18.8,24.6,13.5,0.0,0.0,0.0,14.7,8.9,51
brasilia,Brasilia,DF,2023-07-04,18.2,24.8,13.2,0.0,0.0,0.0,14.8,10.1,56
brasilia,Brasilia,DF,2023-07-05,17.3,23.0,12.8,0.0,0.0,0.0,15.9,10.3,57
brasilia,Brasilia,DF,2023-07-06,17.3,23.1,11.9,0.0,0.0,0.0,12.1,7.8,54
brasilia,Brasilia,DF,2023-07-07,18.4,24.7,12.2,0.0,0.0,0.0,9.9,6.7,52
brasilia,Brasilia,DF,2023-07-08,20.6,27.4,16.5,0.0,0.0,0.0,14.3,5.4,44
brasilia,Brasilia,DF,2023-07-09,20.8,25.9,15.8,0.0,0.0,0.0,9.8,5.1,42
brasilia,Brasilia,DF,2023-07-10,21.8,28.0,17.0,0.0,0.0,0.0,10.1,6.7,39
brasilia,Brasilia,DF,2023-07-11,22.6,28.0,17.1,0.0,0.0,0.0,10.8,5.4,40
brasilia,Brasilia,DF,2023-07-12,22.5,27.4,19.0,0.0,0.0,0.0,11.8,4.4,42
brasilia,Brasilia,DF,2023-07-13,22.1,28.6,15.4,0.0,0.0,0.0,14.9,8.7,42
brasilia,Brasilia,DF,2023-07-14,20.1,25.3,14.8,0.0,0.0,0.0,13.1,10.1,60
brasilia,Brasilia,DF,2023-07-15,20.9,27.8,14.9,0.0,0.0,0.0,14.1,8.4,58
brasilia,Brasilia,DF,2023-07-16,22.4,27.9,17.0,0.0,0.0,0.0,11.6,6.2,50
brasilia,Brasilia,DF,2023-07-17,22.6,27.4,17.6,0.0,0.0,0.0,10.5,7.1,48
brasilia,Brasilia,DF,2023-07-18,22.6,28.0,18.6,0.0,0.0,0.0,13.3,8.0,44
brasilia,Brasilia,DF,2023-07-19,22.3,28.8,17.0,0.0,0.0,0.0,20.6,10.5,44
brasilia,Brasilia,DF,2023-07-20,20.3,26.1,15.8,0.0,0.0,0.0,27.3,16.5,50
brasilia,Brasilia,DF,2023-07-21,18.6,23.6,14.4,0.4,0.4,4.0,27.6,18.1,68
brasilia,Brasilia,DF,2023-07-22,18.5,24.0,14.3,0.1,0.1,1.0,20.7,13.9,65
brasilia,Brasilia,DF,2023-07-23,19.2,25.1,13.9,0.0,0.0,0.0,18.8,11.7,57
brasilia,Brasilia,DF,2023-07-24,19.4,24.4,14.9,0.0,0.0,0.0,14.4,9.7,64
brasilia,Brasilia,DF,2023-07-25,20.0,25.6,14.8,0.0,0.0,0.0,16.4,9.9,61
brasilia,Brasilia,DF,2023-07-26,20.6,26.4,14.9,0.0,0.0,0.0,12.3,8.0,46
brasilia,Brasilia,DF,2023-07-27,21.1,27.0,16.0,0.0,0.0,0.0,15.6,9.0,42
brasilia,Brasilia,DF,2023-07-28,21.3,26.9,16.2,0.0,0.0,0.0,11.2,7.9,51
brasilia,Brasilia,DF,2023-07-29,22.0,27.2,17.2,0.0,0.0,0.0,12.7,7.1,46
brasilia,Brasilia,DF,2023-07-30,21.6,27.4,16.5,0.0,0.0,0.0,17.0,9.9,48
brasilia,Brasilia,DF,2023-07-31,21.1,27.2,15.6,0.0,0.0,0.0,13.7,9.1,50
brasilia,Brasilia,DF,2023-08-01,20.9,27.0,15.9,0.0,0.0,0.0,15.8,9.7,49
brasilia,Brasilia,DF,2023-08-02,20.5,26.4,15.4,0.0,0.0,0.0,13.3,8.8,49
brasilia,Brasilia,DF,2023-08-03,21.5,27.5,15.9,0.0,0.0,0.0,11.2,6.1,40
brasilia,Brasilia,DF,2023-08-04,22.4,27.9,17.9,0.0,0.0,0.0,10.8,6.1,35
brasilia,Brasilia,DF,2023-08-05,22.9,28.6,17.3,0.0,0.0,0.0,12.0,7.9,35
brasilia,Brasilia,DF,2023-08-06,22.0,28.8,16.6,0.0,0.0,0.0,15.4,10.5,37
brasilia,Brasilia,DF,2023-08-07,21.7,29.1,15.6,0.0,0.0,0.0,12.9,8.2,36
brasilia,Brasilia,DF,2023-08-08,23.0,29.5,17.1,0.0,0.0,0.0,18.0,9.9,34
brasilia,Brasilia,DF,2023-08-09,22.1,28.8,16.4,0.0,0.0,0.0,19.8,12.7,44
brasilia,Brasilia,DF,2023-08-10,22.0,28.5,16.4,0.0,0.0,0.0,13.8,9.8,47
brasilia,Brasilia,DF,2023-08-11,22.4,29.4,16.6,0.0,0.0,0.0,14.2,9.6,42
brasilia,Brasilia,DF,2023-08-12,22.7,29.6,16.8,0.0,0.0,0.0,16.2,10.9,40
brasilia,Brasilia,DF,2023-08-13,22.6,28.6,17.1,0.0,0.0,0.0,15.0,10.3,42
brasilia,Brasilia,DF,2023-08-14,21.8,27.5,17.4,0.0,0.0,0.0,20.0,13.4,44
brasilia,Brasilia,DF,2023-08-15,20.8,26.5,16.4,0.0,0.0,0.0,20.9,14.2,45
brasilia,Brasilia,DF,2023-08-16,20.6,26.9,15.9,0.0,0.0,0.0,21.2,14.9,47
brasilia,Brasilia,DF,2023-08-17,20.7,26.5,15.4,0.0,0.0,0.0,17.9,10.9,51
brasilia,Brasilia,DF,2023-08-18,22.1,29.0,15.5,0.0,0.0,0.0,12.5,7.2,45
brasilia,Brasilia,DF,2023-08-19,23.3,29.5,17.1,0.0,0.0,0.0,14.4,8.3,40
brasilia,Brasilia,DF,2023-08-20,23.1,30.6,16.4,0.0,0.0,0.0,16.3,9.4,47
brasilia,Brasilia,DF,2023-08-21,21.6,28.9,15.4,0.0,0.0,0.0,18.1,8.9,56
brasilia,Brasilia,DF,2023-08-22,23.4,30.0,17.0,0.0,0.0,0.0,12.2,6.9,43
brasilia,Brasilia,DF,2023-08-23,25.6,32.5,19.1,0.0,0.0,0.0,13.7,7.3,27
brasilia,Brasilia,DF,2023-08-24,25.3,31.4,19.4,0.0,0.0,0.0,13.7,8.4,37
brasilia,Brasilia,DF,2023-08-25,25.4,30.7,20.1,0.4,0.4,1.0,11.5,7.3,47
brasilia,Brasilia,DF,2023-08-26,24.2,29.6,19.6,2.3,2.3,6.0,11.0,7.0,55
brasilia,Brasilia,DF,2023-08-27,22.0,29.7,19.1,12.2,12.2,10.0,21.7,8.0,72
brasilia,Brasilia,DF,2023-08-28,21.0,25.9,18.6,4.7,4.7,12.0,17.4,6.6,82
brasilia,Brasilia,DF,2023-08-29,21.7,27.4,18.1,21.6,21.6,9.0,13.6,7.1,81
brasilia,Brasilia,DF,2023-08-30,21.1,26.3,17.8,9.4,9.4,7.0,15.5,6.1,83
brasilia,Brasilia,DF,2023-08-31,22.6,28.4,16.7,0.3,0.3,1.0,12.6,4.7,71
brasilia,Brasilia,DF,2023-09-01,22.6,28.6,18.5,0.8,0.8,2.0,15.3,8.3,72
brasilia,Brasilia,DF,2023-09-02,22.8,28.1,17.2,1.1,1.1,5.0,16.3,8.4,73
brasilia,Brasilia,DF,2023-09-03,24.0,28.7,20.1,0.0,0.0,0.0,14.5,7.9,62
brasilia,Brasilia,DF,2023-09-04,25.3,30.0,19.6,0.4,0.4,4.0,10.4,5.7,51
brasilia,Brasilia,DF,2023-09-05,24.7,29.8,19.6,0.3,0.3,3.0,16.9,5.9,57
brasilia,Brasilia,DF,2023-09-06,23.2,28.2,18.9,0.6,0.6,4.0,23.0,15.6,62
brasilia,Brasilia,DF,2023-09-07,21.8,27.0,17.9,0.0,0.0,0.0,23.2,14.9,53
brasilia,Brasilia,DF,2023-09-08,21.9,27.8,16.5,0.0,0.0,0.0,17.2,8.9,54
brasilia,Brasilia,DF,2023-09-09,23.0,29.2,17.9,0.0,0.0,0.0,12.7,8.9,46
brasilia,Brasilia,DF,2023-09-10,23.3,29.9,17.6,0.0,0.0,0.0,17.0,11.2,41
brasilia,Brasilia,DF,2023-09-11,22.8,29.0,16.6,0.0,0.0,0.0,18.9,10.6,40
brasilia,Brasilia,DF,2023-09-12,24.0,29.8,17.1,0.0,0.0,0.0,14.2,8.0,43
brasilia,Brasilia,DF,2023-09-13,25.7,31.4,20.6,0.0,0.0,0.0,13.4,9.3,38
brasilia,Brasilia,DF,2023-09-14,24.8,30.2,20.2,0.1,0.1,1.0,13.6,8.2,45
brasilia,Brasilia,DF,2023-09-15,23.3,29.2,18.7,0.0,0.0,0.0,14.3,9.3,60
brasilia,Brasilia,DF,2023-09-16,22.7,29.0,19.2,10.2,10.2,6.0,20.4,8.2,66
brasilia,Brasilia,DF,2023-09-17,24.4,30.9,19.2,0.1,0.1,1.0,15.9,10.1,54
brasilia,Brasilia,DF,2023-09-18,24.3,30.5,18.4,0.0,0.0,0.0,15.3,10.2,52
brasilia,Brasilia,DF,2023-09-19,25.8,31.9,19.5,0.0,0.0,0.0,14.1,8.4,39
brasilia,Brasilia,DF,2023-09-20,25.8,32.5,20.1,0.0,0.0,0.0,13.9,10.6,37
brasilia,Brasilia,DF,2023-09-21,25.3,31.0,19.2,0.0,0.0,0.0,14.4,9.8,39
brasilia,Brasilia,DF,2023-09-22,25.6,32.2,19.4,0.0,0.0,0.0,15.1,9.4,39
brasilia,Brasilia,DF,2023-09-23,27.0,33.5,20.0,0.0,0.0,0.0,14.1,8.1,36
brasilia,Brasilia,DF,2023-09-24,28.3,33.7,22.5,0.0,0.0,0.0,16.2,7.5,31
brasilia,Brasilia,DF,2023-09-25,27.9,33.9,21.9,0.0,0.0,0.0,11.2,7.0,36
brasilia,Brasilia,DF,2023-09-26,28.1,33.8,21.0,0.3,0.3,2.0,10.4,7.4,41
brasilia,Brasilia,DF,2023-09-27,25.8,32.5,21.7,1.3,1.3,3.0,14.7,9.8,57
brasilia,Brasilia,DF,2023-09-28,24.6,30.4,20.4,9.7,9.7,9.0,11.6,5.2,74
brasilia,Brasilia,DF,2023-09-29,23.1,28.0,19.9,1.6,1.6,5.0,15.0,5.9,80
brasilia,Brasilia,DF,2023-09-30,24.9,31.1,20.7,0.4,0.4,2.0,15.8,7.8,68
brasilia,Brasilia,DF,2023-10-01,25.9,31.6,20.1,6.1,6.1,2.0,18.2,7.6,58
brasilia,Brasilia,DF,2023-10-02,22.8,26.6,20.2,5.3,5.3,10.0,14.0,8.7,79
brasilia,Brasilia,DF,2023-10-03,22.4,26.9,20.1,18.3,18.3,14.0,11.9,7.2,78
brasilia,Brasilia,DF,2023-10-04,23.9,30.6,18.4,0.5,0.5,2.0,15.2,6.0,67
brasilia,Brasilia,DF,2023-10-05,24.3,30.5,19.5,0.4,0.4,2.0,11.9,6.5,67
brasilia,Brasilia,DF,2023-10-06,23.9,28.6,20.2,6.8,6.8,9.0,15.4,6.4,74
brasilia,Brasilia,DF,2023-10-07,23.8,29.9,19.6,4.8,4.8,6.0,11.0,5.6,74
brasilia,Brasilia,DF,2023-10-08,24.8,30.4,19.2,0.8,0.8,4.0,11.2,6.3,68
brasilia,Brasilia,DF,2023-10-09,23.9,29.0,21.6,9.7,9.7,7.0,14.7,6.2,74
brasilia,Brasilia,DF,2023-10-10,25.7,32.1,21.1,0.5,0.5,2.0,14.6,7.9,66
brasilia,Brasilia,DF,2023-10-11,25.9,30.5,21.1,0.0,0.0,0.0,18.6,9.0,60
brasilia,Brasilia,DF,2023-10-12,26.9,32.0,20.9,0.0,0.0,0.0,13.4,6.0,52
brasilia,Brasilia,DF,2023-10-13,25.3,31.2,21.1,0.5,0.5,4.0,12.7,7.1,65
brasilia,Brasilia,DF,2023-10-14,25.8,31.6,20.3,0.2,0.2,1.0,16.2,10.6,61
brasilia,Brasilia,DF,2023-10-15,25.8,30.7,21.5,0.0,0.0,0.0,20.9,13.6,53
brasilia,Brasilia,DF,2023-10-16,25.3,30.7,20.3,0.0,0.0,0.0,20.0,13.2,46
brasilia,Brasilia,DF,2023-10-17,25.9,32.2,20.0,0.0,0.0,0.0,14.8,10.0,41
brasilia,Brasilia,DF,2023-10-18,27.3,32.8,21.1,0.0,0.0,0.0,18.5,8.6,34
brasilia,Brasilia,DF,2023-10-19,28.4,34.1,22.5,0.0,0.0,0.0,12.9,7.6,34
brasilia,Brasilia,DF,2023-10-20,26.7,33.3,22.5,1.2,1.2,5.0,24.7,10.2,48
brasilia,Brasilia,DF,2023-10-21,24.8,32.6,20.0,6.3,6.3,5.0,13.0,7.8,66
brasilia,Brasilia,DF,2023-10-22,25.0,29.9,20.8,0.5,0.5,4.0,23.3,10.6,63
brasilia,Brasilia,DF,2023-10-23,26.0,31.8,20.2,0.0,0.0,0.0,16.3,8.2,51
brasilia,Brasilia,DF,2023-10-24,26.5,31.4,21.4,2.2,2.2,4.0,15.9,7.2,51
brasilia,Brasilia,DF,2023-10-25,25.6,32.5,20.4,0.1,0.1,1.0,18.1,10.3,59
brasilia,Brasilia,DF,2023-10-26,23.0,27.1,19.8,19.3,19.3,15.0,16.5,8.0,78
brasilia,Brasilia,DF,2023-10-27,23.1,29.3,19.5,10.0,10.0,5.0,20.7,7.4,76
brasilia,Brasilia,DF,2023-10-28,23.6,28.1,20.0,0.6,0.6,6.0,10.9,5.9,77
brasilia,Brasilia,DF,2023-10-29,25.1,30.1,20.2,0.6,0.6,3.0,12.4,6.2,71
brasilia,Brasilia,DF,2023-10-30,25.7,31.6,20.9,0.1,0.1,1.0,12.9,6.2,62
brasilia,Brasilia,DF,2023-10-31,25.4,30.0,20.5,1.4,1.4,7.0,15.0,5.0,62
brasilia,Brasilia,DF,2023-11-01,24.4,30.8,19.9,1.8,1.8,11.0,10.8,6.3,70
brasilia,Brasilia,DF,2023-11-02,24.1,30.9,19.9,5.0,5.0,6.0,13.2,7.0,73
brasilia,Brasilia,DF,2023-11-03,23.0,28.5,20.5,13.2,13.2,16.0,12.6,5.4,81
brasilia,Brasilia,DF,2023-11-04,24.0,29.5,19.9,1.9,1.9,3.0,11.2,3.8,75
brasilia,Brasilia,DF,2023-11-05,23.1,29.3,18.8,6.4,6.4,5.0,18.9,7.4,79
brasilia,Brasilia,DF,2023-11-06,24.5,30.0,19.9,0.4,0.4,3.0,16.6,9.9,71
brasilia,Brasilia,DF,2023-11-07,24.3,29.1,20.0,0.8,0.8,4.0,17.7,9.8,69
brasilia,Brasilia,DF,2023-11-08,23.9,29.0,19.0,0.0,0.0,0.0,14.5,8.9,61
brasilia,Brasilia,DF,2023-11-09,24.5,30.5,19.3,0.0,0.0,0.0,14.0,8.2,45
brasilia,Brasilia,DF,2023-11-10,26.1,32.3,19.0,0.0,0.0,0.0,15.3,9.4,37
brasilia,Brasilia,DF,2023-11-11,27.1,33.2,20.4,0.0,0.0,0.0,18.6,9.0,39
brasilia,Brasilia,DF,2023-11-12,28.0,33.2,21.9,0.0,0.0,0.0,16.6,8.3,33
brasilia,Brasilia,DF,2023-11-13,27.2,33.2,19.4,0.0,0.0,0.0,10.7,6.5,40
brasilia,Brasilia,DF,2023-11-14,28.2,35.2,20.8,0.0,0.0,0.0,12.3,6.9,35
brasilia,Brasilia,DF,2023-11-15,28.3,33.2,23.2,0.0,0.0,0.0,17.3,9.1,39
brasilia,Brasilia,DF,2023-11-16,28.2,33.7,22.7,0.0,0.0,0.0,12.6,6.5,42
brasilia,Brasilia,DF,2023-11-17,26.3,32.3,22.2,0.8,0.8,3.0,14.2,7.5,56
brasilia,Brasilia,DF,2023-11-18,26.2,31.5,21.4,0.2,0.2,2.0,17.6,9.9,61
brasilia,Brasilia,DF,2023-11-19,26.4,31.4,21.6,0.6,0.6,2.0,8.1,4.4,57
brasilia,Brasilia,DF,2023-11-20,23.3,26.9,20.4,3.8,3.8,7.0,15.0,8.8,73
brasilia,Brasilia,DF,2023-11-21,23.1,28.4,20.0,7.2,7.2,6.0,14.8,6.8,75
brasilia,Brasilia,DF,2023-11-22,23.4,29.6,20.5,6.8,6.8,7.0,15.9,5.2,73
brasilia,Brasilia,DF,2023-11-23,24.1,29.4,20.1,1.6,1.6,5.0,18.6,5.2,71
brasilia,Brasilia,DF,2023-11-24,24.1,29.0,18.7,0.5,0.5,1.0,7.4,4.6,70
brasilia,Brasilia,DF,2023-11-25,23.8,28.6,20.2,4.8,4.8,6.0,13.8,8.2,73
brasilia,Brasilia,DF,2023-11-26,23.5,30.1,19.7,28.1,28.1,9.0,16.7,9.4,77
brasilia,Brasilia,DF,2023-11-27,22.2,25.6,19.6,6.5,6.5,12.0,14.6,6.5,80
brasilia,Brasilia,DF,2023-11-28,23.7,28.1,19.9,2.0,2.0,7.0,12.9,6.6,69
brasilia,Brasilia,DF,2023-11-29,24.3,29.9,19.2,0.1,0.1,1.0,14.1,5.3,65
brasilia,Brasilia,DF,2023-11-30,24.3,29.3,19.8,0.1,0.1,1.0,9.7,5.1,70
brasilia,Brasilia,DF,2023-12-01,23.2,27.6,19.4,7.5,7.5,5.0,10.4,5.4,75
brasilia,Brasilia,DF,2023-12-02,23.8,29.5,20.3,4.2,4.2,6.0,11.2,4.7,73
brasilia,Brasilia,DF,2023-12-03,22.0,25.5,18.3,9.4,9.4,6.0,12.8,6.3,81
brasilia,Brasilia,DF,2023-12-04,22.6,26.1,20.0,0.6,0.6,6.0,12.0,4.8,76
brasilia,Brasilia,DF,2023-12-05,22.3,26.9,19.9,3.5,3.5,8.0,11.9,4.3,81
brasilia,Brasilia,DF,2023-12-06,23.4,29.0,18.6,0.4,0.4,3.0,16.4,10.4,73
brasilia,Brasilia,DF,2023-12-07,24.5,29.9,19.1,0.0,0.0,0.0,17.8,10.0,58
brasilia,Brasilia,DF,2023-12-08,26.1,30.9,20.0,0.0,0.0,0.0,8.2,4.9,48
brasilia,Brasilia,DF,2023-12-09,25.8,30.2,20.4,0.1,0.1,1.0,13.9,6.6,54
brasilia,Brasilia,DF,2023-12-10,25.6,31.1,20.9,0.3,0.3,2.0,19.9,9.0,61
brasilia,Brasilia,DF,2023-12-11,23.5,27.4,20.2,2.5,2.5,9.0,16.0,8.1,72
brasilia,Brasilia,DF,2023-12-12,22.2,26.6,19.8,15.4,15.4,16.0,11.7,4.7,82
brasilia,Brasilia,DF,2023-12-13,24.9,30.9,19.8,0.2,0.2,1.0,18.7,9.8,65
brasilia,Brasilia,DF,2023-12-14,25.6,31.3,21.0,0.0,0.0,0.0,17.8,11.4,51
brasilia,Brasilia,DF,2023-12-15,26.2,31.7,20.7,0.0,0.0,0.0,16.8,10.4,38
brasilia,Brasilia,DF,2023-12-16,26.4,31.8,20.4,0.0,0.0,0.0,17.2,9.9,40
brasilia,Brasilia,DF,2023-12-17,25.9,30.6,21.2,0.2,0.2,2.0,16.4,7.5,46
brasilia,Brasilia,DF,2023-12-18,26.2,30.5,20.8,0.0,0.0,0.0,8.1,4.6,49
brasilia,Brasilia,DF,2023-12-19,23.8,28.4,20.0,2.7,2.7,9.0,13.7,8.2,68
brasilia,Brasilia,DF,2023-12-20,22.1,27.0,19.1,16.5,16.5,12.0,15.1,9.1,80
brasilia,Brasilia,DF,2023-12-21,20.6,23.1,19.4,14.8,14.8,17.0,18.9,11.4,87
brasilia,Brasilia,DF,2023-12-22,21.8,26.2,19.0,10.3,10.3,16.0,11.6,6.4,81
brasilia,Brasilia,DF,2023-12-23,22.4,27.6,20.5,5.4,5.4,7.0,15.1,5.1,80
brasilia,Brasilia,DF,2023-12-24,23.3,28.2,19.7,1.5,1.5,3.0,11.8,5.1,73
brasilia,Brasilia,DF,2023-12-25,23.7,28.2,20.5,3.5,3.5,6.0,18.4,6.9,75
brasilia,Brasilia,DF,2023-12-26,24.0,29.5,20.0,0.5,0.5,2.0,13.3,6.9,72
brasilia,Brasilia,DF,2023-12-27,23.5,29.2,18.0,1.9,1.9,4.0,9.4,5.7,74
brasilia,Brasilia,DF,2023-12-28,24.1,29.1,20.6,10.2,10.2,5.0,9.8,5.7,76
brasilia,Brasilia,DF,2023-12-29,24.1,31.0,20.0,6.9,6.9,4.0,11.9,5.8,75
brasilia,Brasilia,DF,2023-12-30,23.0,27.8,20.4,8.8,8.8,9.0,11.2,6.8,80
brasilia,Brasilia,DF,2023-12-31,22.1,26.6,19.8,12.8,12.8,10.0,11.7,5.2,85
brasilia,Brasilia,DF,2024-01-01,22.4,27.6,19.6,12.5,12.5,7.0,14.2,5.2,82
brasilia,Brasilia,DF,2024-01-02,22.1,25.5,19.2,5.2,5.2,14.0,11.0,6.5,83
brasilia,Brasilia,DF,2024-01-03,20.5,21.9,19.5,21.2,21.2,20.0,18.7,10.6,92
brasilia,Brasilia,DF,2024-01-04,21.0,23.8,19.8,10.0,10.0,24.0,21.7,14.5,89
brasilia,Brasilia,DF,2024-01-05,20.8,23.2,19.4,13.8,13.8,22.0,18.1,11.6,89
brasilia,Brasilia,DF,2024-01-06,22.4,27.0,19.7,1.2,1.2,8.0,10.7,6.0,82
brasilia,Brasilia,DF,2024-01-07,22.2,27.2,19.0,5.5,5.5,9.0,12.2,4.5,84
brasilia,Brasilia,DF,2024-01-08,21.2,25.3,19.4,13.2,13.2,19.0,11.2,6.4,87
brasilia,Brasilia,DF,2024-01-09,22.1,26.2,19.4,1.0,1.0,4.0,14.0,5.8,84
brasilia,Brasilia,DF,2024-01-10,21.2,24.6,19.0,10.2,10.2,13.0,13.0,6.7,88
brasilia,Brasilia,DF,2024-01-11,21.6,26.1,17.1,6.7,6.7,7.0,11.8,5.2,82
brasilia,Brasilia,DF,2024-01-12,23.1,27.2,18.5,0.5,0.5,4.0,7.5,4.0,76
brasilia,Brasilia,DF,2024-01-13,21.9,25.6,19.7,8.0,8.0,13.0,9.8,4.9,84
brasilia,Brasilia,DF,2024-01-14,22.0,26.9,18.5,5.6,5.6,9.0,14.4,5.8,84
brasilia,Brasilia,DF,2024-01-15,22.1,26.4,19.4,4.0,4.0,5.0,13.0,5.2,82
brasilia,Brasilia,DF,2024-01-16,23.9,28.0,19.3,0.6,0.6,3.0,11.3,6.1,73
brasilia,Brasilia,DF,2024-01-17,24.8,29.4,20.5,0.0,0.0,0.0,11.5,6.4,62
brasilia,Brasilia,DF,2024-01-18,24.7,28.1,21.0,0.5,0.5,5.0,9.3,4.7,65
brasilia,Brasilia,DF,2024-01-19,24.6,28.8,19.4,0.3,0.3,3.0,7.6,4.2,67
brasilia,Brasilia,DF,2024-01-20,23.9,29.9,18.4,0.0,0.0,0.0,12.4,5.7,70
brasilia,Brasilia,DF,2024-01-21,23.7,29.8,19.5,0.8,0.8,5.0,14.8,8.4,72
brasilia,Brasilia,DF,2024-01-22,23.4,28.4,19.7,3.3,3.3,6.0,11.9,7.7,77
brasilia,Brasilia,DF,2024-01-23,22.5,26.5,19.3,4.6,4.6,6.0,14.6,7.6,82
brasilia,Brasilia,DF,2024-01-24,22.1,24.5,20.0,21.4,21.4,13.0,16.6,10.4,86
brasilia,Brasilia,DF,2024-01-25,22.2,27.0,19.9,2.7,2.7,11.0,13.4,8.0,84
brasilia,Brasilia,DF,2024-01-26,21.6,24.9,19.3,15.9,15.9,9.0,7.6,4.8,85
brasilia,Brasilia,DF,2024-01-27,21.8,26.4,18.8,10.5,10.5,12.0,9.4,5.1,79
brasilia,Brasilia,DF,2024-01-28,22.0,25.8,19.8,1.2,1.2,9.0,15.9,9.5,83
brasilia,Brasilia,DF,2024-01-29,22.6,26.1,19.5,0.5,0.5,4.0,12.1,8.8,78
brasilia,Brasilia,DF,2024-01-30,22.1,26.8,18.2,2.2,2.2,10.0,7.0,4.2,81
brasilia,Brasilia,DF,2024-01-31,21.9,25.4,19.5,11.1,11.1,10.0,8.4,5.0,83
brasilia,Brasilia,DF,2024-02-01,21.5,26.1,19.2,12.6,12.6,14.0,10.4,6.5,86
brasilia,Brasilia,DF,2024-02-02,22.0,27.1,18.0,0.4,0.4,2.0,15.3,7.9,80
brasilia,Brasilia,DF,2024-02-03,21.1,25.5,18.4,2.0,2.0,8.0,21.6,10.0,84
brasilia,Brasilia,DF,2024-02-04,22.1,26.1,19.0,0.5,0.5,4.0,15.3,8.9,75
brasilia,Brasilia,DF,2024-02-05,21.1,26.3,18.2,30.1,30.1,13.0,13.6,7.1,84
brasilia,Brasilia,DF,2024-02-06,21.4,26.5,18.5,10.6,10.6,10.0,13.6,5.5,86
brasilia,Brasilia,DF,2024-02-07,22.6,27.7,20.0,6.0,6.0,11.0,15.3,4.9,82
brasilia,Brasilia,DF,2024-02-08,22.0,27.4,19.4,14.9,14.9,14.0,10.3,4.4,85
brasilia,Brasilia,DF,2024-02-09,21.7,26.2,19.4,27.0,27.0,22.0,15.9,4.2,85
brasilia,Brasilia,DF,2024-02-10,20.9,25.0,19.1,5.5,5.5,18.0,19.8,12.4,88
brasilia,Brasilia,DF,2024-02-11,20.5,23.3,18.8,8.4,8.4,15.0,16.7,9.8,87
brasilia,Brasilia,DF,2024-02-12,21.9,27.4,17.4,1.3,1.3,3.0,18.8,10.5,77
brasilia,Brasilia,DF,2024-02-13,23.1,28.9,18.5,0.0,0.0,0.0,14.2,9.2,70
brasilia,Brasilia,DF,2024-02-14,24.3,29.0,20.1,0.0,0.0,0.0,8.4,4.8,61
brasilia,Brasilia,DF,2024-02-15,24.5,29.3,21.1,0.3,0.3,2.0,10.5,4.2,64
brasilia,Brasilia,DF,2024-02-16,23.0,27.2,20.6,4.8,4.8,5.0,10.5,4.7,79
brasilia,Brasilia,DF,2024-02-17,22.2,25.9,18.5,2.4,2.4,9.0,12.7,7.8,79
brasilia,Brasilia,DF,2024-02-18,21.8,26.0,19.2,11.9,11.9,15.0,16.3,8.0,82
brasilia,Brasilia,DF,2024-02-19,21.8,25.3,19.1,0.5,0.5,3.0,16.6,11.3,84
brasilia,Brasilia,DF,2024-02-20,20.3,22.0,19.4,23.5,23.5,17.0,17.1,11.1,93
brasilia,Brasilia,DF,2024-02-21,20.2,22.0,19.0,20.6,20.6,15.0,8.7,5.9,92
brasilia,Brasilia,DF,2024-02-22,21.9,26.8,19.0,2.6,2.6,9.0,14.5,8.6,83
brasilia,Brasilia,DF,2024-02-23,21.4,24.9,18.5,3.2,3.2,9.0,10.8,6.4,85
brasilia,Brasilia,DF,2024-02-24,22.6,27.5,19.5,1.2,1.2,6.0,13.2,7.6,81
brasilia,Brasilia,DF,2024-02-25,22.9,28.1,18.9,0.3,0.3,2.0,17.4,10.3,79
brasilia,Brasilia,DF,2024-02-26,22.5,27.4,18.9,0.0,0.0,0.0,15.7,10.3,67
brasilia,Brasilia,DF,2024-02-27,23.0,27.9,17.8,0.0,0.0,0.0,12.2,7.1,63
brasilia,Brasilia,DF,2024-02-28,24.4,29.2,20.6,0.0,0.0,0.0,8.2,4.1,61
brasilia,Brasilia,DF,2024-02-29,24.6,29.0,19.4,0.0,0.0,0.0,7.1,4.0,64
brasilia,Brasilia,DF,2024-03-01,23.7,28.5,20.0,5.6,5.6,2.0,12.2,5.5,76
brasilia,Brasilia,DF,2024-03-02,24.3,28.8,19.9,0.6,0.6,4.0,7.8,4.5,73
brasilia,Brasilia,DF,2024-03-03,22.9,27.9,20.1,2.3,2.3,7.0,13.8,5.3,82
brasilia,Brasilia,DF,2024-03-04,21.9,24.5,20.2,6.8,6.8,16.0,12.7,4.9,84
brasilia,Brasilia,DF,2024-03-05,22.2,25.5,19.8,2.5,2.5,8.0,11.2,5.0,81
brasilia,Brasilia,DF,2024-03-06,22.8,27.8,18.8,1.4,1.4,6.0,10.5,6.7,81
brasilia,Brasilia,DF,2024-03-07,23.0,27.1,20.0,1.5,1.5,8.0,14.5,7.8,82
brasilia,Brasilia,DF,2024-03-08,23.9,28.5,20.0,0.4,0.4,2.0,14.3,7.3,78
brasilia,Brasilia,DF,2024-03-09,24.3,29.3,20.4,0.0,0.0,0.0,11.0,6.7,70
brasilia,Brasilia,DF,2024-03-10,23.3,27.6,20.2,0.1,0.1,1.0,11.8,7.4,78
brasilia,Brasilia,DF,2024-03-11,24.2,28.5,20.8,0.3,0.3,2.0,6.6,3.9,76
brasilia,Brasilia,DF,2024-03-12,23.8,28.3,20.8,13.4,13.4,10.0,11.6,4.2,81
brasilia,Brasilia,DF,2024-03-13,23.0,27.4,20.2,7.5,7.5,9.0,10.8,5.3,83
brasilia,Brasilia,DF,2024-03-14,22.9,27.2,18.9,1.3,1.3,6.0,10.7,5.7,83
brasilia,Brasilia,DF,2024-03-15,24.2,28.6,20.2,0.4,0.4,4.0,16.0,7.3,77
brasilia,Brasilia,DF,2024-03-16,24.5,28.7,21.1,0.2,0.2,2.0,14.5,7.7,74
brasilia,Brasilia,DF,2024-03-17,23.3,27.2,20.1,1.1,1.1,4.0,10.7,4.5,81
brasilia,Brasilia,DF,2024-03-18,24.4,28.9,20.5,0.5,0.5,4.0,8.8,4.8,77
brasilia,Brasilia,DF,2024-03-19,24.3,28.0,20.5,2.5,2.5,2.0,11.8,4.6,75
brasilia,Brasilia,DF,2024-03-20,22.9,25.5,20.2,7.6,7.6,6.0,9.7,4.9,85
brasilia,Brasilia,DF,2024-03-21,23.2,27.0,20.1,5.6,5.6,13.0,10.5,5.6,80
brasilia,Brasilia,DF,2024-03-22,23.3,27.8,19.5,0.6,0.6,6.0,12.3,5.0,81
brasilia,Brasilia,DF,2024-03-23,21.1,23.1,19.4,13.7,13.7,19.0,10.7,6.1,90
brasilia,Brasilia,DF,2024-03-24,22.0,25.9,19.6,2.5,2.5,14.0,16.8,10.8,83
brasilia,Brasilia,DF,2024-03-25,22.0,26.5,19.1,1.3,1.3,6.0,15.1,7.9,82
brasilia,Brasilia,DF,2024-03-26,21.7,26.2,18.1,2.8,2.8,12.0,11.2,5.2,82
brasilia,Brasilia,DF,2024-03-27,21.6,25.9,18.1,0.1,0.1,1.0,14.0,9.1,82
brasilia,Brasilia,DF,2024-03-28,21.1,24.9,19.0,9.8,9.8,17.0,15.5,9.0,89
brasilia,Brasilia,DF,2024-03-29,22.4,27.5,18.8,0.3,0.3,3.0,17.7,10.1,82
brasilia,Brasilia,DF,2024-03-30,23.5,27.7,20.6,0.1,0.1,1.0,12.9,4.7,78
brasilia,Brasilia,DF,2024-03-31,22.9,26.7,20.8,2.4,2.4,5.0,11.4,4.6,83
brasilia,Brasilia,DF,2024-04-01,23.0,27.8,20.0,6.7,6.7,6.0,8.0,5.0,83
brasilia,Brasilia,DF,2024-04-02,22.4,25.5,19.8,10.2,10.2,10.0,8.9,4.8,84
brasilia,Brasilia,DF,2024-04-03,22.3,26.3,19.5,5.1,5.1,6.0,11.4,3.7,85
brasilia,Brasilia,DF,2024-04-04,22.1,26.8,19.6,3.9,3.9,13.0,14.3,6.2,85
brasilia,Brasilia,DF,2024-04-05,22.1,26.8,19.0,4.3,4.3,6.0,13.4,6.9,85
brasilia,Brasilia,DF,2024-04-06,22.0,25.6,18.3,0.7,0.7,4.0,14.8,7.9,84
brasilia,Brasilia,DF,2024-04-07,22.2,25.8,19.2,1.5,1.5,6.0,18.1,9.6,82
brasilia,Brasilia,DF,2024-04-08,22.3,27.4,18.1,0.0,0.0,0.0,14.3,8.1,74
brasilia,Brasilia,DF,2024-04-09,22.8,27.1,18.2,0.0,0.0,0.0,8.0,5.5,73
brasilia,Brasilia,DF,2024-04-10,23.1,26.9,19.4,0.4,0.4,2.0,9.7,5.0,75
brasilia,Brasilia,DF,2024-04-11,22.2,25.0,20.1,0.7,0.7,4.0,9.8,5.0,83
brasilia,Brasilia,DF,2024-04-12,22.2,25.3,19.5,3.0,3.0,5.0,16.1,8.9,83
brasilia,Brasilia,DF,2024-04-13,22.5,27.0,19.6,0.0,0.0,0.0,18.4,11.2,75
brasilia,Brasilia,DF,2024-04-14,21.9,26.4,18.5,0.8,0.8,6.0,14.7,9.3,77
brasilia,Brasilia,DF,2024-04-15,22.1,26.5,18.6,0.6,0.6,5.0,19.5,11.9,76
brasilia,Brasilia,DF,2024-04-16,22.0,26.7,18.6,0.2,0.2,2.0,18.5,12.4,78
brasilia,Brasilia,DF,2024-04-17,22.5,27.5,18.4,0.1,0.1,1.0,13.0,8.8,75
brasilia,Brasilia,DF,2024-04-18,23.0,27.6,18.6,0.2,0.2,1.0,11.1,7.2,72
brasilia,Brasilia,DF,2024-04-19,22.7,27.4,19.2,0.5,0.5,4.0,9.8,6.0,76
brasilia,Brasilia,DF,2024-04-20,22.5,27.0,19.2,0.1,0.1,1.0,17.6,11.9,74
brasilia,Brasilia,DF,2024-04-21,20.9,24.9,17.4,0.1,0.1,1.0,17.7,10.3,76
brasilia,Brasilia,DF,2024-04-22,21.5,26.7,17.2,0.1,0.1,1.0,16.3,7.7,73
brasilia,Brasilia,DF,2024-04-23,22.2,27.1,17.6,0.2,0.2,2.0,10.9,6.4,72
brasilia,Brasilia,DF,2024-04-24,22.8,27.2,18.1,0.3,0.3,3.0,11.0,5.8,72
brasilia,Brasilia,DF,2024-04-25,23.3,28.2,19.3,0.0,0.0,0.0,16.9,9.7,68
brasilia,Brasilia,DF,2024-04-26,22.6,28.1,18.5,0.0,0.0,0.0,15.9,10.8,65
brasilia,Brasilia,DF,2024-04-27,22.1,27.7,17.5,0.0,0.0,0.0,13.4,9.0,64
brasilia,Brasilia,DF,2024-04-28,22.7,27.5,17.8,0.1,0.1,1.0,10.9,7.3,66
brasilia,Brasilia,DF,2024-04-29,22.7,28.5,17.8,0.0,0.0,0.0,13.3,8.3,66
brasilia,Brasilia,DF,2024-04-30,22.8,28.9,17.4,0.0,0.0,0.0,14.8,8.6,65
brasilia,Brasilia,DF,2024-05-01,22.7,28.0,18.1,0.0,0.0,0.0,13.8,7.6,64
brasilia,Brasilia,DF,2024-05-02,22.7,28.5,17.5,0.0,0.0,0.0,12.0,7.6,62
brasilia,Brasilia,DF,2024-05-03,22.9,28.8,18.2,0.0,0.0,0.0,14.3,8.8,65
brasilia,Brasilia,DF,2024-05-04,21.7,27.8,17.4,0.0,0.0,0.0,17.4,10.4,60
brasilia,Brasilia,DF,2024-05-05,21.4,27.1,16.7,0.0,0.0,0.0,17.8,11.9,66
brasilia,Brasilia,DF,2024-05-06,21.1,26.5,17.4,0.0,0.0,0.0,20.9,12.9,69
brasilia,Brasilia,DF,2024-05-07,21.1,26.5,17.1,0.2,0.2,2.0,20.2,11.9,70
brasilia,Brasilia,DF,2024-05-08,20.7,26.4,16.1,0.0,0.0,0.0,14.9,8.7,70
brasilia,Brasilia,DF,2024-05-09,20.7,26.5,16.1,0.0,0.0,0.0,15.0,10.1,68
brasilia,Brasilia,DF,2024-05-10,20.4,26.1,15.8,0.0,0.0,0.0,16.5,9.2,65
brasilia,Brasilia,DF,2024-05-11,21.5,26.8,16.9,0.0,0.0,0.0,9.7,6.5,61
brasilia,Brasilia,DF,2024-05-12,22.7,28.0,18.6,0.0,0.0,0.0,10.7,4.9,54
brasilia,Brasilia,DF,2024-05-13,22.4,27.5,17.0,0.0,0.0,0.0,6.8,4.0,62
brasilia,Brasilia,DF,2024-05-14,22.9,28.4,17.5,0.0,0.0,0.0,12.2,6.8,60
brasilia,Brasilia,DF,2024-05-15,22.4,28.5,17.1,0.0,0.0,0.0,14.1,9.1,56
brasilia,Brasilia,DF,2024-05-16,21.9,27.8,16.9,0.0,0.0,0.0,18.1,11.1,50
brasilia,Brasilia,DF,2024-05-17,21.1,26.9,16.3,0.0,0.0,0.0,14.8,9.9,56
brasilia,Brasilia,DF,2024-05-18,21.0,26.7,15.9,0.0,0.0,0.0,15.5,8.9,58
brasilia,Brasilia,DF,2024-05-19,21.4,26.8,16.3,0.0,0.0,0.0,12.6,7.1,60
brasilia,Brasilia,DF,2024-05-20,21.5,26.2,17.0,0.2,0.2,2.0,16.5,9.7,68
brasilia,Brasilia,DF,2024-05-21,21.5,26.9,17.6,0.0,0.0,0.0,18.7,11.2,62
brasilia,Brasilia,DF,2024-05-22,20.6,26.2,15.9,0.0,0.0,0.0,17.8,9.7,61
brasilia,Brasilia,DF,2024-05-23,21.0,26.4,16.0,0.0,0.0,0.0,12.9,8.6,66
brasilia,Brasilia,DF,2024-05-24,21.7,27.6,17.1,0.0,0.0,0.0,15.0,5.8,62
brasilia,Brasilia,DF,2024-05-25,21.5,26.9,17.1,0.0,0.0,0.0,10.8,7.6,58
brasilia,Brasilia,DF,2024-05-26,21.0,27.0,15.9,0.0,0.0,0.0,16.3,10.0,55
brasilia,Brasilia,DF,2024-05-27,20.7,26.4,16.0,0.0,0.0,0.0,13.0,8.4,59
brasilia,Brasilia,DF,2024-05-28,21.6,26.8,17.6,0.0,0.0,0.0,10.7,6.8,53
brasilia,Brasilia,DF,2024-05-29,20.4,26.2,15.1,0.0,0.0,0.0,11.3,8.8,68
brasilia,Brasilia,DF,2024-05-30,20.4,25.9,15.0,0.0,0.0,0.0,12.7,9.1,65
brasilia,Brasilia,DF,2024-05-31,20.7,25.5,16.1,0.0,0.0,0.0,15.8,10.8,56
brasilia,Brasilia,DF,2024-06-01,19.4,24.3,15.1,0.0,0.0,0.0,22.7,12.6,62
brasilia,Brasilia,DF,2024-06-02,19.0,24.0,14.8,0.3,0.3,3.0,21.2,13.0,67
brasilia,Brasilia,DF,2024-06-03,19.8,25.5,14.9,0.0,0.0,0.0,17.7,9.3,65
brasilia,Brasilia,DF,2024-06-04,20.2,26.1,15.6,0.0,0.0,0.0,17.2,10.7,63
brasilia,Brasilia,DF,2024-06-05,19.9,25.5,15.4,0.0,0.0,0.0,18.7,10.6,63
brasilia,Brasilia,DF,2024-06-06,19.6,25.1,15.2,0.3,0.3,3.0,19.8,10.3,65
brasilia,Brasilia,DF,2024-06-07,19.8,25.3,15.1,0.1,0.1,1.0,18.1,10.9,66
brasilia,Brasilia,DF,2024-06-08,20.1,25.4,15.6,0.0,0.0,0.0,17.5,9.2,66
brasilia,Brasilia,DF,2024-06-09,19.8,25.7,15.4,0.0,0.0,0.0,13.4,8.5,62
brasilia,Brasilia,DF,2024-06-10,20.1,26.4,14.7,0.0,0.0,0.0,13.1,8.3,65
brasilia,Brasilia,DF,2024-06-11,20.9,26.5,16.0,0.0,0.0,0.0,16.8,10.3,64
brasilia,Brasilia,DF,2024-06-12,19.8,25.7,15.3,0.0,0.0,0.0,17.3,10.6,57
brasilia,Brasilia,DF,2024-06-13,19.8,25.8,15.0,0.0,0.0,0.0,18.9,11.4,59
brasilia,Brasilia,DF,2024-06-14,20.1,26.4,14.9,0.0,0.0,0.0,16.5,9.8,60
brasilia,Brasilia,DF,2024-06-15,19.3,24.9,15.2,0.0,0.0,0.0,18.4,10.6,67
brasilia,Brasilia,DF,2024-06-16,18.7,24.9,14.1,0.0,0.0,0.0,17.7,10.6,59
brasilia,Brasilia,DF,2024-06-17,18.6,24.9,13.0,0.0,0.0,0.0,12.6,8.7,57
brasilia,Brasilia,DF,2024-06-18,18.9,25.0,13.2,0.0,0.0,0.0,14.7,8.4,56
brasilia,Brasilia,DF,2024-06-19,19.7,25.5,14.2,0.0,0.0,0.0,12.6,8.8,59
brasilia,Brasilia,DF,2024-06-20,20.0,24.9,15.6,0.0,0.0,0.0,17.0,9.7,63
brasilia,Brasilia,DF,2024-06-21,19.5,25.2,14.9,0.0,0.0,0.0,18.0,9.4,58
brasilia,Brasilia,DF,2024-06-22,19.6,25.5,14.6,0.0,0.0,0.0,15.9,8.2,58
brasilia,Brasilia,DF,2024-06-23,20.1,25.3,14.7,0.0,0.0,0.0,11.4,6.7,53
brasilia,Brasilia,DF,2024-06-24,20.9,25.6,17.0,0.0,0.0,0.0,10.8,5.9,50
brasilia,Brasilia,DF,2024-06-25,21.1,25.8,17.5,0.0,0.0,0.0,12.6,6.7,46
brasilia,Brasilia,DF,2024-06-26,20.7,25.9,15.6,0.0,0.0,0.0,13.6,6.6,47
brasilia,Brasilia,DF,2024-06-27,20.4,25.5,14.3,0.0,0.0,0.0,9.6,3.8,45
brasilia,Brasilia,DF,2024-06-28,21.3,27.2,17.0,0.0,0.0,0.0,10.9,6.3,42
brasilia,Brasilia,DF,2024-06-29,20.8,27.1,15.4,0.0,0.0,0.0,8.1,6.4,44
brasilia,Brasilia,DF,2024-06-30,21.5,26.6,18.0,0.0,0.0,0.0,11.9,6.1,42
brasilia,Brasilia,DF,2024-07-01,21.3,26.6,16.2,0.0,0.0,0.0,13.0,6.9,42
brasilia,Brasilia,DF,2024-07-02,20.0,25.7,15.1,0.0,0.0,0.0,16.3,10.9,49
brasilia,Brasilia,DF,2024-07-03,19.5,25.1,14.2,0.0,0.0,0.0,17.0,9.2,60
brasilia,Brasilia,DF,2024-07-04,19.6,25.1,14.6,0.0,0.0,0.0,13.4,9.4,57
brasilia,Brasilia,DF,2024-07-05,19.2,25.1,13.9,0.0,0.0,0.0,13.7,9.1,57
brasilia,Brasilia,DF,2024-07-06,19.8,26.0,14.4,0.0,0.0,0.0,12.1,9.1,56
brasilia,Brasilia,DF,2024-07-07,20.6,26.9,14.8,0.0,0.0,0.0,10.8,7.1,51
brasilia,Brasilia,DF,2024-07-08,21.7,27.6,15.1,0.0,0.0,0.0,14.6,5.2,41
brasilia,Brasilia,DF,2024-07-09,22.6,27.7,19.2,0.0,0.0,0.0,11.3,6.4,39
brasilia,Brasilia,DF,2024-07-10,22.8,28.2,17.5,0.0,0.0,0.0,11.7,6.1,39
brasilia,Brasilia,DF,2024-07-11,22.3,28.1,16.3,0.0,0.0,0.0,16.6,9.4,41
brasilia,Brasilia,DF,2024-07-12,20.9,26.9,15.9,0.0,0.0,0.0,16.3,10.3,51
brasilia,Brasilia,DF,2024-07-13,19.0,24.5,14.7,0.0,0.0,0.0,22.3,12.9,51
brasilia,Brasilia,DF,2024-07-14,18.8,24.5,14.1,0.0,0.0,0.0,19.2,10.8,53
brasilia,Brasilia,DF,2024-07-15,18.5,23.9,13.3,0.0,0.0,0.0,15.1,9.6,53
brasilia,Brasilia,DF,2024-07-16,19.0,24.8,14.1,0.0,0.0,0.0,18.4,10.5,52
brasilia,Brasilia,DF,2024-07-17,19.1,24.8,14.1,0.0,0.0,0.0,14.1,8.2,54
brasilia,Brasilia,DF,2024-07-18,19.2,25.5,13.5,0.0,0.0,0.0,13.7,10.2,51
brasilia,Brasilia,DF,2024-07-19,19.2,25.2,14.2,0.0,0.0,0.0,17.7,10.8,51
brasilia,Brasilia,DF,2024-07-20,18.8,24.5,13.9,0.0,0.0,0.0,18.0,11.2,50
brasilia,Brasilia,DF,2024-07-21,18.5,24.1,13.9,0.0,0.0,0.0,19.5,11.1,52
brasilia,Brasilia,DF,2024-07-22,18.9,24.4,13.6,0.0,0.0,0.0,15.8,9.9,50
brasilia,Brasilia,DF,2024-07-23,19.3,25.5,14.1,0.0,0.0,0.0,16.3,9.9,47
brasilia,Brasilia,DF,2024-07-24,19.2,25.8,13.6,0.0,0.0,0.0,17.5,10.7,44
brasilia,Brasilia,DF,2024-07-25,18.6,25.0,13.2,0.0,0.0,0.0,12.4,8.5,49
brasilia,Brasilia,DF,2024-07-26,19.1,26.2,12.2,0.0,0.0,0.0,11.7,8.2,49
brasilia,Brasilia,DF,2024-07-27,20.0,26.4,14.2,0.0,0.0,0.0,16.3,9.7,57
brasilia,Brasilia,DF,2024-07-28,20.8,27.4,14.9,0.0,0.0,0.0,14.1,8.3,54
brasilia,Brasilia,DF,2024-07-29,21.3,27.4,15.1,0.0,0.0,0.0,13.3,7.6,46
brasilia,Brasilia,DF,2024-07-30,21.9,27.2,16.5,0.0,0.0,0.0,14.4,8.0,45
brasilia,Brasilia,DF,2024-07-31,21.3,27.5,16.7,0.0,0.0,0.0,20.8,12.9,44
brasilia,Brasilia,DF,2024-08-01,20.0,26.5,14.5,0.0,0.0,0.0,18.3,14.0,52
brasilia,Brasilia,DF,2024-08-02,19.5,24.6,14.6,0.2,0.2,1.0,18.9,13.0,59
brasilia,Brasilia,DF,2024-08-03,19.6,25.4,14.0,0.0,0.0,0.0,20.4,13.3,56
brasilia,Brasilia,DF,2024-08-04,20.3,26.8,15.2,0.0,0.0,0.0,21.5,12.8,52
brasilia,Brasilia,DF,2024-08-05,20.2,26.0,15.1,0.0,0.0,0.0,19.7,11.9,50
brasilia,Brasilia,DF,2024-08-06,19.9,25.5,15.3,0.0,0.0,0.0,22.0,12.3,51
brasilia,Brasilia,DF,2024-08-07,20.3,25.8,15.1,0.0,0.0,0.0,16.5,9.3,43
brasilia,Brasilia,DF,2024-08-08,21.5,27.0,16.4,0.0,0.0,0.0,15.3,6.3,42
brasilia,Brasilia,DF,2024-08-09,22.6,28.1,17.9,0.0,0.0,0.0,8.8,4.4,35
brasilia,Brasilia,DF,2024-08-10,20.0,26.5,15.2,0.0,0.0,0.0,13.9,10.1,51
brasilia,Brasilia,DF,2024-08-11,20.8,30.7,12.8,0.0,0.0,0.0,19.1,8.2,45
brasilia,Brasilia,DF,2024-08-12,21.0,28.6,13.9,0.0,0.0,0.0,16.3,9.3,26
brasilia,Brasilia,DF,2024-08-13,20.5,28.4,13.5,0.0,0.0,0.0,14.3,9.1,26
brasilia,Brasilia,DF,2024-08-14,22.1,29.5,16.1,0.0,0.0,0.0,16.5,10.6,41
brasilia,Brasilia,DF,2024-08-15,22.8,29.0,16.8,0.0,0.0,0.0,11.1,9.0,51
brasilia,Brasilia,DF,2024-08-16,22.9,29.3,17.5,0.0,0.0,0.0,14.7,10.3,45
brasilia,Brasilia,DF,2024-08-17,22.8,29.2,16.7,0.0,0.0,0.0,13.8,9.7,39
brasilia,Brasilia,DF,2024-08-18,22.2,29.2,16.1,0.0,0.0,0.0,15.9,10.1,35
brasilia,Brasilia,DF,2024-08-19,22.8,29.2,16.1,0.0,0.0,0.0,15.7,9.7,30
brasilia,Brasilia,DF,2024-08-20,22.3,29.1,16.5,0.0,0.0,0.0,15.1,9.9,35
brasilia,Brasilia,DF,2024-08-21,22.5,29.5,16.2,0.0,0.0,0.0,18.8,11.0,32
brasilia,Brasilia,DF,2024-08-22,22.7,29.6,16.6,0.0,0.0,0.0,15.0,10.1,34
brasilia,Brasilia,DF,2024-08-23,23.4,30.1,17.0,0.0,0.0,0.0,13.2,7.6,35
brasilia,Brasilia,DF,2024-08-24,24.3,30.1,18.3,0.0,0.0,0.0,12.5,6.3,36
brasilia,Brasilia,DF,2024-08-25,24.0,29.5,17.9,0.0,0.0,0.0,20.8,7.5,35
brasilia,Brasilia,DF,2024-08-26,20.9,28.1,14.1,0.0,0.0,0.0,17.7,10.6,54
brasilia,Brasilia,DF,2024-08-27,22.8,29.0,16.5,0.0,0.0,0.0,14.2,10.1,45
brasilia,Brasilia,DF,2024-08-28,22.6,28.6,17.5,0.0,0.0,0.0,18.8,13.7,45
brasilia,Brasilia,DF,2024-08-29,21.3,27.1,15.8,0.0,0.0,0.0,19.1,13.0,48
brasilia,Brasilia,DF,2024-08-30,21.1,27.6,15.3,0.0,0.0,0.0,16.9,11.5,44
brasilia,Brasilia,DF,2024-08-31,22.1,29.6,15.4,0.0,0.0,0.0,15.6,10.4,36
brasilia,Brasilia,DF,2024-09-01,22.9,29.9,16.2,0.0,0.0,0.0,15.5,9.5,30
brasilia,Brasilia,DF,2024-09-02,23.6,30.8,16.2,0.0,0.0,0.0,12.4,8.5,26
brasilia,Brasilia,DF,2024-09-03,25.4,31.7,20.5,0.0,0.0,0.0,12.8,6.1,19
brasilia,Brasilia,DF,2024-09-04,26.0,32.6,19.5,0.0,0.0,0.0,17.9,8.3,19
brasilia,Brasilia,DF,2024-09-05,26.2,32.0,20.5,0.0,0.0,0.0,14.0,7.6,24
brasilia,Brasilia,DF,2024-09-06,25.3,32.1,19.1,0.0,0.0,0.0,18.6,11.8,30
brasilia,Brasilia,DF,2024-09-07,24.0,30.6,18.4,0.0,0.0,0.0,22.0,14.2,30
brasilia,Brasilia,DF,2024-09-08,22.8,29.9,16.8,0.0,0.0,0.0,23.4,14.3,34
brasilia,Brasilia,DF,2024-09-09,22.9,29.5,17.0,0.0,0.0,0.0,19.8,12.6,29
brasilia,Brasilia,DF,2024-09-10,22.7,29.2,16.6,0.0,0.0,0.0,17.6,11.1,35
brasilia,Brasilia,DF,2024-09-11,23.0,29.1,17.1,0.0,0.0,0.0,17.2,10.4,38
brasilia,Brasilia,DF,2024-09-12,23.9,30.3,17.8,0.0,0.0,0.0,15.3,9.6,37
brasilia,Brasilia,DF,2024-09-13,24.4,30.6,18.3,0.0,0.0,0.0,16.2,10.9,38
brasilia,Brasilia,DF,2024-09-14,24.7,31.1,18.6,0.0,0.0,0.0,16.5,11.4,33
brasilia,Brasilia,DF,2024-09-15,24.8,31.3,18.5,0.0,0.0,0.0,16.1,10.4,29
brasilia,Brasilia,DF,2024-09-16,26.0,32.8,18.5,0.0,0.0,0.0,12.1,7.7,29
brasilia,Brasilia,DF,2024-09-17,26.2,32.5,20.2,0.0,0.0,0.0,13.6,8.1,34
brasilia,Brasilia,DF,2024-09-18,25.5,31.0,20.4,0.0,0.0,0.0,22.5,13.0,37
brasilia,Brasilia,DF,2024-09-19,24.8,31.2,18.9,0.0,0.0,0.0,18.7,12.8,40
brasilia,Brasilia,DF,2024-09-20,24.6,31.2,18.9,0.0,0.0,0.0,18.8,12.9,37
brasilia,Brasilia,DF,2024-09-21,25.3,32.3,18.4,0.0,0.0,0.0,15.3,10.1,34
brasilia,Brasilia,DF,2024-09-22,26.2,32.7,19.6,0.0,0.0,0.0,14.4,8.7,32
brasilia,Brasilia,DF,2024-09-23,26.4,33.3,19.4,0.0,0.0,0.0,13.4,10.4,32
brasilia,Brasilia,DF,2024-09-24,26.3,32.2,20.1,0.0,0.0,0.0,16.6,11.0,33
brasilia,Brasilia,DF,2024-09-25,26.4,33.2,20.5,0.0,0.0,0.0,17.7,11.6,30
brasilia,Brasilia,DF,2024-09-26,26.2,32.8,19.6,0.0,0.0,0.0,16.8,9.6,30
brasilia,Brasilia,DF,2024-09-27,27.2,33.3,20.2,0.0,0.0,0.0,17.9,7.3,27
brasilia,Brasilia,DF,2024-09-28,28.3,34.5,21.5,0.0,0.0,0.0,25.3,7.7,29
brasilia,Brasilia,DF,2024-09-29,25.8,32.1,20.4,0.0,0.0,0.0,20.3,15.1,43
brasilia,Brasilia,DF,2024-09-30,24.8,30.2,20.0,0.0,0.0,0.0,20.1,14.9,37
brasilia,Brasilia,DF,2024-10-01,25.0,31.6,18.8,0.0,0.0,0.0,18.2,10.7,33
brasilia,Brasilia,DF,2024-10-02,26.5,32.4,20.1,0.0,0.0,0.0,13.2,8.4,31
brasilia,Brasilia,DF,2024-10-03,28.1,34.8,21.4,0.0,0.0,0.0,16.3,9.8,26
brasilia,Brasilia,DF,2024-10-04,29.2,35.3,22.9,0.0,0.0,0.0,13.5,6.8,24
brasilia,Brasilia,DF,2024-10-05,29.3,35.0,23.3,0.0,0.0,0.0,12.6,6.8,26
brasilia,Brasilia,DF,2024-10-06,29.2,34.9,23.4,0.0,0.0,0.0,16.3,7.5,28
brasilia,Brasilia,DF,2024-10-07,28.7,34.2,23.5,0.0,0.0,0.0,15.5,8.7,33
brasilia,Brasilia,DF,2024-10-08,26.4,32.8,22.7,1.0,1.0,2.0,18.7,8.5,51
brasilia,Brasilia,DF,2024-10-09,27.1,33.2,21.8,0.9,0.9,3.0,12.8,6.9,49
brasilia,Brasilia,DF,2024-10-10,23.1,27.2,20.2,8.0,8.0,8.0,14.5,5.9,75
brasilia,Brasilia,DF,2024-10-11,24.5,30.9,20.4,0.5,0.5,2.0,13.2,7.5,65
brasilia,Brasilia,DF,2024-10-12,23.5,27.5,19.9,2.0,2.0,7.0,14.5,6.3,71
brasilia,Brasilia,DF,2024-10-13,23.9,30.3,20.1,2.1,2.1,4.0,21.9,8.5,69
brasilia,Brasilia,DF,2024-10-14,23.4,29.5,19.4,3.3,3.3,3.0,22.8,11.4,73
brasilia,Brasilia,DF,2024-10-15,21.1,24.2,18.5,7.5,7.5,11.0,18.2,7.8,83
brasilia,Brasilia,DF,2024-10-16,21.6,26.9,18.6,10.9,10.9,14.0,16.3,8.5,80
brasilia,Brasilia,DF,2024-10-17,21.5,27.3,17.9,8.1,8.1,10.0,9.1,4.4,82
brasilia,Brasilia,DF,2024-10-18,22.5,26.9,19.0,0.8,0.8,6.0,7.7,5.0,74
brasilia,Brasilia,DF,2024-10-19,21.9,26.2,19.4,0.7,0.7,3.0,17.7,7.8,80
brasilia,Brasilia,DF,2024-10-20,21.9,25.9,19.4,0.7,0.7,4.0,14.9,9.2,80
brasilia,Brasilia,DF,2024-10-21,21.6,25.8,18.9,1.2,1.2,6.0,13.3,8.1,83
brasilia,Brasilia,DF,2024-10-22,22.3,27.2,19.0,7.0,7.0,8.0,16.2,8.6,79
brasilia,Brasilia,DF,2024-10-23,23.3,29.5,19.5,1.1,1.1,4.0,10.8,6.0,75
brasilia,Brasilia,DF,2024-10-24,23.6,28.8,19.5,2.7,2.7,4.0,13.0,4.4,75
brasilia,Brasilia,DF,2024-10-25,22.9,27.2,19.9,3.5,3.5,9.0,11.5,4.7,81
brasilia,Brasilia,DF,2024-10-26,23.8,30.7,21.0,11.2,11.2,5.0,12.5,4.7,72
brasilia,Brasilia,DF,2024-10-27,23.3,26.9,20.4,0.0,0.0,0.0,16.5,7.9,75
brasilia,Brasilia,DF,2024-10-28,23.1,27.2,19.5,3.2,3.2,2.0,16.5,8.9,75
brasilia,Brasilia,DF,2024-10-29,22.0,26.8,18.5,7.8,7.8,13.0,11.4,6.4,78
brasilia,Brasilia,DF,2024-10-30,20.8,23.2,19.5,6.3,6.3,13.0,13.0,9.3,86
brasilia,Brasilia,DF,2024-10-31,20.5,23.4,18.2,1.2,1.2,3.0,13.1,7.2,82
brasilia,Brasilia,DF,2024-11-01,20.7,25.6,18.5,5.9,5.9,12.0,22.2,8.5,83
brasilia,Brasilia,DF,2024-11-02,21.7,25.8,18.0,2.9,2.9,7.0,13.2,5.6,83
brasilia,Brasilia,DF,2024-11-03,21.6,26.0,19.0,2.4,2.4,9.0,16.7,8.9,84
brasilia,Brasilia,DF,2024-11-04,22.3,28.3,19.0,31.7,31.7,11.0,17.0,9.6,80
brasilia,Brasilia,DF,2024-11-05,19.8,21.0,18.6,56.5,56.5,21.0,13.3,7.7,91
brasilia,Brasilia,DF,2024-11-06,21.6,26.2,18.2,4.4,4.4,12.0,14.1,9.0,80
brasilia,Brasilia,DF,2024-11-07,21.6,26.2,19.2,12.3,12.3,15.0,11.3,5.5,84
brasilia,Brasilia,DF,2024-11-08,20.9,24.9,18.5,3.0,3.0,4.0,18.8,11.0,85
brasilia,Brasilia,DF,2024-11-09,21.5,24.9,18.7,1.9,1.9,8.0,16.3,9.6,84
brasilia,Brasilia,DF,2024-11-10,22.0,27.5,18.2,4.5,4.5,8.0,8.3,3.7,78
brasilia,Brasilia,DF,2024-11-11,21.6,25.9,18.4,2.8,2.8,11.0,9.4,4.6,84
brasilia,Brasilia,DF,2024-11-12,21.7,25.9,17.2,2.9,2.9,6.0,11.8,5.6,83
brasilia,Brasilia,DF,2024-11-13,21.8,26.0,19.4,16.1,16.1,15.0,10.3,5.8,84
brasilia,Brasilia,DF,2024-11-14,20.5,23.6,18.9,16.4,16.4,23.0,11.7,8.8,90
brasilia,Brasilia,DF,2024-11-15,20.0,21.4,18.9,12.3,12.3,24.0,16.6,11.2,90
brasilia,Brasilia,DF,2024-11-16,20.8,25.4,18.3,8.3,8.3,11.0,15.1,8.3,85
brasilia,Brasilia,DF,2024-11-17,20.3,22.0,18.6,8.2,8.2,9.0,10.9,6.9,88
brasilia,Brasilia,DF,2024-11-18,21.7,26.5,19.1,3.5,3.5,7.0,12.2,6.2,82
brasilia,Brasilia,DF,2024-11-19,21.4,27.2,17.9,23.8,23.8,10.0,13.3,4.1,86
brasilia,Brasilia,DF,2024-11-20,22.5,27.8,18.7,3.2,3.2,6.0,10.8,5.1,82
brasilia,Brasilia,DF,2024-11-21,22.9,27.4,19.1,5.2,5.2,8.0,8.8,5.4,80
brasilia,Brasilia,DF,2024-11-22,22.4,27.4,19.8,8.4,8.4,9.0,15.2,3.6,84
brasilia,Brasilia,DF,2024-11-23,21.9,26.6,19.2,11.0,11.0,12.0,12.4,5.6,84
brasilia,Brasilia,DF,2024-11-24,21.0,25.3,19.0,6.8,6.8,16.0,13.8,6.7,86
brasilia,Brasilia,DF,2024-11-25,20.9,24.5,18.0,2.7,2.7,17.0,18.3,14.0,83
brasilia,Brasilia,DF,2024-11-26,21.2,25.6,18.1,3.0,3.0,10.0,15.6,9.1,83
brasilia,Brasilia,DF,2024-11-27,21.6,26.2,18.6,3.9,3.9,14.0,13.0,7.4,84
brasilia,Brasilia,DF,2024-11-28,22.5,27.6,18.7,17.6,17.6,8.0,12.4,6.0,79
brasilia,Brasilia,DF,2024-11-29,22.9,28.0,18.8,0.9,0.9,4.0,9.6,3.5,81
brasilia,Brasilia,DF,2024-11-30,22.7,26.5,20.1,0.7,0.7,5.0,12.6,4.2,82
brasilia,Brasilia,DF,2024-12-01,22.6,26.6,20.5,14.5,14.5,20.0,8.6,3.7,83
brasilia,Brasilia,DF,2024-12-02,22.0,26.0,19.6,6.9,6.9,7.0,10.1,6.2,83
brasilia,Brasilia,DF,2024-12-03,22.4,26.5,18.4,1.8,1.8,5.0,9.2,4.8,81
brasilia,Brasilia,DF,2024-12-04,22.7,26.9,19.4,3.1,3.1,5.0,9.5,4.4,80
brasilia,Brasilia,DF,2024-12-05,22.9,26.8,19.8,0.7,0.7,7.0,12.7,6.1,78
brasilia,Brasilia,DF,2024-12-06,23.5,28.0,19.4,0.0,0.0,0.0,12.0,7.0,63
brasilia,Brasilia,DF,2024-12-07,23.9,29.0,19.2,0.0,0.0,0.0,12.5,6.8,59
brasilia,Brasilia,DF,2024-12-08,24.4,28.8,19.8,0.2,0.2,2.0,8.6,6.0,60
brasilia,Brasilia,DF,2024-12-09,24.2,29.3,19.1,1.6,1.6,4.0,6.5,3.3,68
brasilia,Brasilia,DF,2024-12-10,23.7,28.7,20.2,5.2,5.2,8.0,10.7,5.1,72
brasilia,Brasilia,DF,2024-12-11,23.1,28.8,20.1,7.3,7.3,7.0,11.8,4.7,80
brasilia,Brasilia,DF,2024-12-12,22.2,25.9,20.0,10.8,10.8,8.0,12.8,3.7,82
brasilia,Brasilia,DF,2024-12-13,23.5,28.1,19.5,0.3,0.3,2.0,10.7,5.1,71
brasilia,Brasilia,DF,2024-12-14,22.7,27.7,19.7,5.3,5.3,5.0,13.0,7.3,76
brasilia,Brasilia,DF,2024-12-15,21.6,26.5,19.5,6.6,6.6,16.0,14.6,6.2,84
brasilia,Brasilia,DF,2024-12-16,21.5,26.0,18.8,13.1,13.1,10.0,13.8,3.8,83
brasilia,Brasilia,DF,2024-12-17,22.4,26.4,20.4,14.4,14.4,16.0,13.6,3.4,80
brasilia,Brasilia,DF,2024-12-18,22.2,25.8,19.4,1.6,1.6,4.0,7.0,3.6,79
brasilia,Brasilia,DF,2024-12-19,22.7,27.2,19.6,1.1,1.1,9.0,11.8,3.9,79
brasilia,Brasilia,DF,2024-12-20,23.1,27.8,19.5,1.9,1.9,5.0,14.7,5.3,78
brasilia,Brasilia,DF,2024-12-21,22.4,26.0,20.0,2.6,2.6,4.0,10.5,6.0,81
brasilia,Brasilia,DF,2024-12-22,21.8,26.1,19.8,6.0,6.0,9.0,8.4,3.5,83
brasilia,Brasilia,DF,2024-12-23,22.2,27.6,20.2,24.6,24.6,10.0,10.8,3.4,83
brasilia,Brasilia,DF,2024-12-24,22.3,26.0,20.0,4.4,4.4,14.0,11.2,5.5,82
brasilia,Brasilia,DF,2024-12-25,21.6,24.8,19.7,7.1,7.1,17.0,14.9,6.8,86
brasilia,Brasilia,DF,2024-12-26,21.0,23.9,19.1,9.4,9.4,22.0,17.4,11.2,89
brasilia,Brasilia,DF,2024-12-27,21.7,24.9,19.1,2.5,2.5,9.0,12.3,7.0,83
brasilia,Brasilia,DF,2024-12-28,21.6,25.0,19.4,4.2,4.2,17.0,8.2,4.9,84
brasilia,Brasilia,DF,2024-12-29,22.0,26.4,19.5,20.8,20.8,15.0,10.8,4.3,81
brasilia,Brasilia,DF,2024-12-30,21.3,25.4,19.6,6.1,6.1,15.0,13.0,4.9,86
brasilia,Brasilia,DF,2024-12-31,21.4,25.5,18.5,11.2,11.2,8.0,10.8,4.5,83
brasilia,Brasilia,DF,2025-01-01,21.6,26.2,19.0,9.1,9.1,15.0,10.3,4.6,86
brasilia,Brasilia,DF,2025-01-02,21.8,26.1,18.5,11.7,11.7,11.0,13.5,6.5,81
brasilia,Brasilia,DF,2025-01-03,22.5,26.6,17.9,0.0,0.0,0.0,12.5,6.6,76
brasilia,Brasilia,DF,2025-01-04,23.1,28.3,19.1,0.7,0.7,3.0,11.9,4.6,76
brasilia,Brasilia,DF,2025-01-05,22.8,28.0,19.4,3.4,3.4,6.0,13.9,4.8,78
brasilia,Brasilia,DF,2025-01-06,22.1,25.0,19.8,0.8,0.8,5.0,14.1,5.4,82
brasilia,Brasilia,DF,2025-01-07,22.6,26.5,19.0,2.7,2.7,5.0,15.0,7.4,79
brasilia,Brasilia,DF,2025-01-08,21.7,25.0,19.9,23.1,23.1,16.0,13.4,7.7,87
brasilia,Brasilia,DF,2025-01-09,20.4,22.8,18.9,11.1,11.1,16.0,21.4,11.3,90
brasilia,Brasilia,DF,2025-01-10,21.6,25.9,19.5,4.7,4.7,12.0,13.0,8.6,84
brasilia,Brasilia,DF,2025-01-11,22.6,27.6,19.1,1.6,1.6,8.0,12.2,8.3,80
brasilia,Brasilia,DF,2025-01-12,22.2,26.7,18.9,9.3,9.3,14.0,9.2,5.8,84
brasilia,Brasilia,DF,2025-01-13,20.9,23.1,19.5,6.5,6.5,14.0,21.2,11.2,89
brasilia,Brasilia,DF,2025-01-14,20.3,23.1,18.9,21.8,21.8,19.0,14.0,9.7,91
brasilia,Brasilia,DF,2025-01-15,20.9,23.3,19.4,4.6,4.6,14.0,19.0,13.7,87
brasilia,Brasilia,DF,2025-01-16,20.4,22.5,19.2,11.5,11.5,17.0,23.0,15.1,90
brasilia,Brasilia,DF,2025-01-17,21.5,25.6,18.8,2.8,2.8,12.0,17.2,12.0,84
brasilia,Brasilia,DF,2025-01-18,22.3,26.7,18.1,1.6,1.6,7.0,11.2,6.2,77
brasilia,Brasilia,DF,2025-01-19,21.6,25.9,17.6,3.1,3.1,10.0,10.4,5.1,81
brasilia,Brasilia,DF,2025-01-20,22.1,26.4,17.4,0.1,0.1,1.0,9.8,3.6,77
brasilia,Brasilia,DF,2025-01-21,21.8,26.4,18.5,2.3,2.3,6.0,11.1,4.5,81
brasilia,Brasilia,DF,2025-01-22,22.7,27.4,19.0,7.9,7.9,5.0,12.2,5.9,80
brasilia,Brasilia,DF,2025-01-23,22.5,27.4,18.3,0.3,0.3,2.0,10.4,6.1,78
brasilia,Brasilia,DF,2025-01-24,22.8,27.6,18.3,0.7,0.7,4.0,15.2,9.2,75
brasilia,Brasilia,DF,2025-01-25,23.5,27.5,19.4,0.7,0.7,6.0,11.3,6.6,70
brasilia,Brasilia,DF,2025-01-26,23.4,28.4,18.9,0.4,0.4,4.0,9.7,6.2,71
brasilia,Brasilia,DF,2025-01-27,23.0,27.2,19.1,0.9,0.9,5.0,10.2,3.9,76
brasilia,Brasilia,DF,2025-01-28,23.3,28.1,19.7,1.5,1.5,3.0,10.3,3.3,76
brasilia,Brasilia,DF,2025-01-29,22.4,26.6,19.7,4.5,4.5,5.0,9.8,3.3,81
brasilia,Brasilia,DF,2025-01-30,21.0,23.3,19.4,2.2,2.2,11.0,10.6,6.6,87
brasilia,Brasilia,DF,2025-01-31,21.4,24.8,19.4,4.4,4.4,11.0,20.4,10.4,85
brasilia,Brasilia,DF,2025-02-01,21.0,25.6,19.0,12.7,12.7,17.0,13.1,10.1,87
brasilia,Brasilia,DF,2025-02-02,20.7,23.0,18.9,7.2,7.2,22.0,15.7,9.7,88
brasilia,Brasilia,DF,2025-02-03,21.4,25.5,18.4,2.6,2.6,14.0,11.5,6.2,83
brasilia,Brasilia,DF,2025-02-04,22.0,25.9,18.3,2.5,2.5,10.0,12.7,6.4,80
brasilia,Brasilia,DF,2025-02-05,22.2,26.1,18.0,0.3,0.3,3.0,14.8,6.1,74
brasilia,Brasilia,DF,2025-02-06,22.9,27.1,18.5,0.0,0.0,0.0,11.8,7.1,64
brasilia,Brasilia,DF,2025-02-07,23.0,27.7,18.3,0.1,0.1,1.0,15.0,9.3,62
brasilia,Brasilia,DF,2025-02-08,22.4,28.0,18.9,6.2,6.2,3.0,19.4,11.1,71
brasilia,Brasilia,DF,2025-02-09,22.0,26.1,19.1,0.1,0.1,1.0,16.3,11.7,71
brasilia,Brasilia,DF,2025-02-10,22.3,27.5,19.0,3.4,3.4,7.0,16.6,9.3,74
brasilia,Brasilia,DF,2025-02-11,21.6,27.9,19.0,18.0,18.0,6.0,13.2,7.7,79
brasilia,Brasilia,DF,2025-02-12,22.2,26.5,18.5,0.4,0.4,4.0,13.3,7.2,74
brasilia,Brasilia,DF,2025-02-13,23.2,27.5,18.8,0.1,0.1,1.0,12.5,6.4,69
brasilia,Brasilia,DF,2025-02-14,23.6,28.6,18.9,0.0,0.0,0.0,8.3,4.3,66
brasilia,Brasilia,DF,2025-02-15,23.8,28.1,19.6,0.6,0.6,5.0,13.7,6.8,69
brasilia,Brasilia,DF,2025-02-16,22.8,27.8,19.1,4.8,4.8,9.0,14.5,5.6,75
brasilia,Brasilia,DF,2025-02-17,23.8,28.5,19.2,0.3,0.3,3.0,14.0,7.0,66
brasilia,Brasilia,DF,2025-02-18,25.5,31.5,20.1,0.0,0.0,0.0,13.9,7.0,48
brasilia,Brasilia,DF,2025-02-19,25.9,32.1,19.5,0.0,0.0,0.0,15.5,9.0,48
brasilia,Brasilia,DF,2025-02-20,25.5,31.5,20.2,0.0,0.0,0.0,18.3,10.1,46
brasilia,Brasilia,DF,2025-02-21,25.5,31.4,19.6,0.0,0.0,0.0,16.3,10.4,49
brasilia,Brasilia,DF,2025-02-22,24.9,29.0,20.4,0.1,0.1,1.0,14.1,8.3,54
brasilia,Brasilia,DF,2025-02-23,24.5,28.9,20.0,1.1,1.1,5.0,13.2,7.2,59
brasilia,Brasilia,DF,2025-02-24,23.1,28.5,20.2,3.4,3.4,5.0,13.9,6.2,70
brasilia,Brasilia,DF,2025-02-25,23.0,27.2,19.6,0.5,0.5,4.0,16.9,9.1,74
brasilia,Brasilia,DF,2025-02-26,22.5,26.6,19.7,1.6,1.6,2.0,18.5,9.7,73
brasilia,Brasilia,DF,2025-02-27,23.3,27.8,19.2,0.1,0.1,1.0,15.1,7.9,68
brasilia,Brasilia,DF,2025-02-28,22.8,27.5,18.9,0.3,0.3,2.0,17.0,10.7,66
brasilia,Brasilia,DF,2025-03-01,22.6,26.2,19.0,0.9,0.9,4.0,22.3,15.8,66
brasilia,Brasilia,DF,2025-03-02,21.7,25.0,18.8,1.0,1.0,5.0,19.4,13.9,72
brasilia,Brasilia,DF,2025-03-03,23.1,27.9,18.9,0.3,0.3,2.0,17.9,12.4,65
brasilia,Brasilia,DF,2025-03-04,23.2,27.9,19.0,2.7,2.7,5.0,18.5,12.6,63
brasilia,Brasilia,DF,2025-03-05,22.7,26.9,18.4,1.2,1.2,7.0,21.2,14.8,62
brasilia,Brasilia,DF,2025-03-06,22.4,27.0,18.8,1.0,1.0,5.0,19.9,14.2,69
brasilia,Brasilia,DF,2025-03-07,23.3,28.8,18.3,0.0,0.0,0.0,20.4,13.2,60
brasilia,Brasilia,DF,2025-03-08,24.1,30.3,18.5,0.0,0.0,0.0,13.4,8.8,57
brasilia,Brasilia,DF,2025-03-09,25.0,30.2,19.8,0.0,0.0,0.0,14.4,6.0,50
brasilia,Brasilia,DF,2025-03-10,26.2,32.6,19.1,0.0,0.0,0.0,14.4,5.8,42
brasilia,Brasilia,DF,2025-03-11,26.3,31.6,20.5,0.0,0.0,0.0,9.6,5.5,46
brasilia,Brasilia,DF,2025-03-12,24.5,29.6,20.0,1.3,1.3,3.0,12.7,5.4,63
brasilia,Brasilia,DF,2025-03-13,23.8,28.1,19.9,3.9,3.9,3.0,12.2,5.3,71
brasilia,Brasilia,DF,2025-03-14,24.4,29.5,20.1,5.1,5.1,4.0,12.4,6.4,67
brasilia,Brasilia,DF,2025-03-15,24.3,29.5,20.1,0.2,0.2,2.0,11.2,6.4,70
brasilia,Brasilia,DF,2025-03-16,25.7,32.6,20.0,0.2,0.2,2.0,13.4,8.0,60
brasilia,Brasilia,DF,2025-03-17,25.3,31.0,20.6,0.0,0.0,0.0,11.0,5.4,55
brasilia,Brasilia,DF,2025-03-18,24.9,29.5,20.8,0.3,0.3,2.0,14.3,7.0,61
brasilia,Brasilia,DF,2025-03-19,24.4,29.9,19.4,5.2,5.2,7.0,12.3,6.6,65
brasilia,Brasilia,DF,2025-03-20,23.2,29.8,18.3,23.6,23.6,9.0,11.0,6.8,73
brasilia,Brasilia,DF,2025-03-21,22.8,28.1,19.4,5.7,5.7,6.0,14.0,6.7,73
brasilia,Brasilia,DF,2025-03-22,22.6,27.8,19.5,0.6,0.6,5.0,9.8,5.3,78
brasilia,Brasilia,DF,2025-03-23,22.0,27.3,19.0,25.5,25.5,12.0,10.4,6.3,81
brasilia,Brasilia,DF,2025-03-24,22.0,25.4,19.1,4.1,4.1,7.0,11.1,4.2,82
brasilia,Brasilia,DF,2025-03-25,22.2,25.5,19.5,1.8,1.8,7.0,10.4,3.9,82
brasilia,Brasilia,DF,2025-03-26,21.7,26.0,18.6,16.2,16.2,11.0,11.9,3.6,85
brasilia,Brasilia,DF,2025-03-27,21.9,26.2,18.6,2.6,2.6,9.0,12.2,5.7,84
brasilia,Brasilia,DF,2025-03-28,21.6,26.0,18.5,3.9,3.9,8.0,12.2,6.2,85
brasilia,Brasilia,DF,2025-03-29,22.8,27.2,18.9,0.4,0.4,3.0,13.8,6.7,77
brasilia,Brasilia,DF,2025-03-30,23.1,27.0,19.2,0.5,0.5,3.0,14.5,7.4,70
brasilia,Brasilia,DF,2025-03-31,23.7,28.6,19.5,0.1,0.1,1.0,10.9,6.5,65
brasilia,Brasilia,DF,2025-04-01,24.2,29.4,20.0,0.0,0.0,0.0,13.9,8.5,64
brasilia,Brasilia,DF,2025-04-02,24.4,29.8,19.6,0.0,0.0,0.0,17.3,9.2,61
brasilia,Brasilia,DF,2025-04-03,24.5,29.8,19.4,0.4,0.4,3.0,9.6,5.8,61
brasilia,Brasilia,DF,2025-04-04,23.8,28.1,21.1,1.6,1.6,4.0,19.1,8.4,66
brasilia,Brasilia,DF,2025-04-05,22.9,27.5,19.6,2.2,2.2,8.0,14.3,9.3,76
brasilia,Brasilia,DF,2025-04-06,22.8,28.0,18.8,0.4,0.4,3.0,22.5,14.9,70
brasilia,Brasilia,DF,2025-04-07,21.7,26.3,18.2,0.7,0.7,6.0,24.0,15.9,72
brasilia,Brasilia,DF,2025-04-08,21.8,26.5,18.0,0.2,0.2,2.0,18.1,9.9,74
brasilia,Brasilia,DF,2025-04-09,23.1,28.4,19.1,1.1,1.1,4.0,11.4,5.3,71
brasilia,Brasilia,DF,2025-04-10,22.1,26.8,19.4,10.7,10.7,16.0,10.0,4.6,82
brasilia,Brasilia,DF,2025-04-11,22.8,27.5,19.2,0.4,0.4,2.0,11.6,5.8,76
brasilia,Brasilia,DF,2025-04-12,22.7,27.7,18.0,1.8,1.8,3.0,13.5,7.1,70
brasilia,Brasilia,DF,2025-04-13,22.9,25.9,20.2,0.8,0.8,4.0,8.2,4.5,73
brasilia,Brasilia,DF,2025-04-14,21.7,26.2,19.2,18.8,18.8,11.0,11.4,4.6,83
brasilia,Brasilia,DF,2025-04-15,21.5,25.4,18.9,15.8,15.8,16.0,12.2,5.2,87
brasilia,Brasilia,DF,2025-04-16,22.0,25.8,19.3,0.5,0.5,4.0,11.3,6.4,83
brasilia,Brasilia,DF,2025-04-17,22.6,27.0,19.0,1.6,1.6,6.0,6.6,3.2,80
brasilia,Brasilia,DF,2025-04-18,21.8,26.8,18.7,9.5,9.5,10.0,11.8,5.4,86
brasilia,Brasilia,DF,2025-04-19,22.4,27.8,19.2,0.3,0.3,2.0,11.2,4.4,83
brasilia,Brasilia,DF,2025-04-20,22.6,26.7,19.3,0.9,0.9,6.0,8.6,4.7,80
brasilia,Brasilia,DF,2025-04-21,23.1,27.1,19.5,0.5,0.5,4.0,9.6,5.1,75
brasilia,Brasilia,DF,2025-04-22,22.9,26.9,19.9,1.1,1.1,6.0,13.1,7.1,78
brasilia,Brasilia,DF,2025-04-23,22.7,26.9,19.5,0.8,0.8,5.0,12.6,6.4,78
brasilia,Brasilia,DF,2025-04-24,23.1,27.5,19.4,0.8,0.8,6.0,10.3,6.3,71
brasilia,Brasilia,DF,2025-04-25,22.6,27.8,18.5,1.4,1.4,4.0,9.8,4.0,77
brasilia,Brasilia,DF,2025-04-26,22.9,27.7,19.5,2.9,2.9,4.0,6.9,2.9,78
brasilia,Brasilia,DF,2025-04-27,22.0,26.8,19.7,9.8,9.8,8.0,12.0,3.8,85
brasilia,Brasilia,DF,2025-04-28,21.7,26.4,18.8,12.3,12.3,9.0,10.2,4.8,85
brasilia,Brasilia,DF,2025-04-29,21.6,26.4,18.4,7.5,7.5,8.0,10.4,3.9,83
brasilia,Brasilia,DF,2025-04-30,21.1,26.0,18.4,6.4,6.4,11.0,10.8,6.1,86
brasilia,Brasilia,DF,2025-05-01,20.9,24.4,18.5,0.8,0.8,8.0,16.1,11.1,86
brasilia,Brasilia,DF,2025-05-02,20.7,24.6,17.9,1.5,1.5,8.0,16.0,11.6,82
brasilia,Brasilia,DF,2025-05-03,20.4,24.4,17.0,0.0,0.0,0.0,13.7,10.1,78
brasilia,Brasilia,DF,2025-05-04,20.0,25.0,16.2,0.0,0.0,0.0,13.3,9.5,70
brasilia,Brasilia,DF,2025-05-05,20.3,26.2,15.8,0.0,0.0,0.0,11.9,7.7,68
brasilia,Brasilia,DF,2025-05-06,21.6,27.2,16.7,0.9,0.9,4.0,11.2,7.1,69
brasilia,Brasilia,DF,2025-05-07,21.9,26.6,18.0,0.7,0.7,4.0,11.1,8.0,71
brasilia,Brasilia,DF,2025-05-08,22.0,27.0,18.0,0.0,0.0,0.0,13.2,9.4,67
brasilia,Brasilia,DF,2025-05-09,22.0,27.5,17.5,0.2,0.2,2.0,16.2,8.5,67
brasilia,Brasilia,DF,2025-05-10,22.6,27.3,18.4,0.0,0.0,0.0,9.9,5.6,67
brasilia,Brasilia,DF,2025-05-11,22.7,27.2,18.5,0.7,0.7,5.0,13.8,8.8,68
brasilia,Brasilia,DF,2025-05-12,21.9,25.8,18.5,0.3,0.3,3.0,18.0,12.3,65
brasilia,Brasilia,DF,2025-05-13,19.8,24.0,16.6,0.0,0.0,0.0,20.5,14.4,72
brasilia,Brasilia,DF,2025-05-14,18.8,23.0,15.7,0.6,0.6,5.0,20.7,14.1,77
brasilia,Brasilia,DF,2025-05-15,18.6,22.1,15.2,0.2,0.2,2.0,22.5,14.4,76
brasilia,Brasilia,DF,2025-05-16,18.6,22.5,15.1,0.6,0.6,4.0,21.3,16.1,75
brasilia,Brasilia,DF,2025-05-17,18.7,21.9,16.5,0.9,0.9,6.0,22.7,15.2,80
brasilia,Brasilia,DF,2025-05-18,18.6,22.9,14.9,0.0,0.0,0.0,21.1,13.5,73
brasilia,Brasilia,DF,2025-05-19,18.9,23.8,14.9,0.0,0.0,0.0,14.4,11.7,71
brasilia,Brasilia,DF,2025-05-20,19.0,24.1,14.6,0.0,0.0,0.0,10.8,8.1,66
brasilia,Brasilia,DF,2025-05-21,19.4,25.2,14.6,0.0,0.0,0.0,12.2,7.3,66
brasilia,Brasilia,DF,2025-05-22,20.2,25.5,15.9,0.3,0.3,3.0,12.1,6.2,69
brasilia,Brasilia,DF,2025-05-23,20.5,24.9,16.5,0.0,0.0,0.0,10.4,5.7,70
brasilia,Brasilia,DF,2025-05-24,21.2,26.0,17.5,0.0,0.0,0.0,13.1,8.4,64
brasilia,Brasilia,DF,2025-05-25,20.4,24.8,16.3,0.0,0.0,0.0,15.5,10.5,62
brasilia,Brasilia,DF,2025-05-26,19.8,25.0,15.1,0.0,0.0,0.0,13.2,10.2,61
brasilia,Brasilia,DF,2025-05-27,20.5,26.6,15.9,0.0,0.0,0.0,14.2,8.2,59
brasilia,Brasilia,DF,2025-05-28,21.4,27.0,16.7,0.0,0.0,0.0,10.7,6.7,60
brasilia,Brasilia,DF,2025-05-29,20.6,26.5,15.6,0.0,0.0,0.0,12.0,6.2,65
brasilia,Brasilia,DF,2025-05-30,19.8,25.9,14.4,0.0,0.0,0.0,9.2,6.7,70
brasilia,Brasilia,DF,2025-05-31,21.5,26.8,17.0,0.1,0.1,1.0,13.5,7.9,65
brasilia,Brasilia,DF,2025-06-01,21.0,24.9,17.4,0.7,0.7,3.0,15.2,9.8,72
brasilia,Brasilia,DF,2025-06-02,20.9,25.0,17.5,0.2,0.2,2.0,18.2,12.3,70
brasilia,Brasilia,DF,2025-06-03,20.5,25.0,17.0,0.2,0.2,2.0,17.1,11.3,73
brasilia,Brasilia,DF,2025-06-04,20.5,25.5,16.5,0.0,0.0,0.0,13.5,9.3,70
brasilia,Brasilia,DF,2025-06-05,20.9,26.0,16.8,0.0,0.0,0.0,14.1,8.3,67
brasilia,Brasilia,DF,2025-06-06,21.5,27.0,16.8,0.0,0.0,0.0,11.4,5.7,61
brasilia,Brasilia,DF,2025-06-07,21.7,27.8,16.9,0.0,0.0,0.0,11.7,6.7,56
brasilia,Brasilia,DF,2025-06-08,22.1,28.5,17.1,0.0,0.0,0.0,12.9,6.9,47
brasilia,Brasilia,DF,2025-06-09,22.2,28.1,17.2,0.0,0.0,0.0,14.8,7.8,45
brasilia,Brasilia,DF,2025-06-10,21.1,26.5,16.4,0.3,0.3,3.0,8.8,4.8,63
brasilia,Brasilia,DF,2025-06-11,21.2,27.8,16.2,0.0,0.0,0.0,13.8,8.7,62
brasilia,Brasilia,DF,2025-06-12,20.0,25.0,15.4,0.0,0.0,0.0,11.8,8.8,62
brasilia,Brasilia,DF,2025-06-13,19.3,23.8,15.8,1.1,1.1,5.0,17.9,13.1,70
brasilia,Brasilia,DF,2025-06-14,18.3,23.5,13.5,0.0,0.0,0.0,16.7,13.1,66
brasilia,Brasilia,DF,2025-06-15,18.2,24.0,12.6,0.0,0.0,0.0,11.1,9.4,61
brasilia,Brasilia,DF,2025-06-16,18.8,24.5,13.8,0.0,0.0,0.0,14.7,10.8,56
brasilia,Brasilia,DF,2025-06-17,18.8,25.1,13.1,0.0,0.0,0.0,15.7,10.6,60
brasilia,Brasilia,DF,2025-06-18,19.7,25.4,14.8,0.0,0.0,0.0,14.7,10.0,62
brasilia,Brasilia,DF,2025-06-19,19.7,24.1,15.8,0.4,0.4,3.0,18.5,10.2,62
brasilia,Brasilia,DF,2025-06-20,19.8,24.2,15.1,0.0,0.0,0.0,13.5,5.9,53
brasilia,Brasilia,DF,2025-06-21,21.0,27.0,15.6,0.0,0.0,0.0,8.8,4.3,48
brasilia,Brasilia,DF,2025-06-22,21.4,27.9,15.4,0.0,0.0,0.0,7.6,4.0,51
brasilia,Brasilia,DF,2025-06-23,22.6,29.0,17.0,0.0,0.0,0.0,9.3,4.0,47
brasilia,Brasilia,DF,2025-06-24,20.5,25.4,16.5,0.2,0.2,2.0,16.2,7.7,67
brasilia,Brasilia,DF,2025-06-25,19.6,25.3,14.5,0.1,0.1,1.0,14.2,11.1,72
brasilia,Brasilia,DF,2025-06-26,20.3,25.4,15.8,0.0,0.0,0.0,15.3,11.5,62
brasilia,Brasilia,DF,2025-06-27,20.5,26.5,15.8,0.0,0.0,0.0,12.6,8.5,58
brasilia,Brasilia,DF,2025-06-28,20.3,25.7,15.0,0.0,0.0,0.0,17.3,11.6,55
brasilia,Brasilia,DF,2025-06-29,21.2,27.5,15.4,0.0,0.0,0.0,9.8,6.4,53
brasilia,Brasilia,DF,2025-06-30,21.0,26.4,16.5,0.0,0.0,0.0,15.5,9.6,52
brasilia,Brasilia,DF,2025-07-01,20.4,26.0,15.5,0.0,0.0,0.0,14.7,9.3,47
brasilia,Brasilia,DF,2025-07-02,20.2,25.9,15.1,0.0,0.0,0.0,14.9,11.3,49
brasilia,Brasilia,DF,2025-07-03,19.3,24.6,14.6,0.0,0.0,0.0,17.7,12.9,51
brasilia,Brasilia,DF,2025-07-04,18.8,23.9,14.1,0.0,0.0,0.0,16.8,12.4,55
brasilia,Brasilia,DF,2025-07-05,18.7,23.8,13.8,0.0,0.0,0.0,14.8,9.8,55
brasilia,Brasilia,DF,2025-07-06,19.1,24.3,13.8,0.0,0.0,0.0,11.0,7.2,53
brasilia,Brasilia,DF,2025-07-07,19.6,25.5,14.4,0.0,0.0,0.0,11.8,8.5,46
brasilia,Brasilia,DF,2025-07-08,19.6,24.9,14.2,0.0,0.0,0.0,12.1,8.6,48
brasilia,Brasilia,DF,2025-07-09,19.6,25.0,14.4,0.0,0.0,0.0,13.4,9.4,45
brasilia,Brasilia,DF,2025-07-10,19.1,24.5,13.9,0.0,0.0,0.0,16.2,11.9,46
brasilia,Brasilia,DF,2025-07-11,18.5,23.0,13.9,0.2,0.2,2.0,18.8,11.7,53
brasilia,Brasilia,DF,2025-07-12,18.5,23.5,13.6,1.0,1.0,3.0,19.8,12.2,57
brasilia,Brasilia,DF,2025-07-13,18.4,23.2,13.7,0.2,0.2,1.0,18.0,11.6,58
brasilia,Brasilia,DF,2025-07-14,18.6,23.0,14.4,0.0,0.0,0.0,13.6,9.3,54
brasilia,Brasilia,DF,2025-07-15,18.9,24.2,14.0,0.0,0.0,0.0,15.0,9.7,49
brasilia,Brasilia,DF,2025-07-16,19.7,25.7,14.5,0.0,0.0,0.0,12.6,7.9,47
brasilia,Brasilia,DF,2025-07-17,19.5,25.0,14.1,0.0,0.0,0.0,11.4,7.3,48
brasilia,Brasilia,DF,2025-07-18,20.1,25.9,14.5,0.0,0.0,0.0,8.5,5.0,43
brasilia,Brasilia,DF,2025-07-19,20.7,26.6,14.8,0.0,0.0,0.0,10.6,5.6,41
brasilia,Brasilia,DF,2025-07-20,21.1,27.0,15.9,0.0,0.0,0.0,10.5,5.4,40
brasilia,Brasilia,DF,2025-07-21,21.3,26.9,16.0,0.0,0.0,0.0,12.6,8.4,46
brasilia,Brasilia,DF,2025-07-22,21.9,27.3,16.8,0.0,0.0,0.0,9.8,7.4,45
brasilia,Brasilia,DF,2025-07-23,22.0,27.5,16.5,0.0,0.0,0.0,10.8,6.5,44
brasilia,Brasilia,DF,2025-07-24,22.2,27.7,17.0,0.0,0.0,0.0,12.8,7.2,40
brasilia,Brasilia,DF,2025-07-25,22.3,28.0,17.1,0.0,0.0,0.0,10.5,8.0,43
brasilia,Brasilia,DF,2025-07-26,22.4,27.9,17.3,0.0,0.0,0.0,10.0,8.3,41
brasilia,Brasilia,DF,2025-07-27,22.2,27.7,17.3,0.0,0.0,0.0,14.4,9.1,40
brasilia,Brasilia,DF,2025-07-28,23.0,29.5,16.8,0.0,0.0,0.0,12.7,6.7,39
brasilia,Brasilia,DF,2025-07-29,22.6,28.9,16.5,0.0,0.0,0.0,15.9,7.5,45
brasilia,Brasilia,DF,2025-07-30,21.6,28.5,15.0,0.0,0.0,0.0,11.4,8.1,45
brasilia,Brasilia,DF,2025-07-31,21.9,28.0,16.9,0.0,0.0,0.0,14.6,11.1,39
brasilia,Brasilia,DF,2025-08-01,21.6,27.6,16.1,0.0,0.0,0.0,13.6,11.7,54
brasilia,Brasilia,DF,2025-08-02,20.6,26.5,14.9,0.0,0.0,0.0,14.8,11.3,45
brasilia,Brasilia,DF,2025-08-03,19.5,25.8,13.6,0.0,0.0,0.0,14.2,10.5,41
brasilia,Brasilia,DF,2025-08-04,21.1,27.6,15.0,0.0,0.0,0.0,10.2,6.6,40
brasilia,Brasilia,DF,2025-08-05,21.7,26.9,16.7,0.0,0.0,0.0,10.6,5.8,45
brasilia,Brasilia,DF,2025-08-06,21.6,27.1,15.8,0.0,0.0,0.0,13.6,8.8,46
brasilia,Brasilia,DF,2025-08-07,23.0,29.1,17.3,0.0,0.0,0.0,11.2,5.3,41
brasilia,Brasilia,DF,2025-08-08,23.6,28.5,18.1,0.0,0.0,0.0,9.0,4.3,36
brasilia,Brasilia,DF,2025-08-09,22.7,29.9,16.8,0.0,0.0,0.0,17.0,9.9,38
brasilia,Brasilia,DF,2025-08-10,21.3,28.8,14.3,0.0,0.0,0.0,16.1,9.5,39
brasilia,Brasilia,DF,2025-08-11,21.1,28.0,14.8,0.0,0.0,0.0,13.7,8.9,33
brasilia,Brasilia,DF,2025-08-12,20.6,28.2,13.5,0.0,0.0,0.0,10.3,6.9,25
brasilia,Brasilia,DF,2025-08-13,23.0,29.8,16.4,0.0,0.0,0.0,11.3,7.0,39
brasilia,Brasilia,DF,2025-08-14,24.0,29.6,18.5,0.0,0.0,0.0,14.2,7.6,43
brasilia,Brasilia,DF,2025-08-15,23.4,28.8,18.5,0.0,0.0,0.0,15.8,10.8,40
brasilia,Brasilia,DF,2025-08-16,22.1,27.7,16.5,0.0,0.0,0.0,16.8,12.6,40
brasilia,Brasilia,DF,2025-08-17,22.0,28.0,16.1,0.0,0.0,0.0,14.0,11.4,38
brasilia,Brasilia,DF,2025-08-18,22.7,28.5,17.5,0.0,0.0,0.0,14.2,10.4,37
brasilia,Brasilia,DF,2025-08-19,22.6,28.5,17.0,0.0,0.0,0.0,14.8,10.2,35
brasilia,Brasilia,DF,2025-08-20,22.8,29.0,16.9,0.0,0.0,0.0,13.6,10.0,37
brasilia,Brasilia,DF,2025-08-21,23.2,29.5,17.4,0.0,0.0,0.0,17.2,11.6,32
brasilia,Brasilia,DF,2025-08-22,22.9,29.5,16.6,0.0,0.0,0.0,15.5,9.7,30
brasilia,Brasilia,DF,2025-08-23,23.0,29.3,17.4,0.0,0.0,0.0,11.7,8.1,34
brasilia,Brasilia,DF,2025-08-24,23.5,29.5,18.1,0.0,0.0,0.0,12.1,8.8,36
brasilia,Brasilia,DF,2025-08-25,23.8,29.5,18.8,0.0,0.0,0.0,15.1,11.1,36
brasilia,Brasilia,DF,2025-08-26,23.8,29.3,18.5,0.0,0.0,0.0,16.3,10.8,38
brasilia,Brasilia,DF,2025-08-27,24.2,30.0,18.5,0.0,0.0,0.0,14.3,10.1,37
brasilia,Brasilia,DF,2025-08-28,24.1,29.8,18.4,0.0,0.0,0.0,13.9,10.2,34
brasilia,Brasilia,DF,2025-08-29,23.6,28.6,18.6,0.0,0.0,0.0,15.0,11.3,37
brasilia,Brasilia,DF,2025-08-30,22.2,27.5,16.5,0.0,0.0,0.0,15.5,11.3,47
brasilia,Brasilia,DF,2025-08-31,23.1,28.9,17.8,0.0,0.0,0.0,16.9,11.6,42
brasilia,Brasilia,DF,2025-09-01,22.9,28.2,18.0,0.0,0.0,0.0,17.3,13.3,43
brasilia,Brasilia,DF,2025-09-02,22.0,26.7,17.8,0.0,0.0,0.0,21.0,16.5,44
brasilia,Brasilia,DF,2025-09-03,20.6,25.5,16.2,0.0,0.0,0.0,23.8,16.4,52
brasilia,Brasilia,DF,2025-09-04,21.5,27.4,15.2,0.0,0.0,0.0,14.9,10.4,52
brasilia,Brasilia,DF,2025-09-05,23.4,28.2,17.7,0.0,0.0,0.0,14.1,7.2,43
brasilia,Brasilia,DF,2025-09-06,24.5,29.5,19.1,0.0,0.0,0.0,16.3,8.3,34
brasilia,Brasilia,DF,2025-09-07,24.4,30.3,19.2,0.0,0.0,0.0,17.1,10.3,29
brasilia,Brasilia,DF,2025-09-08,23.8,29.9,18.0,0.0,0.0,0.0,15.8,11.6,29
brasilia,Brasilia,DF,2025-09-09,25.5,33.6,18.0,0.0,0.0,0.0,17.4,7.5,30
brasilia,Brasilia,DF,2025-09-10,26.3,33.0,19.4,0.0,0.0,0.0,15.7,5.7,30
brasilia,Brasilia,DF,2025-09-11,26.5,32.7,20.0,0.0,0.0,0.0,15.8,8.8,25
brasilia,Brasilia,DF,2025-09-12,27.0,33.0,20.7,0.0,0.0,0.0,9.9,5.6,26
brasilia,Brasilia,DF,2025-09-13,27.1,32.1,21.3,0.0,0.0,0.0,11.8,6.0,25
brasilia,Brasilia,DF,2025-09-14,26.6,32.2,21.2,0.0,0.0,0.0,14.4,8.4,30
brasilia,Brasilia,DF,2025-09-15,26.4,31.4,21.1,0.0,0.0,0.0,14.2,8.1,34
brasilia,Brasilia,DF,2025-09-16,25.7,30.4,20.9,0.0,0.0,0.0,12.7,6.1,37
brasilia,Brasilia,DF,2025-09-17,23.9,26.8,21.2,0.6,0.6,3.0,12.8,5.0,47
brasilia,Brasilia,DF,2025-09-18,24.8,32.0,20.7,4.6,4.6,4.0,15.4,6.0,49
brasilia,Brasilia,DF,2025-09-19,23.1,27.7,20.4,2.8,2.8,7.0,16.0,9.5,58
brasilia,Brasilia,DF,2025-09-20,21.7,27.2,17.6,7.2,7.2,11.0,11.4,6.7,69
brasilia,Brasilia,DF,2025-09-21,25.4,31.2,19.2,0.1,0.1,1.0,13.0,8.3,48
brasilia,Brasilia,DF,2025-09-22,24.1,28.0,20.5,0.5,0.5,4.0,22.6,11.4,61
brasilia,Brasilia,DF,2025-09-23,22.5,27.6,19.0,13.3,13.3,6.0,18.1,7.1,76
brasilia,Brasilia,DF,2025-09-24,21.2,25.5,19.0,5.0,5.0,10.0,16.5,9.9,82
brasilia,Brasilia,DF,2025-09-25,21.5,25.6,18.0,1.9,1.9,6.0,21.7,14.8,71
brasilia,Brasilia,DF,2025-09-26,20.4,24.8,16.8,0.6,0.6,5.0,24.9,15.4,69
brasilia,Brasilia,DF,2025-09-27,20.6,26.5,15.1,0.0,0.0,0.0,14.7,11.9,61
brasilia,Brasilia,DF,2025-09-28,22.9,30.1,16.6,0.0,0.0,0.0,11.7,8.3,44
brasilia,Brasilia,DF,2025-09-29,24.7,31.4,17.8,0.0,0.0,0.0,15.0,8.4,31
brasilia,Brasilia,DF,2025-09-30,25.6,31.9,19.2,0.0,0.0,0.0,15.5,11.3,27
brasilia,Brasilia,DF,2025-10-01,25.5,31.5,19.0,0.0,0.0,0.0,15.7,10.6,32
brasilia,Brasilia,DF,2025-10-02,25.0,31.0,19.5,0.0,0.0,0.0,18.1,11.9,29
brasilia,Brasilia,DF,2025-10-03,24.0,30.1,17.9,0.0,0.0,0.0,17.1,13.3,34
brasilia,Brasilia,DF,2025-10-04,23.9,29.9,17.8,0.0,0.0,0.0,19.3,15.1,37
brasilia,Brasilia,DF,2025-10-05,24.3,30.2,18.1,0.0,0.0,0.0,16.8,12.2,38
brasilia,Brasilia,DF,2025-10-06,25.8,31.8,19.2,0.0,0.0,0.0,12.9,7.4,38
brasilia,Brasilia,DF,2025-10-07,27.4,32.2,21.0,0.0,0.0,0.0,9.7,5.6,31
brasilia,Brasilia,DF,2025-10-08,27.9,33.2,22.8,0.0,0.0,0.0,15.3,9.3,29
brasilia,Brasilia,DF,2025-10-09,26.1,30.6,21.2,0.0,0.0,0.0,18.0,12.9,35
brasilia,Brasilia,DF,2025-10-10,25.7,31.4,19.9,0.0,0.0,0.0,16.8,10.3,35
brasilia,Brasilia,DF,2025-10-11,25.5,31.3,20.6,0.1,0.1,1.0,14.2,7.6,37
brasilia,Brasilia,DF,2025-10-12,23.8,29.5,20.2,4.2,4.2,4.0,25.8,9.0,56
brasilia,Brasilia,DF,2025-10-13,22.6,28.3,18.5,17.1,17.1,10.0,12.0,6.2,68
brasilia,Brasilia,DF,2025-10-14,21.9,27.4,18.0,11.7,11.7,12.0,11.1,5.1,75
brasilia,Brasilia,DF,2025-10-15,22.9,27.1,19.9,4.0,4.0,6.0,12.2,5.0,74
brasilia,Brasilia,DF,2025-10-16,23.9,28.9,19.6,0.2,0.2,2.0,14.9,7.7,65
brasilia,Brasilia,DF,2025-10-17,25.0,30.4,20.1,0.0,0.0,0.0,12.3,6.7,56
brasilia,Brasilia,DF,2025-10-18,23.8,29.6,19.5,3.2,3.2,5.0,15.6,6.5,63
brasilia,Brasilia,DF,2025-10-19,22.3,28.2,18.5,5.0,5.0,8.0,15.5,7.6,73
brasilia,Brasilia,DF,2025-10-20,19.9,24.2,16.9,9.3,9.3,17.0,19.7,12.1,85
brasilia,Brasilia,DF,2025-10-21,17.1,20.2,14.8,1.4,1.4,10.0,25.1,18.9,81
brasilia,Brasilia,DF,2025-10-22,18.6,23.9,13.6,0.0,0.0,0.0,19.9,15.2,70
brasilia,Brasilia,DF,2025-10-23,19.8,25.5,14.9,0.0,0.0,0.0,21.9,13.8,63
brasilia,Brasilia,DF,2025-10-24,20.8,26.2,15.8,0.0,0.0,0.0,18.4,13.2,60
brasilia,Brasilia,DF,2025-10-25,22.3,27.8,17.0,0.3,0.3,3.0,13.3,8.8,56
brasilia,Brasilia,DF,2025-10-26,24.4,29.5,20.1,0.0,0.0,0.0,14.1,7.5,47
brasilia,Brasilia,DF,2025-10-27,25.3,30.0,20.9,0.0,0.0,0.0,15.7,8.8,43
brasilia,Brasilia,DF,2025-10-28,25.8,31.0,20.2,0.0,0.0,0.0,12.4,8.1,42
brasilia,Brasilia,DF,2025-10-29,27.0,32.0,21.5,0.4,0.4,3.0,14.9,5.0,38
brasilia,Brasilia,DF,2025-10-30,24.9,31.0,21.4,0.2,0.2,1.0,16.5,9.7,56
brasilia,Brasilia,DF,2025-10-31,21.6,24.7,19.8,7.3,7.3,8.0,10.7,7.4,79
brasilia,Brasilia,DF,2025-11-01,23.9,28.5,20.6,1.7,1.7,6.0,14.1,7.3,68
brasilia,Brasilia,DF,2025-11-02,24.9,30.6,20.0,0.1,0.1,1.0,11.1,6.9,62
brasilia,Brasilia,DF,2025-11-03,19.7,21.5,18.5,24.8,24.8,17.0,12.0,6.8,92
brasilia,Brasilia,DF,2025-11-04,22.0,26.0,19.1,8.0,8.0,4.0,12.2,6.9,79
brasilia,Brasilia,DF,2025-11-05,23.6,29.3,19.0,1.1,1.1,4.0,13.4,6.1,71
brasilia,Brasilia,DF,2025-11-06,23.6,29.3,18.7,0.1,0.1,1.0,12.6,6.0,67
brasilia,Brasilia,DF,2025-11-07,23.1,28.0,20.1,5.3,5.3,10.0,15.6,10.1,77
brasilia,Brasilia,DF,2025-11-08,22.2,25.5,20.4,5.8,5.8,8.0,19.5,13.6,80
brasilia,Brasilia,DF,2025-11-09,22.5,27.3,19.5,4.0,4.0,7.0,9.9,7.1,77
brasilia,Brasilia,DF,2025-11-10,23.2,28.4,20.5,2.5,2.5,9.0,16.2,10.9,77
brasilia,Brasilia,DF,2025-11-11,23.0,26.6,20.0,5.9,5.9,13.0,16.2,10.0,74
brasilia,Brasilia,DF,2025-11-12,23.7,27.9,19.1,2.4,2.4,8.0,13.8,9.8,63
brasilia,Brasilia,DF,2025-11-13,24.8,30.9,19.3,0.0,0.0,0.0,14.7,10.6,49
brasilia,Brasilia,DF,2025-11-14,25.5,31.6,19.6,0.0,0.0,0.0,13.4,8.6,46
brasilia,Brasilia,DF,2025-11-15,26.6,31.6,21.6,0.0,0.0,0.0,11.5,6.6,45
brasilia,Brasilia,DF,2025-11-16,26.4,31.8,22.0,0.4,0.4,4.0,12.1,6.3,47
brasilia,Brasilia,DF,2025-11-17,23.1,27.4,20.8,7.2,7.2,12.0,10.3,7.3,71
brasilia,Brasilia,DF,2025-11-18,23.9,30.2,18.8,1.9,1.9,4.0,18.5,8.8,65
brasilia,Brasilia,DF,2025-11-19,24.2,29.1,20.3,0.0,0.0,0.0,17.0,12.9,59
brasilia,Brasilia,DF,2025-11-20,24.9,30.7,18.0,0.0,0.0,0.0,13.4,8.3,44
brasilia,Brasilia,DF,2025-11-21,22.1,25.2,19.0,2.3,2.3,10.0,15.6,9.6,70
brasilia,Brasilia,DF,2025-11-22,21.8,26.8,18.5,4.9,4.9,7.0,14.6,7.6,77
brasilia,Brasilia,DF,2025-11-23,20.5,23.2,19.0,22.7,22.7,21.0,12.2,4.2,88
brasilia,Brasilia,DF,2025-11-24,21.7,26.5,18.6,14.6,14.6,12.0,10.3,6.0,83
brasilia,Brasilia,DF,2025-11-25,21.4,25.3,18.6,4.4,4.4,11.0,18.3,10.8,82
brasilia,Brasilia,DF,2025-11-26,21.2,25.9,18.3,5.2,5.2,15.0,10.9,4.3,84
brasilia,Brasilia,DF,2025-11-27,22.4,26.9,19.5,5.6,5.6,7.0,9.4,5.4,80
brasilia,Brasilia,DF,2025-11-28,21.9,26.5,18.5,2.4,2.4,7.0,10.2,5.9,80
brasilia,Brasilia,DF,2025-11-29,23.0,27.9,18.2,0.7,0.7,5.0,8.5,4.3,71
brasilia,Brasilia,DF,2025-11-30,23.4,28.4,19.6,0.4,0.4,4.0,12.6,7.0,70
brasilia,Brasilia,DF,2025-12-01,22.3,27.0,18.5,9.6,9.6,5.0,21.1,6.7,75
brasilia,Brasilia,DF,2025-12-02,20.9,25.5,19.0,8.1,8.1,10.0,11.2,4.2,87
brasilia,Brasilia,DF,2025-12-03,22.2,27.0,19.5,13.7,13.7,10.0,19.7,7.0,79
brasilia,Brasilia,DF,2025-12-04,21.1,23.9,19.5,12.3,12.3,11.0,14.9,8.5,85
brasilia,Brasilia,DF,2025-12-05,20.9,24.7,19.0,22.6,22.6,17.0,11.5,6.3,85
brasilia,Brasilia,DF,2025-12-06,19.8,22.1,18.5,45.1,45.1,23.0,6.4,4.1,92
brasilia,Brasilia,DF,2025-12-07,20.4,24.0,18.7,14.3,14.3,14.0,15.9,9.6,87
brasilia,Brasilia,DF,2025-12-08,20.3,23.5,17.9,8.2,8.2,22.0,14.2,7.9,86
brasilia,Brasilia,DF,2025-12-09,20.2,24.1,18.5,14.6,14.6,23.0,18.4,11.7,89
brasilia,Brasilia,DF,2025-12-10,20.9,24.2,19.0,7.5,7.5,17.0,21.5,14.5,87
brasilia,Brasilia,DF,2025-12-11,22.7,26.6,19.5,0.9,0.9,1.0,15.5,10.6,78
brasilia,Brasilia,DF,2025-12-12,22.9,27.1,18.8,3.1,3.1,9.0,13.8,6.9,80
brasilia,Brasilia,DF,2025-12-13,22.6,26.4,19.3,8.2,8.2,14.0,10.1,6.2,82
brasilia,Brasilia,DF,2025-12-14,22.1,25.8,18.9,23.2,23.2,19.0,10.5,4.2,85
brasilia,Brasilia,DF,2025-12-15,22.3,26.8,19.7,10.9,10.9,18.0,12.3,5.6,84
brasilia,Brasilia,DF,2025-12-16,21.1,23.9,19.8,19.8,19.8,19.0,7.9,4.3,90
brasilia,Brasilia,DF,2025-12-17,22.1,26.4,18.9,6.2,6.2,8.0,7.6,5.1,82
brasilia,Brasilia,DF,2025-12-18,20.9,23.9,18.9,24.1,24.1,20.0,11.0,6.2,89
brasilia,Brasilia,DF,2025-12-19,21.7,24.5,19.3,0.8,0.8,7.0,9.7,6.0,83
brasilia,Brasilia,DF,2025-12-20,21.5,25.0,19.1,11.0,11.0,10.0,10.0,5.6,81
brasilia,Brasilia,DF,2025-12-21,22.1,26.1,18.5,5.4,5.4,7.0,11.4,5.7,75
brasilia,Brasilia,DF,2025-12-22,21.8,26.4,17.6,0.8,0.8,3.0,15.4,10.1,75
brasilia,Brasilia,DF,2025-12-23,22.0,26.0,18.1,1.0,1.0,4.0,13.7,9.0,70
brasilia,Brasilia,DF,2025-12-24,22.4,27.5,18.4,0.6,0.6,2.0,18.9,8.7,70
brasilia,Brasilia,DF,2025-12-25,23.7,28.5,19.2,0.6,0.6,1.0,14.1,6.3,66
brasilia,Brasilia,DF,2025-12-26,24.8,30.7,19.0,0.0,0.0,0.0,13.0,6.6,60
brasilia,Brasilia,DF,2025-12-27,26.0,32.5,19.4,0.1,0.1,1.0,16.3,7.3,52
brasilia,Brasilia,DF,2025-12-28,24.4,30.4,20.0,17.6,17.6,3.0,8.3,3.5,63
brasilia,Brasilia,DF,2025-12-29,23.6,30.0,19.6,12.9,12.9,7.0,9.9,5.3,74
brasilia,Brasilia,DF,2025-12-30,23.0,28.9,20.0,15.0,15.0,5.0,7.5,4.7,76
brasilia,Brasilia,DF,2025-12-31,23.1,28.6,18.9,1.7,1.7,3.0,8.8,4.2,72
brasilia,Brasilia,DF,2026-01-01,24.1,28.6,19.0,0.2,0.2,2.0,9.7,3.4,68
brasilia,Brasilia,DF,2026-01-02,24.0,28.2,20.0,2.8,2.8,2.0,16.3,7.2,73
brasilia,Brasilia,DF,2026-01-03,22.0,27.0,19.6,11.9,11.9,13.0,17.4,11.8,83
brasilia,Brasilia,DF,2026-01-04,20.7,23.4,18.9,9.5,9.5,16.0,19.0,12.0,86
brasilia,Brasilia,DF,2026-01-05,20.2,23.8,18.8,16.4,16.4,12.0,14.4,9.0,87
brasilia,Brasilia,DF,2026-01-06,19.2,20.5,18.2,29.2,29.2,24.0,13.6,9.5,93
brasilia,Brasilia,DF,2026-01-07,20.4,25.0,18.0,10.3,10.3,13.0,15.5,8.5,85
brasilia,Brasilia,DF,2026-01-08,21.5,26.2,17.4,3.2,3.2,10.0,16.7,9.3,78
brasilia,Brasilia,DF,2026-01-09,22.7,26.5,19.0,1.4,1.4,6.0,16.4,10.0,74
brasilia,Brasilia,DF,2026-01-10,22.6,27.1,18.5,3.9,3.9,2.0,16.0,10.3,71
brasilia,Brasilia,DF,2026-01-11,22.4,26.9,17.6,1.1,1.1,1.0,15.0,9.2,69
brasilia,Brasilia,DF,2026-01-12,21.8,24.6,19.2,8.4,8.4,4.0,18.0,6.6,74
brasilia,Brasilia,DF,2026-01-13,21.8,26.2,18.1,0.3,0.3,2.0,10.0,6.0,72
brasilia,Brasilia,DF,2026-01-14,22.6,27.0,18.5,1.4,1.4,7.0,15.2,8.7,74
brasilia,Brasilia,DF,2026-01-15,22.7,27.5,18.8,0.5,0.5,4.0,14.9,8.6,71
brasilia,Brasilia,DF,2026-01-16,23.1,27.8,19.0,0.2,0.2,2.0,14.2,9.0,66
brasilia,Brasilia,DF,2026-01-17,24.3,29.8,18.8,0.0,0.0,0.0,12.4,6.9,58
brasilia,Brasilia,DF,2026-01-18,22.4,28.5,19.6,20.4,20.4,7.0,14.7,3.4,75
brasilia,Brasilia,DF,2026-01-19,21.6,25.8,18.4,7.3,7.3,11.0,15.0,10.4,81
brasilia,Brasilia,DF,2026-01-20,20.8,24.6,19.0,16.1,16.1,24.0,15.5,8.8,87
brasilia,Brasilia,DF,2026-01-21,20.8,24.7,18.5,19.2,19.2,18.0,19.0,12.0,84
brasilia,Brasilia,DF,2026-01-22,20.5,23.3,18.6,10.5,10.5,21.0,15.9,11.4,86
brasilia,Brasilia,DF,2026-01-23,20.7,23.9,18.6,12.4,12.4,17.0,16.4,10.2,87
brasilia,Brasilia,DF,2026-01-24,21.3,25.6,18.7,7.2,7.2,13.0,12.7,7.6,85
brasilia,Brasilia,DF,2026-01-25,20.4,22.6,18.2,16.3,16.3,11.0,11.6,5.9,89
brasilia,Brasilia,DF,2026-01-26,21.9,26.6,17.7,0.7,0.7,2.0,14.7,8.5,81
brasilia,Brasilia,DF,2026-01-27,22.6,26.8,19.0,0.1,0.1,1.0,13.6,9.3,73
brasilia,Brasilia,DF,2026-01-28,22.4,26.4,19.6,3.0,3.0,9.0,10.4,5.8,73
brasilia,Brasilia,DF,2026-01-29,22.0,27.1,17.8,0.4,0.4,4.0,11.4,4.8,77
brasilia,Brasilia,DF,2026-01-30,22.1,26.9,18.9,3.2,3.2,3.0,15.6,8.4,78
brasilia,Brasilia,DF,2026-01-31,22.6,27.4,19.1,1.8,1.8,8.0,17.4,9.3,79
brasilia,Brasilia,DF,2026-02-01,22.8,27.4,19.5,0.2,0.2,1.0,16.2,10.2,75
brasilia,Brasilia,DF,2026-02-02,22.4,26.1,19.3,18.8,18.8,12.0,11.1,6.3,80
brasilia,Brasilia,DF,2026-02-03,21.2,25.3,19.2,26.9,26.9,14.0,16.8,9.7,86
brasilia,Brasilia,DF,2026-02-04,21.0,24.5,18.5,15.4,15.4,19.0,11.8,7.3,87
brasilia,Brasilia,DF,2026-02-05,21.6,26.6,19.5,9.9,9.9,15.0,10.9,5.2,86
brasilia,Brasilia,DF,2026-02-06,22.5,27.3,18.4,5.2,5.2,8.0,9.7,4.7,79
brasilia,Brasilia,DF,2026-02-07,22.2,26.5,18.0,3.8,3.8,8.0,16.6,8.3,79
brasilia,Brasilia,DF,2026-02-08,22.5,26.1,19.2,4.2,4.2,8.0,17.9,10.2,77
brasilia,Brasilia,DF,2026-02-09,20.5,23.4,18.3,8.5,8.5,12.0,16.3,10.6,87
brasilia,Brasilia,DF,2026-02-10,21.1,25.2,18.6,2.1,2.1,12.0,16.7,8.1,82
brasilia,Brasilia,DF,2026-02-11,20.8,23.2,18.3,7.0,7.0,16.0,13.6,8.4,83
brasilia,Brasilia,DF,2026-02-12,21.9,26.1,18.4,1.5,1.5,8.0,16.6,8.4,78
brasilia,Brasilia,DF,2026-02-13,22.6,27.1,18.0,0.6,0.6,5.0,14.1,8.0,68
brasilia,Brasilia,DF,2026-02-14,23.7,28.1,19.6,0.6,0.6,3.0,17.8,10.0,67
brasilia,Brasilia,DF,2026-02-15,24.4,29.5,20.1,0.8,0.8,4.0,15.9,10.8,63
brasilia,Brasilia,DF,2026-02-16,24.5,29.2,20.3,0.2,0.2,2.0,16.9,11.1,59
brasilia,Brasilia,DF,2026-02-17,24.6,29.6,19.5,0.7,0.7,5.0,12.4,7.7,55
brasilia,Brasilia,DF,2026-02-18,23.2,29.2,19.6,3.9,3.9,10.0,14.0,5.2,66
brasilia,Brasilia,DF,2026-02-19,22.6,27.8,19.2,7.3,7.3,7.0,13.1,7.3,76
brasilia,Brasilia,DF,2026-02-20,21.3,26.0,19.5,13.7,13.7,14.0,15.8,8.7,84
brasilia,Brasilia,DF,2026-02-21,21.0,24.8,19.0,23.3,23.3,19.0,14.7,9.4,85
brasilia,Brasilia,DF,2026-02-22,21.1,24.3,19.0,14.6,14.6,14.0,14.3,9.9,85
brasilia,Brasilia,DF,2026-02-23,20.7,24.0,19.0,3.8,3.8,12.0,19.0,13.7,86
brasilia,Brasilia,DF,2026-02-24,21.3,24.9,19.0,1.1,1.1,9.0,20.7,13.9,84
brasilia,Brasilia,DF,2026-02-25,21.3,25.5,19.2,2.5,2.5,9.0,24.0,16.1,85
brasilia,Brasilia,DF,2026-02-26,21.3,24.1,19.5,4.5,4.5,17.0,25.6,18.0,85
brasilia,Brasilia,DF,2026-02-27,21.6,26.4,19.4,14.2,14.2,12.0,13.5,9.7,86
brasilia,Brasilia,DF,2026-02-28,21.7,26.4,19.1,8.6,8.6,17.0,12.4,7.2,84
brasilia,Brasilia,DF,2026-03-01,22.7,28.0,18.5,1.2,1.2,4.0,10.8,5.0,75
brasilia,Brasilia,DF,2026-03-02,23.0,27.8,19.1,0.9,0.9,8.0,12.8,6.7,71
brasilia,Brasilia,DF,2026-03-03,21.8,27.0,18.0,3.4,3.4,9.0,13.8,5.6,82
brasilia,Brasilia,DF,2026-03-04,22.6,27.8,18.8,2.1,2.1,9.0,10.7,6.0,78
brasilia,Brasilia,DF,2026-03-05,23.2,28.2,19.5,2.1,2.1,10.0,16.0,9.4,72
brasilia,Brasilia,DF,2026-03-06,21.7,26.0,19.6,10.8,10.8,21.0,19.5,11.0,84
brasilia,Brasilia,DF,2026-03-07,21.7,26.4,18.4,2.6,2.6,10.0,13.9,6.5,83
brasilia,Brasilia,DF,2026-03-08,22.5,27.4,20.0,4.1,4.1,8.0,11.2,5.4,81
brasilia,Brasilia,DF,2026-03-09,22.9,27.1,20.0,2.2,2.2,8.0,14.5,5.2,76
brasilia,Brasilia,DF,2026-03-10,23.1,27.9,18.8,5.5,5.5,2.0,12.3,6.1,76
brasilia,Brasilia,DF,2026-03-11,22.9,28.9,19.4,2.0,2.0,7.0,10.8,4.8,80
brasilia,Brasilia,DF,2026-03-12,21.1,24.4,18.9,19.1,19.1,10.0,15.5,7.2,89
brasilia,Brasilia,DF,2026-03-13,22.3,26.8,19.4,0.1,0.1,1.0,17.7,9.6,80
brasilia,Brasilia,DF,2026-03-14,22.1,26.0,19.1,2.6,2.6,9.0,15.0,8.5,82
brasilia,Brasilia,DF,2026-03-15,22.4,27.1,18.8,8.3,8.3,8.0,8.9,4.3,80
brasilia,Brasilia,DF,2026-03-16,21.6,25.4,19.2,20.8,20.8,13.0,9.7,3.9,86
brasilia,Brasilia,DF,2026-03-17,21.6,25.5,19.1,8.7,8.7,18.0,7.4,3.9,85
brasilia,Brasilia,DF,2026-03-18,21.4,26.1,18.0,9.2,9.2,13.0,9.0,4.8,84
brasilia,Brasilia,DF,2026-03-19,22.3,27.0,18.5,0.8,0.8,6.0,13.5,6.0,81
brasilia,Brasilia,DF,2026-03-20,22.3,26.6,19.7,7.8,7.8,10.0,12.7,7.0,78
brasilia,Brasilia,DF,2026-03-21,22.0,26.0,19.1,17.9,17.9,10.0,11.8,6.2,81
brasilia,Brasilia,DF,2026-03-22,22.0,26.8,19.0,20.2,20.2,12.0,11.6,6.2,83
brasilia,Brasilia,DF,2026-03-23,22.9,28.4,18.0,0.6,0.6,6.0,11.3,5.5,75
brasilia,Brasilia,DF,2026-03-24,21.4,25.4,18.4,2.3,2.3,4.0,10.9,5.7,79
brasilia,Brasilia,DF,2026-03-25,20.2,23.9,17.2,1.1,1.1,5.0,12.7,6.8,83
brasilia,Brasilia,DF,2026-03-26,20.2,24.5,17.6,14.7,14.7,11.0,12.4,7.6,88
brasilia,Brasilia,DF,2026-03-27,21.3,25.8,18.2,1.3,1.3,8.0,21.2,13.5,80
brasilia,Brasilia,DF,2026-03-28,21.4,26.2,17.8,0.0,0.0,0.0,20.4,12.9,74
brasilia,Brasilia,DF,2026-03-29,21.4,25.9,17.5,0.0,0.0,0.0,14.4,12.0,75
brasilia,Brasilia,DF,2026-03-30,21.6,26.2,17.8,0.5,0.5,5.0,12.5,7.0,71
brasilia,Brasilia,DF,2026-03-31,21.9,26.0,18.3,2.6,2.6,5.0,15.4,5.2,74
brasilia,Brasilia,DF,2026-04-01,20.1,23.3,17.7,28.2,28.2,10.0,14.0,4.6,88
brasilia,Brasilia,DF,2026-04-02,20.5,25.0,17.7,10.9,10.9,12.0,9.6,5.1,87
brasilia,Brasilia,DF,2026-04-03,21.2,24.8,18.6,6.2,6.2,11.0,12.3,8.1,85
brasilia,Brasilia,DF,2026-04-04,22.3,26.6,18.7,0.3,0.3,2.0,11.7,7.9,76
brasilia,Brasilia,DF,2026-04-05,22.8,26.9,19.3,0.3,0.3,2.0,11.7,5.9,75
brasilia,Brasilia,DF,2026-04-06,22.6,27.0,19.8,0.5,0.5,4.0,15.3,8.0,77
brasilia,Brasilia,DF,2026-04-07,22.0,27.1,19.4,12.9,12.9,7.0,14.0,5.5,82
brasilia,Brasilia,DF,2026-04-08,22.3,27.1,19.2,10.1,10.1,7.0,10.6,4.3,79
brasilia,Brasilia,DF,2026-04-09,21.3,25.9,19.4,17.7,17.7,10.0,9.8,4.2,86
brasilia,Brasilia,DF,2026-04-10,22.0,26.4,17.5,0.9,0.9,6.0,10.1,5.5,82
brasilia,Brasilia,DF,2026-04-11,22.3,25.9,19.4,0.5,0.5,3.0,16.7,10.1,81
brasilia,Brasilia,DF,2026-04-12,21.6,25.5,18.5,0.9,0.9,7.0,19.8,13.3,79
brasilia,Brasilia,DF,2026-04-13,20.8,24.4,17.8,0.5,0.5,4.0,16.3,10.2,81
brasilia,Brasilia,DF,2026-04-14,21.2,25.1,17.7,0.8,0.8,7.0,13.4,8.7,80
brasilia,Brasilia,DF,2026-04-15,21.4,25.8,18.4,2.2,2.2,9.0,11.0,7.1,79
brasilia,Brasilia,DF,2026-04-16,21.7,25.8,19.2,5.1,5.1,12.0,12.8,6.3,78
brasilia,Brasilia,DF,2026-04-17,21.3,25.2,19.0,0.5,0.5,3.0,7.6,3.4,81
brasilia,Brasilia,DF,2026-04-18,22.4,27.5,17.9,0.7,0.7,3.0,9.6,4.4,73
brasilia,Brasilia,DF,2026-04-19,23.0,28.0,17.8,0.0,0.0,0.0,7.5,3.5,63
brasilia,Brasilia,DF,2026-04-20,23.0,27.4,18.4,0.6,0.6,4.0,9.6,4.3,65
brasilia,Brasilia,DF,2026-04-21,23.3,27.9,19.5,0.0,0.0,0.0,9.8,5.8,67
brasilia,Brasilia,DF,2026-04-22,22.9,27.1,19.3,0.2,0.2,2.0,12.1,7.7,66
brasilia,Brasilia,DF,2026-04-23,22.4,27.2,18.6,0.2,0.2,2.0,14.4,10.2,66
brasilia,Brasilia,DF,2026-04-24,22.2,27.4,17.7,0.0,0.0,0.0,13.2,6.6,64
brasilia,Brasilia,DF,2026-04-25,22.8,28.0,18.1,0.1,0.1,1.0,9.2,4.6,67
brasilia,Brasilia,DF,2026-04-26,22.5,26.9,18.4,1.6,1.6,5.0,12.6,4.3,71
brasilia,Brasilia,DF,2026-04-27,23.1,27.5,19.0,1.5,1.5,7.0,12.2,3.9,72
brasilia,Brasilia,DF,2026-04-28,23.1,27.8,18.9,0.1,0.1,1.0,11.3,6.4,65
brasilia,Brasilia,DF,2026-04-29,22.4,27.4,18.5,0.0,0.0,0.0,12.4,8.1,61
brasilia,Brasilia,DF,2026-04-30,21.7,27.2,16.9,0.0,0.0,0.0,16.6,10.2,63
brasilia,Brasilia,DF,2026-05-01,21.7,26.4,17.5,0.0,0.0,0.0,21.4,11.9,67
brasilia,Brasilia,DF,2026-05-02,22.5,27.8,17.8,0.0,0.0,0.0,8.9,6.4,67
brasilia,Brasilia,DF,2026-05-03,23.0,27.2,18.8,0.0,0.0,0.0,16.8,9.8,64
brasilia,Brasilia,DF,2026-05-04,21.5,24.4,18.8,1.6,1.6,9.0,16.7,9.6,68
brasilia,Brasilia,DF,2026-05-05,21.3,26.5,16.9,0.0,0.0,0.0,16.0,11.3,65
brasilia,Brasilia,DF,2026-05-06,20.8,25.5,16.7,0.0,0.0,0.0,23.1,12.1,68
brasilia,Brasilia,DF,2026-05-07,21.8,27.7,17.2,0.0,0.0,0.0,16.0,9.2,66
brasilia,Brasilia,DF,2026-05-08,22.0,26.7,17.9,0.2,0.2,2.0,9.3,6.2,66
brasilia,Brasilia,DF,2026-05-09,22.4,28.0,18.2,0.0,0.0,0.0,10.5,7.2,61
brasilia,Brasilia,DF,2026-05-10,22.6,28.5,17.6,0.0,0.0,0.0,16.6,4.8,58
brasilia,Brasilia,DF,2026-05-11,20.8,26.8,15.9,0.0,0.0,0.0,15.4,8.8,71
brasilia,Brasilia,DF,2026-05-12,21.3,26.6,16.4,0.1,0.1,1.0,11.5,6.7,71
brasilia,Brasilia,DF,2026-05-13,22.0,26.0,18.7,0.0,0.0,0.0,8.1,3.7,68
brasilia,Brasilia,DF,2026-05-14,22.5,27.2,18.5,0.0,0.0,0.0,5.7,3.5,65
brasilia,Brasilia,DF,2026-05-15,22.2,26.7,18.1,0.4,0.4,2.0,8.9,4.5,67
goiania,Goiania,GO,2021-01-01,24.1,29.5,19.8,4.5,4.5,4.0,14.0,5.8,76
goiania,Goiania,GO,2021-01-02,24.3,30.1,20.1,0.2,0.2,1.0,11.5,5.9,72
goiania,Goiania,GO,2021-01-03,24.0,28.7,19.5,2.0,2.0,3.0,17.5,7.7,72
goiania,Goiania,GO,2021-01-04,22.9,25.7,20.1,8.4,8.4,8.0,13.5,8.1,78
goiania,Goiania,GO,2021-01-05,24.1,29.6,17.8,0.0,0.0,0.0,7.6,4.4,71
goiania,Goiania,GO,2021-01-06,25.6,30.6,20.2,1.1,1.1,3.0,9.1,5.9,68
goiania,Goiania,GO,2021-01-07,24.7,30.4,21.0,5.8,5.8,8.0,16.3,6.8,77
goiania,Goiania,GO,2021-01-08,25.5,31.4,19.8,0.0,0.0,0.0,11.0,8.5,68
goiania,Goiania,GO,2021-01-09,26.3,32.0,21.5,0.4,0.4,3.0,11.2,6.4,65
goiania,Goiania,GO,2021-01-10,24.2,29.7,20.8,17.4,17.4,16.0,17.1,6.4,81
goiania,Goiania,GO,2021-01-11,23.6,29.2,20.2,6.5,6.5,8.0,13.2,6.5,83
goiania,Goiania,GO,2021-01-12,23.5,27.0,19.5,0.6,0.6,3.0,7.5,4.0,82
goiania,Goiania,GO,2021-01-13,24.3,30.5,20.2,1.2,1.2,3.0,14.8,5.2,80
goiania,Goiania,GO,2021-01-14,22.4,25.5,20.1,16.4,16.4,16.0,8.9,5.0,87
goiania,Goiania,GO,2021-01-15,24.0,28.5,21.0,3.2,3.2,15.0,12.7,6.2,80
goiania,Goiania,GO,2021-01-16,22.5,25.3,20.5,4.9,4.9,17.0,7.5,3.8,85
goiania,Goiania,GO,2021-01-17,22.5,26.4,19.6,7.3,7.3,8.0,10.0,5.3,82
goiania,Goiania,GO,2021-01-18,23.5,27.8,20.3,7.3,7.3,11.0,9.4,4.7,81
goiania,Goiania,GO,2021-01-19,23.0,28.0,19.7,10.4,10.4,9.0,10.3,4.8,82
goiania,Goiania,GO,2021-01-20,23.6,28.5,18.2,0.4,0.4,4.0,10.0,5.7,75
goiania,Goiania,GO,2021-01-21,24.6,29.6,20.0,0.2,0.2,2.0,9.9,6.7,62
goiania,Goiania,GO,2021-01-22,25.1,30.7,19.1,0.0,0.0,0.0,12.1,7.1,59
goiania,Goiania,GO,2021-01-23,25.1,30.1,19.8,0.1,0.1,1.0,8.5,5.8,60
goiania,Goiania,GO,2021-01-24,25.3,30.9,19.4,0.0,0.0,0.0,9.6,6.4,57
goiania,Goiania,GO,2021-01-25,24.8,29.5,18.2,0.0,0.0,0.0,8.7,5.5,58
goiania,Goiania,GO,2021-01-26,24.6,30.7,19.5,0.0,0.0,0.0,15.1,6.2,68
goiania,Goiania,GO,2021-01-27,24.8,29.4,20.9,1.3,1.3,3.0,12.4,6.8,66
goiania,Goiania,GO,2021-01-28,24.1,29.8,19.4,0.6,0.6,4.0,8.2,4.1,71
goiania,Goiania,GO,2021-01-29,24.9,31.3,17.0,0.0,0.0,0.0,7.6,5.1,60
goiania,Goiania,GO,2021-01-30,25.8,31.8,18.8,0.2,0.2,2.0,9.3,6.1,55
goiania,Goiania,GO,2021-01-31,26.7,31.2,21.5,0.2,0.2,2.0,9.0,4.1,58
goiania,Goiania,GO,2021-02-01,25.2,31.1,20.2,2.3,2.3,7.0,13.0,5.6,72
goiania,Goiania,GO,2021-02-02,24.7,33.2,20.6,4.0,4.0,4.0,15.8,7.8,75
goiania,Goiania,GO,2021-02-03,24.9,30.5,20.5,6.8,6.8,7.0,10.4,5.6,74
goiania,Goiania,GO,2021-02-04,24.8,30.0,20.1,2.6,2.6,3.0,9.5,5.3,73
goiania,Goiania,GO,2021-02-05,23.9,29.0,20.5,18.0,18.0,10.0,15.8,7.6,83
goiania,Goiania,GO,2021-02-06,22.0,24.4,20.6,37.8,37.8,20.0,19.5,10.0,90
goiania,Goiania,GO,2021-02-07,22.0,26.1,20.1,46.0,46.0,22.0,11.4,6.8,89
goiania,Goiania,GO,2021-02-08,22.1,26.6,18.8,5.3,5.3,11.0,10.2,6.3,84
goiania,Goiania,GO,2021-02-09,22.2,27.0,17.0,0.3,0.3,2.0,8.9,5.6,82
goiania,Goiania,GO,2021-02-10,23.0,28.0,18.1,5.5,5.5,7.0,10.4,4.9,79
goiania,Goiania,GO,2021-02-11,22.8,27.8,18.7,19.6,19.6,17.0,10.8,5.6,84
goiania,Goiania,GO,2021-02-12,21.9,24.7,19.5,11.8,11.8,19.0,7.7,4.3,91
goiania,Goiania,GO,2021-02-13,23.2,28.0,18.4,6.3,6.3,7.0,10.2,5.6,75
goiania,Goiania,GO,2021-02-14,23.2,27.8,20.8,16.0,16.0,14.0,10.4,5.1,83
goiania,Goiania,GO,2021-02-15,23.4,28.0,19.8,6.5,6.5,15.0,14.4,8.8,84
goiania,Goiania,GO,2021-02-16,23.3,27.6,20.0,1.7,1.7,5.0,12.4,7.7,84
goiania,Goiania,GO,2021-02-17,22.7,27.4,20.2,6.9,6.9,15.0,13.5,6.0,89
goiania,Goiania,GO,2021-02-18,23.0,27.8,19.5,5.9,5.9,10.0,11.2,6.4,86
goiania,Goiania,GO,2021-02-19,23.4,27.4,20.2,5.8,5.8,18.0,9.2,6.6,86
goiania,Goiania,GO,2021-02-20,23.2,27.5,20.1,1.7,1.7,12.0,13.3,6.4,86
goiania,Goiania,GO,2021-02-21,22.7,27.1,20.1,11.3,11.3,18.0,11.6,7.5,86
goiania,Goiania,GO,2021-02-22,23.1,28.1,19.7,8.2,8.2,14.0,9.7,5.1,84
goiania,Goiania,GO,2021-02-23,23.5,28.8,18.5,0.4,0.4,3.0,9.9,4.5,77
goiania,Goiania,GO,2021-02-24,23.5,28.9,18.5,0.2,0.2,2.0,9.7,6.4,80
goiania,Goiania,GO,2021-02-25,23.3,29.0,19.1,9.0,9.0,4.0,9.8,5.5,83
goiania,Goiania,GO,2021-02-26,21.8,25.0,19.9,25.7,25.7,21.0,12.0,5.2,91
goiania,Goiania,GO,2021-02-27,21.5,24.2,20.1,15.9,15.9,21.0,8.9,5.1,90
goiania,Goiania,GO,2021-02-28,21.5,24.2,19.2,1.6,1.6,9.0,15.2,8.1,83
goiania,Goiania,GO,2021-03-01,22.4,26.4,18.6,3.8,3.8,12.0,14.5,7.2,78
goiania,Goiania,GO,2021-03-02,22.2,24.7,20.0,2.4,2.4,13.0,9.7,4.8,85
goiania,Goiania,GO,2021-03-03,23.7,29.1,18.5,1.6,1.6,5.0,12.1,5.8,76
goiania,Goiania,GO,2021-03-04,22.8,27.6,19.9,3.7,3.7,9.0,9.7,4.7,85
goiania,Goiania,GO,2021-03-05,22.8,28.0,18.5,6.9,6.9,6.0,13.5,6.1,84
goiania,Goiania,GO,2021-03-06,22.8,27.0,19.5,0.2,0.2,1.0,10.9,5.8,81
goiania,Goiania,GO,2021-03-07,22.2,26.2,19.8,5.2,5.2,10.0,7.4,4.4,83
goiania,Goiania,GO,2021-03-08,21.3,24.4,18.8,7.7,7.7,17.0,8.8,4.4,87
goiania,Goiania,GO,2021-03-09,21.9,26.7,19.4,5.7,5.7,11.0,12.4,6.0,86
goiania,Goiania,GO,2021-03-10,21.9,26.5,18.9,2.5,2.5,5.0,12.5,6.5,87
goiania,Goiania,GO,2021-03-11,22.1,26.7,17.7,1.0,1.0,3.0,14.1,7.4,85
goiania,Goiania,GO,2021-03-12,23.1,28.5,18.9,0.0,0.0,0.0,12.6,4.3,82
goiania,Goiania,GO,2021-03-13,23.1,28.3,19.5,15.5,15.5,13.0,15.0,4.5,85
goiania,Goiania,GO,2021-03-14,22.5,26.5,19.8,10.8,10.8,14.0,9.4,4.8,84
goiania,Goiania,GO,2021-03-15,22.7,28.0,19.0,0.2,0.2,2.0,8.8,5.2,84
goiania,Goiania,GO,2021-03-16,22.7,26.8,19.9,0.9,0.9,6.0,5.9,4.0,84
goiania,Goiania,GO,2021-03-17,21.6,24.2,18.6,3.3,3.3,9.0,8.7,4.5,87
goiania,Goiania,GO,2021-03-18,22.3,27.1,19.2,7.1,7.1,7.0,10.1,5.0,85
goiania,Goiania,GO,2021-03-19,22.1,26.6,19.4,6.5,6.5,8.0,14.0,5.3,87
goiania,Goiania,GO,2021-03-20,22.4,26.6,18.5,1.9,1.9,4.0,12.0,6.1,83
goiania,Goiania,GO,2021-03-21,22.6,28.1,18.5,0.2,0.2,1.0,12.8,8.6,77
goiania,Goiania,GO,2021-03-22,22.7,28.2,18.0,0.5,0.5,2.0,14.4,7.6,76
goiania,Goiania,GO,2021-03-23,23.0,29.4,16.7,0.0,0.0,0.0,9.4,6.3,68
goiania,Goiania,GO,2021-03-24,23.2,30.0,16.9,0.0,0.0,0.0,11.3,7.7,67
goiania,Goiania,GO,2021-03-25,23.7,29.9,18.5,0.0,0.0,0.0,12.4,7.2,62
goiania,Goiania,GO,2021-03-26,22.7,29.5,15.0,0.0,0.0,0.0,10.2,6.5,59
goiania,Goiania,GO,2021-03-27,22.8,29.4,16.6,0.0,0.0,0.0,7.4,4.4,59
goiania,Goiania,GO,2021-03-28,22.8,29.5,16.4,0.0,0.0,0.0,10.8,6.5,62
goiania,Goiania,GO,2021-03-29,23.8,30.6,17.8,0.0,0.0,0.0,11.2,5.7,63
goiania,Goiania,GO,2021-03-30,24.3,29.2,19.8,0.0,0.0,0.0,8.2,4.8,65
goiania,Goiania,GO,2021-03-31,24.1,29.1,18.6,0.0,0.0,0.0,9.1,5.5,67
goiania,Goiania,GO,2021-04-01,23.8,29.5,18.0,0.0,0.0,0.0,9.6,6.0,73
goiania,Goiania,GO,2021-04-02,24.0,29.5,19.5,5.7,5.7,4.0,11.3,4.4,75
goiania,Goiania,GO,2021-04-03,23.3,28.5,19.8,6.0,6.0,6.0,11.0,6.9,81
goiania,Goiania,GO,2021-04-04,23.0,28.0,19.5,2.5,2.5,7.0,10.0,5.9,85
goiania,Goiania,GO,2021-04-05,23.0,28.5,19.4,10.2,10.2,9.0,12.0,5.7,85
goiania,Goiania,GO,2021-04-06,22.7,27.4,19.8,8.4,8.4,14.0,13.8,6.7,85
goiania,Goiania,GO,2021-04-07,21.9,26.5,18.5,5.3,5.3,12.0,8.0,5.2,88
goiania,Goiania,GO,2021-04-08,22.0,26.0,19.5,0.5,0.5,5.0,17.9,11.2,77
goiania,Goiania,GO,2021-04-09,22.1,27.6,18.8,0.4,0.4,4.0,15.7,10.0,69
goiania,Goiania,GO,2021-04-10,21.2,27.6,16.1,0.0,0.0,0.0,12.4,8.0,68
goiania,Goiania,GO,2021-04-11,20.8,27.4,14.6,0.0,0.0,0.0,8.0,5.9,69
goiania,Goiania,GO,2021-04-12,22.1,28.1,15.9,0.0,0.0,0.0,7.8,5.3,69
goiania,Goiania,GO,2021-04-13,22.3,29.0,17.2,0.0,0.0,0.0,9.5,7.2,65
goiania,Goiania,GO,2021-04-14,22.0,29.1,15.3,0.0,0.0,0.0,9.5,6.5,62
goiania,Goiania,GO,2021-04-15,22.5,28.7,16.3,0.0,0.0,0.0,8.7,5.7,65
goiania,Goiania,GO,2021-04-16,22.6,28.0,18.0,0.0,0.0,0.0,8.9,6.1,67
goiania,Goiania,GO,2021-04-17,22.3,26.8,17.9,0.0,0.0,0.0,7.9,4.0,69
goiania,Goiania,GO,2021-04-18,22.0,27.0,18.2,2.2,2.2,5.0,11.9,4.8,81
goiania,Goiania,GO,2021-04-19,22.2,27.0,17.5,0.4,0.4,1.0,8.8,4.4,79
goiania,Goiania,GO,2021-04-20,21.0,26.9,16.1,0.0,0.0,0.0,8.7,6.3,69
goiania,Goiania,GO,2021-04-21,19.8,26.8,13.9,0.0,0.0,0.0,9.4,6.7,64
goiania,Goiania,GO,2021-04-22,20.4,26.4,14.6,0.0,0.0,0.0,9.0,5.0,57
goiania,Goiania,GO,2021-04-23,20.9,27.8,14.2,0.0,0.0,0.0,7.3,4.3,61
goiania,Goiania,GO,2021-04-24,21.9,28.7,15.9,0.0,0.0,0.0,8.3,4.5,63
goiania,Goiania,GO,2021-04-25,21.8,27.8,15.8,0.0,0.0,0.0,8.0,4.8,68
goiania,Goiania,GO,2021-04-26,22.5,28.2,17.0,0.0,0.0,0.0,8.0,4.2,64
goiania,Goiania,GO,2021-04-27,22.5,27.4,18.9,0.1,0.1,1.0,9.7,6.6,66
goiania,Goiania,GO,2021-04-28,22.2,27.9,16.6,0.0,0.0,0.0,13.0,8.7,65
goiania,Goiania,GO,2021-04-29,21.7,27.6,15.9,1.9,1.9,7.0,12.1,7.4,66
goiania,Goiania,GO,2021-04-30,21.8,27.4,18.5,2.1,2.1,8.0,11.3,6.6,83
goiania,Goiania,GO,2021-05-01,20.8,23.8,18.0,0.4,0.4,3.0,11.4,8.0,79
goiania,Goiania,GO,2021-05-02,21.2,27.2,16.4,0.0,0.0,0.0,13.3,8.4,70
goiania,Goiania,GO,2021-05-03,20.1,27.0,14.6,0.0,0.0,0.0,13.0,8.3,63
goiania,Goiania,GO,2021-05-04,20.0,27.5,13.9,0.0,0.0,0.0,13.0,8.4,63
goiania,Goiania,GO,2021-05-05,20.2,27.2,14.1,0.0,0.0,0.0,11.4,7.7,63
goiania,Goiania,GO,2021-05-06,21.1,27.3,14.4,0.0,0.0,0.0,9.0,5.2,66
goiania,Goiania,GO,2021-05-07,21.1,26.9,16.2,0.0,0.0,0.0,10.9,7.9,64
goiania,Goiania,GO,2021-05-08,20.1,25.8,15.3,0.0,0.0,0.0,15.6,10.1,70
goiania,Goiania,GO,2021-05-09,21.9,28.7,15.2,0.0,0.0,0.0,13.9,8.2,63
goiania,Goiania,GO,2021-05-10,20.8,26.9,15.6,0.0,0.0,0.0,17.6,9.2,62
goiania,Goiania,GO,2021-05-11,20.3,26.6,14.1,0.0,0.0,0.0,12.2,6.8,58
goiania,Goiania,GO,2021-05-12,21.1,28.2,14.1,0.0,0.0,0.0,11.2,8.3,57
goiania,Goiania,GO,2021-05-13,21.2,27.1,14.8,0.0,0.0,0.0,14.0,6.6,55
goiania,Goiania,GO,2021-05-14,21.1,27.7,14.1,0.0,0.0,0.0,10.2,6.1,59
goiania,Goiania,GO,2021-05-15,21.4,28.0,14.9,0.0,0.0,0.0,7.8,4.8,57
goiania,Goiania,GO,2021-05-16,21.2,28.0,14.9,0.0,0.0,0.0,10.6,6.0,60
goiania,Goiania,GO,2021-05-17,21.3,27.6,15.4,0.0,0.0,0.0,13.6,7.5,60
goiania,Goiania,GO,2021-05-18,20.9,27.7,15.3,0.0,0.0,0.0,10.3,7.6,58
goiania,Goiania,GO,2021-05-19,21.2,27.8,15.6,0.0,0.0,0.0,8.8,4.7,52
goiania,Goiania,GO,2021-05-20,21.6,28.7,14.1,0.0,0.0,0.0,9.0,6.1,51
goiania,Goiania,GO,2021-05-21,22.0,29.1,15.1,0.0,0.0,0.0,8.8,5.3,55
goiania,Goiania,GO,2021-05-22,22.7,30.5,15.4,0.0,0.0,0.0,17.5,8.7,60
goiania,Goiania,GO,2021-05-23,22.3,28.9,17.1,0.0,0.0,0.0,12.6,6.7,68
goiania,Goiania,GO,2021-05-24,21.8,27.5,17.8,0.0,0.0,0.0,10.8,8.0,73
goiania,Goiania,GO,2021-05-25,22.5,29.8,15.9,0.0,0.0,0.0,10.8,8.3,63
goiania,Goiania,GO,2021-05-26,23.3,29.9,16.8,0.1,0.1,1.0,7.9,5.9,63
goiania,Goiania,GO,2021-05-27,23.9,30.2,17.6,0.0,0.0,0.0,8.7,6.2,62
goiania,Goiania,GO,2021-05-28,24.7,30.3,19.0,0.1,0.1,1.0,14.6,8.5,58
goiania,Goiania,GO,2021-05-29,23.8,28.5,18.5,0.8,0.8,3.0,10.3,6.3,60
goiania,Goiania,GO,2021-05-30,23.5,28.7,17.8,0.2,0.2,2.0,7.9,5.6,62
goiania,Goiania,GO,2021-05-31,23.7,30.1,17.8,0.0,0.0,0.0,17.0,7.0,60
goiania,Goiania,GO,2021-06-01,22.9,29.5,16.5,0.0,0.0,0.0,8.6,5.3,62
goiania,Goiania,GO,2021-06-02,23.0,29.5,15.9,0.0,0.0,0.0,8.9,6.3,56
goiania,Goiania,GO,2021-06-03,23.0,29.1,16.5,0.0,0.0,0.0,12.6,8.1,54
goiania,Goiania,GO,2021-06-04,22.2,29.3,16.2,0.0,0.0,0.0,20.2,11.2,53
goiania,Goiania,GO,2021-06-05,22.1,29.0,15.9,0.0,0.0,0.0,18.4,9.3,52
goiania,Goiania,GO,2021-06-06,22.6,28.4,17.3,0.0,0.0,0.0,9.2,6.3,57
goiania,Goiania,GO,2021-06-07,22.3,29.2,16.5,0.0,0.0,0.0,12.2,6.9,54
goiania,Goiania,GO,2021-06-08,22.7,29.6,15.9,0.0,0.0,0.0,8.6,6.1,53
goiania,Goiania,GO,2021-06-09,23.2,30.0,16.7,0.0,0.0,0.0,9.4,5.8,52
goiania,Goiania,GO,2021-06-10,24.4,30.4,18.1,0.0,0.0,0.0,11.5,6.0,48
goiania,Goiania,GO,2021-06-11,20.8,23.5,18.6,0.0,0.0,0.0,11.1,8.0,70
goiania,Goiania,GO,2021-06-12,21.5,27.9,16.5,0.0,0.0,0.0,17.0,10.1,68
goiania,Goiania,GO,2021-06-13,22.0,28.4,15.6,0.0,0.0,0.0,13.3,7.7,60
goiania,Goiania,GO,2021-06-14,22.0,28.1,18.4,5.0,5.0,6.0,12.4,6.4,69
goiania,Goiania,GO,2021-06-15,21.8,28.3,17.4,0.0,0.0,0.0,10.9,5.6,64
goiania,Goiania,GO,2021-06-16,20.6,27.8,15.6,0.0,0.0,0.0,10.8,5.8,50
goiania,Goiania,GO,2021-06-17,19.4,27.6,11.9,0.0,0.0,0.0,13.3,8.7,47
goiania,Goiania,GO,2021-06-18,20.1,28.4,12.4,0.0,0.0,0.0,10.8,7.6,45
goiania,Goiania,GO,2021-06-19,21.7,29.1,15.1,0.0,0.0,0.0,13.0,8.7,48
goiania,Goiania,GO,2021-06-20,22.1,28.9,14.6,0.0,0.0,0.0,13.7,5.9,55
goiania,Goiania,GO,2021-06-21,21.7,29.4,15.1,0.0,0.0,0.0,10.4,7.6,56
goiania,Goiania,GO,2021-06-22,22.1,29.8,14.6,0.0,0.0,0.0,10.8,7.3,48
goiania,Goiania,GO,2021-06-23,22.3,29.5,15.4,0.0,0.0,0.0,15.7,8.8,50
goiania,Goiania,GO,2021-06-24,22.4,29.5,15.1,0.0,0.0,0.0,14.9,8.2,50
goiania,Goiania,GO,2021-06-25,22.8,29.5,17.0,0.0,0.0,0.0,10.8,6.5,46
goiania,Goiania,GO,2021-06-26,20.9,27.5,14.8,0.0,0.0,0.0,17.9,11.3,45
goiania,Goiania,GO,2021-06-27,19.7,27.1,12.8,0.0,0.0,0.0,9.9,6.7,43
goiania,Goiania,GO,2021-06-28,20.0,26.9,14.0,0.0,0.0,0.0,11.4,7.2,47
goiania,Goiania,GO,2021-06-29,15.8,21.2,12.3,0.0,0.0,0.0,16.1,12.5,67
goiania,Goiania,GO,2021-06-30,14.0,21.4,8.1,0.0,0.0,0.0,14.8,11.4,44
goiania,Goiania,GO,2021-07-01,16.9,26.4,8.9,0.0,0.0,0.0,11.4,9.4,41
goiania,Goiania,GO,2021-07-02,20.1,27.9,13.4,0.0,0.0,0.0,15.2,8.7,51
goiania,Goiania,GO,2021-07-03,19.9,26.8,13.8,0.0,0.0,0.0,11.6,8.0,50
goiania,Goiania,GO,2021-07-04,18.5,25.4,12.4,0.0,0.0,0.0,17.7,9.7,47
goiania,Goiania,GO,2021-07-05,18.6,26.3,11.2,0.0,0.0,0.0,11.7,7.8,46
goiania,Goiania,GO,2021-07-06,18.9,26.7,11.4,0.0,0.0,0.0,9.9,6.8,48
goiania,Goiania,GO,2021-07-07,19.6,27.9,11.9,0.0,0.0,0.0,8.9,6.1,43
goiania,Goiania,GO,2021-07-08,19.3,27.7,11.6,0.0,0.0,0.0,8.4,5.7,44
goiania,Goiania,GO,2021-07-09,20.3,28.1,12.7,0.0,0.0,0.0,12.0,7.3,42
goiania,Goiania,GO,2021-07-10,20.8,27.6,15.0,0.0,0.0,0.0,13.2,8.1,36
goiania,Goiania,GO,2021-07-11,19.5,26.9,12.4,0.0,0.0,0.0,10.9,7.6,41
goiania,Goiania,GO,2021-07-12,20.4,28.4,12.9,0.0,0.0,0.0,12.6,8.6,41
goiania,Goiania,GO,2021-07-13,21.2,28.2,15.1,0.0,0.0,0.0,15.0,9.4,40
goiania,Goiania,GO,2021-07-14,20.6,27.8,13.4,0.0,0.0,0.0,17.3,8.6,41
goiania,Goiania,GO,2021-07-15,21.8,29.0,14.3,0.0,0.0,0.0,9.4,6.9,43
goiania,Goiania,GO,2021-07-16,22.3,29.9,14.7,0.0,0.0,0.0,10.2,5.8,41
goiania,Goiania,GO,2021-07-17,22.7,30.5,14.4,0.0,0.0,0.0,13.3,7.4,41
goiania,Goiania,GO,2021-07-18,22.3,29.9,15.2,0.0,0.0,0.0,21.8,10.7,46
goiania,Goiania,GO,2021-07-19,19.6,26.8,14.4,0.0,0.0,0.0,16.9,13.3,41
goiania,Goiania,GO,2021-07-20,19.8,29.5,11.3,0.0,0.0,0.0,11.3,7.9,25
goiania,Goiania,GO,2021-07-21,21.8,30.1,12.8,0.0,0.0,0.0,16.7,9.1,36
goiania,Goiania,GO,2021-07-22,23.2,29.9,16.6,0.0,0.0,0.0,17.7,11.3,42
goiania,Goiania,GO,2021-07-23,21.3,27.6,15.3,0.0,0.0,0.0,20.8,13.0,43
goiania,Goiania,GO,2021-07-24,20.4,28.0,14.1,0.0,0.0,0.0,14.8,10.3,43
goiania,Goiania,GO,2021-07-25,20.8,28.5,13.9,0.0,0.0,0.0,14.8,8.2,39
goiania,Goiania,GO,2021-07-26,21.7,29.0,15.2,0.0,0.0,0.0,14.9,8.1,41
goiania,Goiania,GO,2021-07-27,22.7,29.5,14.6,0.0,0.0,0.0,13.0,8.8,39
goiania,Goiania,GO,2021-07-28,21.5,28.6,14.2,0.0,0.0,0.0,22.9,11.3,50
goiania,Goiania,GO,2021-07-29,16.0,23.0,10.8,0.0,0.0,0.0,16.8,13.7,36
goiania,Goiania,GO,2021-07-30,18.2,27.3,10.6,0.0,0.0,0.0,13.2,9.9,29
goiania,Goiania,GO,2021-07-31,21.6,30.2,13.1,0.0,0.0,0.0,10.2,7.7,30
goiania,Goiania,GO,2021-08-01,22.7,30.2,16.4,0.0,0.0,0.0,15.0,8.9,46
goiania,Goiania,GO,2021-08-02,21.8,29.0,15.2,0.0,0.0,0.0,10.8,8.1,46
goiania,Goiania,GO,2021-08-03,21.8,29.3,14.6,0.0,0.0,0.0,12.3,8.3,44
goiania,Goiania,GO,2021-08-04,22.2,29.1,14.8,0.0,0.0,0.0,12.9,8.4,36
goiania,Goiania,GO,2021-08-05,22.3,28.6,16.4,0.0,0.0,0.0,21.3,13.1,36
goiania,Goiania,GO,2021-08-06,21.4,27.2,16.6,0.0,0.0,0.0,17.3,12.4,43
goiania,Goiania,GO,2021-08-07,22.0,27.4,17.7,0.0,0.0,0.0,19.0,11.3,44
goiania,Goiania,GO,2021-08-08,21.6,28.5,15.6,0.0,0.0,0.0,17.1,8.9,41
goiania,Goiania,GO,2021-08-09,22.6,30.5,15.0,0.0,0.0,0.0,14.2,8.1,37
goiania,Goiania,GO,2021-08-10,23.6,30.5,16.8,0.0,0.0,0.0,9.3,6.4,38
goiania,Goiania,GO,2021-08-11,23.9,31.2,16.2,0.0,0.0,0.0,13.4,7.2,32
goiania,Goiania,GO,2021-08-12,23.4,31.8,15.0,0.0,0.0,0.0,11.5,7.1,29
goiania,Goiania,GO,2021-08-13,24.3,32.0,17.0,0.0,0.0,0.0,17.1,9.9,33
goiania,Goiania,GO,2021-08-14,24.7,32.2,18.1,0.0,0.0,0.0,13.0,8.4,31
goiania,Goiania,GO,2021-08-15,24.6,32.5,17.0,0.0,0.0,0.0,10.2,7.1,30
goiania,Goiania,GO,2021-08-16,25.4,33.0,17.3,0.0,0.0,0.0,15.5,8.8,28
goiania,Goiania,GO,2021-08-17,26.0,33.3,19.4,0.0,0.0,0.0,17.0,10.1,27
goiania,Goiania,GO,2021-08-18,25.0,31.8,18.5,0.0,0.0,0.0,18.4,11.7,35
goiania,Goiania,GO,2021-08-19,23.1,30.0,16.9,0.0,0.0,0.0,20.8,12.7,35
goiania,Goiania,GO,2021-08-20,23.4,29.9,17.1,0.0,0.0,0.0,16.8,9.9,33
goiania,Goiania,GO,2021-08-21,23.5,30.5,15.9,0.0,0.0,0.0,15.9,9.0,33
goiania,Goiania,GO,2021-08-22,24.8,32.0,17.9,0.0,0.0,0.0,13.8,7.9,34
goiania,Goiania,GO,2021-08-23,25.5,32.8,17.9,0.0,0.0,0.0,11.3,6.6,31
goiania,Goiania,GO,2021-08-24,26.3,33.5,19.1,0.0,0.0,0.0,14.5,8.3,30
goiania,Goiania,GO,2021-08-25,26.8,33.9,19.5,0.0,0.0,0.0,15.3,7.2,28
goiania,Goiania,GO,2021-08-26,27.3,34.9,18.6,0.0,0.0,0.0,16.6,7.8,27
goiania,Goiania,GO,2021-08-27,27.4,34.3,19.7,0.0,0.0,0.0,13.0,9.2,28
goiania,Goiania,GO,2021-08-28,26.4,32.8,20.5,0.0,0.0,0.0,17.5,12.0,34
goiania,Goiania,GO,2021-08-29,25.4,32.5,19.6,0.0,0.0,0.0,21.0,12.0,41
goiania,Goiania,GO,2021-08-30,24.1,30.0,19.0,0.0,0.0,0.0,20.1,12.1,46
goiania,Goiania,GO,2021-08-31,24.6,30.6,18.8,0.0,0.0,0.0,22.1,13.0,38
goiania,Goiania,GO,2021-09-01,24.2,29.6,19.0,0.0,0.0,0.0,16.9,12.1,40
goiania,Goiania,GO,2021-09-02,24.7,31.8,18.0,0.0,0.0,0.0,15.1,8.2,35
goiania,Goiania,GO,2021-09-03,25.1,32.3,17.7,0.0,0.0,0.0,11.2,7.2,31
goiania,Goiania,GO,2021-09-04,26.1,34.2,17.5,0.0,0.0,0.0,12.9,7.5,26
goiania,Goiania,GO,2021-09-05,27.4,35.2,19.0,0.0,0.0,0.0,14.3,8.1,24
goiania,Goiania,GO,2021-09-06,28.3,35.7,20.9,0.0,0.0,0.0,16.8,6.3,26
goiania,Goiania,GO,2021-09-07,29.5,37.6,22.7,0.0,0.0,0.0,14.1,8.3,25
goiania,Goiania,GO,2021-09-08,29.8,36.1,24.1,0.0,0.0,0.0,19.9,9.8,25
goiania,Goiania,GO,2021-09-09,28.5,35.8,21.2,0.0,0.0,0.0,15.5,8.2,34
goiania,Goiania,GO,2021-09-10,27.5,33.2,22.1,0.2,0.2,2.0,16.1,10.3,47
goiania,Goiania,GO,2021-09-11,28.9,36.7,21.6,0.0,0.0,0.0,14.3,9.6,38
goiania,Goiania,GO,2021-09-12,29.3,37.3,20.9,0.0,0.0,0.0,17.9,10.7,31
goiania,Goiania,GO,2021-09-13,28.9,36.9,21.1,0.0,0.0,0.0,14.3,9.3,21
goiania,Goiania,GO,2021-09-14,27.7,34.8,20.3,0.0,0.0,0.0,9.7,6.8,26
goiania,Goiania,GO,2021-09-15,28.6,34.9,22.1,0.0,0.0,0.0,8.9,5.4,29
goiania,Goiania,GO,2021-09-16,29.2,37.3,20.4,0.0,0.0,0.0,16.6,10.8,27
goiania,Goiania,GO,2021-09-17,28.2,35.0,22.5,0.0,0.0,0.0,23.9,13.9,24
goiania,Goiania,GO,2021-09-18,26.9,35.3,18.5,0.0,0.0,0.0,18.6,10.1,22
goiania,Goiania,GO,2021-09-19,28.3,37.0,19.1,0.0,0.0,0.0,16.3,11.2,18
goiania,Goiania,GO,2021-09-20,29.7,38.0,20.2,0.0,0.0,0.0,14.3,9.0,20
goiania,Goiania,GO,2021-09-21,30.4,37.5,21.9,0.0,0.0,0.0,11.2,6.7,22
goiania,Goiania,GO,2021-09-22,30.7,37.9,22.6,0.0,0.0,0.0,15.8,8.3,23
goiania,Goiania,GO,2021-09-23,30.5,36.5,24.3,0.0,0.0,0.0,18.8,12.6,30
goiania,Goiania,GO,2021-09-24,29.2,34.8,23.8,0.1,0.1,1.0,13.4,8.0,36
goiania,Goiania,GO,2021-09-25,26.5,33.5,20.7,0.7,0.7,3.0,13.7,5.6,55
goiania,Goiania,GO,2021-09-26,23.8,28.1,19.5,3.0,3.0,5.0,10.6,6.3,62
goiania,Goiania,GO,2021-09-27,26.4,33.6,20.6,0.0,0.0,0.0,17.6,8.1,44
goiania,Goiania,GO,2021-09-28,27.9,35.0,21.1,0.0,0.0,0.0,12.4,7.1,39
goiania,Goiania,GO,2021-09-29,28.6,35.2,21.7,0.0,0.0,0.0,14.5,7.1,35
goiania,Goiania,GO,2021-09-30,28.0,34.0,22.1,0.0,0.0,0.0,9.7,6.1,42
goiania,Goiania,GO,2021-10-01,28.1,34.1,23.0,0.2,0.2,1.0,16.0,8.8,44
goiania,Goiania,GO,2021-10-02,26.0,34.0,20.2,0.5,0.5,2.0,15.1,10.4,58
goiania,Goiania,GO,2021-10-03,27.2,33.5,20.7,0.0,0.0,0.0,14.3,6.9,49
goiania,Goiania,GO,2021-10-04,28.3,35.7,22.5,0.2,0.2,2.0,17.7,8.0,49
goiania,Goiania,GO,2021-10-05,26.7,32.2,20.9,0.3,0.3,1.0,14.2,9.7,59
goiania,Goiania,GO,2021-10-06,29.7,36.0,23.1,0.0,0.0,0.0,14.4,7.5,40
goiania,Goiania,GO,2021-10-07,28.8,35.7,21.3,0.0,0.0,0.0,20.8,10.0,37
goiania,Goiania,GO,2021-10-08,27.4,35.0,22.4,0.0,0.0,0.0,18.0,10.3,52
goiania,Goiania,GO,2021-10-09,26.7,33.6,21.8,0.6,0.6,2.0,12.5,6.6,59
goiania,Goiania,GO,2021-10-10,25.0,30.8,20.9,20.7,20.7,12.0,12.9,6.9,71
goiania,Goiania,GO,2021-10-11,23.0,27.0,20.0,29.7,29.7,21.0,13.4,9.0,83
goiania,Goiania,GO,2021-10-12,24.1,29.8,20.0,4.0,4.0,9.0,11.6,5.4,78
goiania,Goiania,GO,2021-10-13,25.7,31.0,19.9,0.7,0.7,2.0,11.5,7.6,66
goiania,Goiania,GO,2021-10-14,24.4,29.0,20.2,7.6,7.6,10.0,20.6,10.1,75
goiania,Goiania,GO,2021-10-15,26.1,33.5,19.6,2.0,2.0,4.0,17.6,9.1,64
goiania,Goiania,GO,2021-10-16,24.1,29.3,20.4,10.1,10.1,7.0,14.0,6.6,75
goiania,Goiania,GO,2021-10-17,25.2,31.5,20.1,0.9,0.9,3.0,15.3,4.7,70
goiania,Goiania,GO,2021-10-18,23.2,27.5,20.1,2.1,2.1,8.0,8.5,4.8,77
goiania,Goiania,GO,2021-10-19,23.6,28.6,20.9,3.9,3.9,8.0,12.2,6.6,79
goiania,Goiania,GO,2021-10-20,23.4,29.4,19.0,3.9,3.9,9.0,13.2,6.4,79
goiania,Goiania,GO,2021-10-21,24.1,30.1,19.4,0.3,0.3,2.0,16.6,7.5,71
goiania,Goiania,GO,2021-10-22,24.9,31.5,17.9,0.2,0.2,1.0,14.1,5.9,59
goiania,Goiania,GO,2021-10-23,25.6,31.6,19.5,0.7,0.7,4.0,15.4,11.9,64
goiania,Goiania,GO,2021-10-24,24.5,31.5,20.8,5.9,5.9,2.0,18.5,11.6,71
goiania,Goiania,GO,2021-10-25,23.7,31.5,19.1,8.9,8.9,7.0,16.4,7.1,72
goiania,Goiania,GO,2021-10-26,24.1,31.0,19.9,9.0,9.0,10.0,18.7,9.7,78
goiania,Goiania,GO,2021-10-27,25.1,31.5,20.8,11.7,11.7,8.0,14.0,7.8,74
goiania,Goiania,GO,2021-10-28,25.6,32.5,19.4,0.2,0.2,1.0,14.5,8.9,62
goiania,Goiania,GO,2021-10-29,25.9,33.0,19.9,0.7,0.7,1.0,12.9,7.9,55
goiania,Goiania,GO,2021-10-30,24.0,29.1,20.0,1.2,1.2,6.0,12.9,6.7,71
goiania,Goiania,GO,2021-10-31,22.6,26.8,19.9,7.1,7.1,12.0,17.5,6.7,80
goiania,Goiania,GO,2021-11-01,22.4,27.0,19.3,7.3,7.3,12.0,24.2,10.8,83
goiania,Goiania,GO,2021-11-02,21.6,25.8,19.2,5.4,5.4,13.0,16.3,7.7,87
goiania,Goiania,GO,2021-11-03,22.2,26.7,19.3,4.6,4.6,7.0,15.5,8.2,86
goiania,Goiania,GO,2021-11-04,22.2,26.5,19.1,14.5,14.5,8.0,12.8,7.1,87
goiania,Goiania,GO,2021-11-05,23.9,28.9,19.0,0.4,0.4,4.0,10.0,6.0,78
goiania,Goiania,GO,2021-11-06,24.7,29.9,19.4,0.2,0.2,2.0,10.8,6.7,76
goiania,Goiania,GO,2021-11-07,24.0,30.7,19.8,9.4,9.4,6.0,15.5,6.3,77
goiania,Goiania,GO,2021-11-08,23.0,28.2,19.9,6.4,6.4,8.0,10.7,4.3,84
goiania,Goiania,GO,2021-11-09,23.3,29.1,19.3,3.2,3.2,6.0,12.1,5.5,82
goiania,Goiania,GO,2021-11-10,22.7,29.2,20.0,12.1,12.1,11.0,12.6,7.6,84
goiania,Goiania,GO,2021-11-11,21.9,23.9,20.5,6.5,6.5,13.0,14.1,6.9,89
goiania,Goiania,GO,2021-11-12,21.9,26.6,19.6,23.8,23.8,18.0,12.4,5.0,89
goiania,Goiania,GO,2021-11-13,21.9,26.0,19.2,13.8,13.8,10.0,11.2,6.7,87
goiania,Goiania,GO,2021-11-14,22.2,27.8,18.6,2.6,2.6,6.0,16.3,7.6,83
goiania,Goiania,GO,2021-11-15,22.3,27.9,18.9,3.5,3.5,9.0,15.5,8.9,80
goiania,Goiania,GO,2021-11-16,21.9,27.2,19.3,3.5,3.5,9.0,17.8,8.7,85
goiania,Goiania,GO,2021-11-17,22.3,27.2,20.2,16.3,16.3,11.0,11.4,6.2,84
goiania,Goiania,GO,2021-11-18,21.4,24.0,20.0,15.7,15.7,22.0,11.6,5.5,91
goiania,Goiania,GO,2021-11-19,22.9,27.0,20.0,1.6,1.6,5.0,13.5,6.8,84
goiania,Goiania,GO,2021-11-20,23.9,28.9,20.1,10.2,10.2,5.0,12.9,5.2,81
goiania,Goiania,GO,2021-11-21,22.9,27.0,19.4,6.4,6.4,8.0,11.2,4.9,85
goiania,Goiania,GO,2021-11-22,23.3,29.5,19.3,4.5,4.5,9.0,13.3,4.7,84
goiania,Goiania,GO,2021-11-23,24.3,29.2,19.4,3.8,3.8,8.0,22.4,4.9,80
goiania,Goiania,GO,2021-11-24,25.0,30.5,19.5,0.6,0.6,4.0,8.9,5.9,73
goiania,Goiania,GO,2021-11-25,25.8,31.8,19.5,0.0,0.0,0.0,10.5,6.8,58
goiania,Goiania,GO,2021-11-26,24.6,28.8,21.2,1.0,1.0,6.0,14.8,8.0,68
goiania,Goiania,GO,2021-11-27,24.6,30.4,21.2,12.8,12.8,4.0,23.1,12.6,73
goiania,Goiania,GO,2021-11-28,23.4,27.5,19.8,17.7,17.7,17.0,26.8,11.3,82
goiania,Goiania,GO,2021-11-29,23.8,28.0,20.0,0.5,0.5,5.0,14.2,8.3,79
goiania,Goiania,GO,2021-11-30,23.3,28.9,20.1,1.4,1.4,4.0,22.5,9.8,83
goiania,Goiania,GO,2021-12-01,23.7,29.2,19.8,10.1,10.1,7.0,12.3,7.0,81
goiania,Goiania,GO,2021-12-02,23.2,27.8,19.7,4.6,4.6,7.0,10.8,5.6,84
goiania,Goiania,GO,2021-12-03,23.9,29.0,19.2,1.3,1.3,7.0,8.6,3.8,81
goiania,Goiania,GO,2021-12-04,23.7,28.9,19.5,0.7,0.7,2.0,11.8,6.0,80
goiania,Goiania,GO,2021-12-05,23.6,28.8,18.9,1.6,1.6,4.0,12.3,7.4,79
goiania,Goiania,GO,2021-12-06,23.4,28.9,18.9,3.8,3.8,6.0,13.8,7.0,81
goiania,Goiania,GO,2021-12-07,23.2,28.1,18.9,3.4,3.4,5.0,12.0,6.5,81
goiania,Goiania,GO,2021-12-08,23.4,29.0,18.0,0.3,0.3,3.0,14.8,7.3,68
goiania,Goiania,GO,2021-12-09,23.8,29.3,18.0,0.0,0.0,0.0,11.8,6.7,65
goiania,Goiania,GO,2021-12-10,24.5,29.6,19.3,0.0,0.0,0.0,9.8,4.3,73
goiania,Goiania,GO,2021-12-11,24.1,29.7,19.5,2.6,2.6,5.0,21.6,5.8,73
goiania,Goiania,GO,2021-12-12,23.8,29.2,20.3,17.8,17.8,12.0,17.3,10.0,81
goiania,Goiania,GO,2021-12-13,23.4,28.2,20.5,13.9,13.9,7.0,14.0,8.6,83
goiania,Goiania,GO,2021-12-14,22.1,24.2,20.6,10.8,10.8,20.0,13.1,9.4,91
goiania,Goiania,GO,2021-12-15,22.5,25.7,20.4,4.6,4.6,16.0,11.2,7.4,85
goiania,Goiania,GO,2021-12-16,23.3,26.3,20.4,0.0,0.0,0.0,13.5,8.4,77
goiania,Goiania,GO,2021-12-17,23.7,27.8,20.9,7.0,7.0,10.0,15.1,8.5,79
goiania,Goiania,GO,2021-12-18,23.9,28.6,20.4,7.9,7.9,9.0,5.9,4.0,80
goiania,Goiania,GO,2021-12-19,23.0,27.5,19.6,24.5,24.5,15.0,11.1,5.3,85
goiania,Goiania,GO,2021-12-20,23.4,28.9,20.4,4.0,4.0,15.0,10.5,4.7,84
goiania,Goiania,GO,2021-12-21,23.6,28.8,19.0,1.3,1.3,6.0,10.8,4.4,81
goiania,Goiania,GO,2021-12-22,24.2,29.0,20.0,0.9,0.9,5.0,12.4,7.0,80
goiania,Goiania,GO,2021-12-23,23.0,28.0,20.4,19.3,19.3,14.0,16.3,7.7,88
goiania,Goiania,GO,2021-12-24,21.9,24.6,19.5,6.5,6.5,9.0,12.0,5.1,88
goiania,Goiania,GO,2021-12-25,22.7,28.0,16.9,0.5,0.5,4.0,11.8,6.4,75
goiania,Goiania,GO,2021-12-26,23.7,29.8,17.2,0.1,0.1,1.0,9.0,5.5,68
goiania,Goiania,GO,2021-12-27,24.6,30.9,18.1,0.0,0.0,0.0,15.3,6.3,62
goiania,Goiania,GO,2021-12-28,23.7,27.4,20.4,0.9,0.9,5.0,13.8,9.3,78
goiania,Goiania,GO,2021-12-29,23.1,27.6,19.4,4.8,4.8,11.0,11.1,7.7,82
goiania,Goiania,GO,2021-12-30,21.1,23.3,19.7,19.4,19.4,24.0,13.5,7.2,90
goiania,Goiania,GO,2021-12-31,21.4,25.8,19.4,10.7,10.7,12.0,20.0,12.1,87
goiania,Goiania,GO,2022-01-01,20.8,23.0,18.5,6.5,6.5,13.0,17.3,9.5,89
goiania,Goiania,GO,2022-01-02,21.9,26.1,19.4,1.8,1.8,10.0,17.8,11.6,86
goiania,Goiania,GO,2022-01-03,22.5,26.6,19.0,0.9,0.9,8.0,15.6,10.4,83
goiania,Goiania,GO,2022-01-04,22.7,26.8,19.5,6.1,6.1,10.0,18.4,10.0,84
goiania,Goiania,GO,2022-01-05,23.1,27.4,19.8,3.6,3.6,9.0,17.3,11.2,83
goiania,Goiania,GO,2022-01-06,22.9,27.1,20.0,8.2,8.2,10.0,14.7,9.6,84
goiania,Goiania,GO,2022-01-07,21.7,23.8,19.8,6.6,6.6,17.0,18.1,11.6,89
goiania,Goiania,GO,2022-01-08,21.8,25.8,20.3,10.4,10.4,18.0,14.8,9.3,89
goiania,Goiania,GO,2022-01-09,21.1,23.8,19.4,27.4,27.4,21.0,13.9,8.5,91
goiania,Goiania,GO,2022-01-10,21.3,25.4,19.6,23.5,23.5,16.0,17.3,9.8,90
goiania,Goiania,GO,2022-01-11,20.3,22.6,19.2,21.5,21.5,20.0,15.9,10.6,93
goiania,Goiania,GO,2022-01-12,21.2,25.5,17.9,12.8,12.8,13.0,14.9,7.6,88
goiania,Goiania,GO,2022-01-13,22.3,27.2,17.3,1.0,1.0,4.0,12.7,7.6,82
goiania,Goiania,GO,2022-01-14,24.1,30.1,18.0,0.4,0.4,4.0,12.1,7.6,75
goiania,Goiania,GO,2022-01-15,24.0,31.1,17.5,0.0,0.0,0.0,11.4,7.3,62
goiania,Goiania,GO,2022-01-16,23.6,30.6,16.5,0.0,0.0,0.0,12.1,7.3,61
goiania,Goiania,GO,2022-01-17,23.4,29.4,18.9,10.6,10.6,5.0,11.7,6.9,75
goiania,Goiania,GO,2022-01-18,23.5,29.4,18.4,0.0,0.0,0.0,12.5,6.2,77
goiania,Goiania,GO,2022-01-19,22.5,28.8,18.9,1.4,1.4,2.0,15.3,6.6,77
goiania,Goiania,GO,2022-01-20,23.8,30.3,17.6,0.1,0.1,1.0,10.1,6.8,68
goiania,Goiania,GO,2022-01-21,23.6,30.2,17.2,0.0,0.0,0.0,10.9,6.9,68
goiania,Goiania,GO,2022-01-22,24.4,29.6,19.9,0.5,0.5,1.0,12.2,6.0,71
goiania,Goiania,GO,2022-01-23,25.4,31.7,19.0,0.0,0.0,0.0,13.4,7.7,65
goiania,Goiania,GO,2022-01-24,25.2,32.0,18.2,0.0,0.0,0.0,11.9,6.9,62
goiania,Goiania,GO,2022-01-25,23.9,27.7,20.2,0.8,0.8,5.0,10.9,6.5,73
goiania,Goiania,GO,2022-01-26,22.3,26.6,18.6,5.4,5.4,8.0,18.0,5.1,83
goiania,Goiania,GO,2022-01-27,22.6,27.1,18.9,3.5,3.5,6.0,10.6,5.8,81
goiania,Goiania,GO,2022-01-28,23.0,27.9,18.5,0.9,0.9,3.0,17.8,10.1,77
goiania,Goiania,GO,2022-01-29,22.9,27.8,19.2,0.6,0.6,2.0,21.0,13.0,76
goiania,Goiania,GO,2022-01-30,22.5,26.7,19.6,7.1,7.1,12.0,19.2,13.0,80
goiania,Goiania,GO,2022-01-31,22.9,26.5,19.8,1.2,1.2,5.0,17.8,10.8,79
goiania,Goiania,GO,2022-02-01,22.7,27.0,18.9,0.8,0.8,2.0,17.4,9.3,82
goiania,Goiania,GO,2022-02-02,23.7,29.9,19.4,2.7,2.7,6.0,11.5,5.6,79
goiania,Goiania,GO,2022-02-03,23.9,29.5,19.0,0.5,0.5,4.0,13.7,7.8,76
goiania,Goiania,GO,2022-02-04,24.7,30.4,19.0,0.0,0.0,0.0,9.4,6.1,72
goiania,Goiania,GO,2022-02-05,24.3,29.8,19.8,4.8,4.8,8.0,14.7,5.3,74
goiania,Goiania,GO,2022-02-06,22.4,26.3,20.2,3.5,3.5,11.0,8.9,5.5,82
goiania,Goiania,GO,2022-02-07,22.2,26.7,19.6,6.3,6.3,13.0,7.7,4.0,82
goiania,Goiania,GO,2022-02-08,22.1,26.0,20.0,8.6,8.6,17.0,8.4,4.6,87
goiania,Goiania,GO,2022-02-09,23.0,27.4,20.1,2.1,2.1,10.0,9.4,4.1,84
goiania,Goiania,GO,2022-02-10,21.3,24.5,19.9,24.8,24.8,21.0,16.8,8.9,88
goiania,Goiania,GO,2022-02-11,22.0,26.6,19.8,5.9,5.9,13.0,12.8,7.6,86
goiania,Goiania,GO,2022-02-12,22.5,27.7,18.0,5.9,5.9,12.0,12.0,6.8,84
goiania,Goiania,GO,2022-02-13,22.1,27.1,19.0,6.5,6.5,11.0,14.8,8.4,86
goiania,Goiania,GO,2022-02-14,22.7,27.0,19.2,10.9,10.9,10.0,11.1,6.3,84
goiania,Goiania,GO,2022-02-15,23.2,28.2,18.4,4.7,4.7,6.0,12.9,5.7,82
goiania,Goiania,GO,2022-02-16,23.2,28.5,19.4,7.2,7.2,10.0,10.4,5.0,84
goiania,Goiania,GO,2022-02-17,21.5,26.8,18.9,13.6,13.6,9.0,14.1,6.0,89
goiania,Goiania,GO,2022-02-18,22.6,27.2,17.6,0.2,0.2,2.0,10.7,6.2,81
goiania,Goiania,GO,2022-02-19,20.4,22.8,18.7,14.7,14.7,24.0,11.3,6.3,91
goiania,Goiania,GO,2022-02-20,21.4,25.0,19.1,3.9,3.9,11.0,7.5,4.7,84
goiania,Goiania,GO,2022-02-21,22.8,27.5,18.9,0.2,0.2,1.0,8.0,4.8,79
goiania,Goiania,GO,2022-02-22,23.4,28.6,19.2,0.1,0.1,1.0,14.5,6.5,78
goiania,Goiania,GO,2022-02-23,23.2,28.4,18.7,0.7,0.7,3.0,14.4,5.8,80
goiania,Goiania,GO,2022-02-24,23.2,28.4,18.2,0.7,0.7,4.0,12.2,5.8,81
goiania,Goiania,GO,2022-02-25,24.2,30.6,18.4,0.3,0.3,3.0,16.0,7.7,75
goiania,Goiania,GO,2022-02-26,24.7,30.2,19.8,0.5,0.5,1.0,13.1,7.2,74
goiania,Goiania,GO,2022-02-27,25.2,30.8,19.0,0.0,0.0,0.0,12.5,6.7,64
goiania,Goiania,GO,2022-02-28,24.9,30.5,18.5,0.0,0.0,0.0,11.1,6.8,61
goiania,Goiania,GO,2022-03-01,25.1,30.8,18.6,0.0,0.0,0.0,8.7,6.3,61
goiania,Goiania,GO,2022-03-02,23.5,29.5,19.0,2.3,2.3,2.0,16.3,7.5,70
goiania,Goiania,GO,2022-03-03,22.2,26.9,17.0,3.7,3.7,9.0,15.0,5.3,80
goiania,Goiania,GO,2022-03-04,22.0,27.5,18.0,3.5,3.5,6.0,11.9,5.2,84
goiania,Goiania,GO,2022-03-05,23.3,29.9,17.8,0.5,0.5,2.0,11.5,7.0,75
goiania,Goiania,GO,2022-03-06,23.4,28.8,18.0,0.7,0.7,5.0,13.8,8.1,69
goiania,Goiania,GO,2022-03-07,23.9,29.9,18.3,0.4,0.4,2.0,13.0,7.1,71
goiania,Goiania,GO,2022-03-08,24.2,30.4,18.0,0.1,0.1,1.0,14.1,7.6,67
goiania,Goiania,GO,2022-03-09,24.4,31.1,17.2,0.0,0.0,0.0,10.1,7.5,57
goiania,Goiania,GO,2022-03-10,24.5,30.3,18.0,0.0,0.0,0.0,8.8,5.5,59
goiania,Goiania,GO,2022-03-11,24.8,31.1,18.8,0.9,0.9,4.0,10.3,4.3,68
goiania,Goiania,GO,2022-03-12,23.5,29.4,19.4,5.9,5.9,9.0,16.1,6.1,79
goiania,Goiania,GO,2022-03-13,24.6,30.2,20.9,0.1,0.1,1.0,10.5,6.5,74
goiania,Goiania,GO,2022-03-14,23.3,30.0,19.8,23.4,23.4,11.0,12.7,5.6,81
goiania,Goiania,GO,2022-03-15,23.3,28.4,20.6,32.6,32.6,21.0,6.4,3.3,83
goiania,Goiania,GO,2022-03-16,22.6,28.0,20.2,10.1,10.1,13.0,11.8,4.3,87
goiania,Goiania,GO,2022-03-17,23.3,28.5,19.7,1.7,1.7,6.0,13.6,6.0,84
goiania,Goiania,GO,2022-03-18,23.8,28.9,19.8,2.5,2.5,4.0,15.3,6.3,79
goiania,Goiania,GO,2022-03-19,24.1,29.1,19.6,2.3,2.3,1.0,12.8,5.9,76
goiania,Goiania,GO,2022-03-20,24.8,30.9,19.5,0.0,0.0,0.0,13.4,6.1,66
goiania,Goiania,GO,2022-03-21,24.8,30.5,19.9,0.0,0.0,0.0,13.6,9.6,62
goiania,Goiania,GO,2022-03-22,24.0,28.8,20.0,0.0,0.0,0.0,21.0,10.2,64
goiania,Goiania,GO,2022-03-23,24.0,29.8,18.8,0.4,0.4,3.0,13.6,7.6,65
goiania,Goiania,GO,2022-03-24,24.9,29.9,19.4,0.5,0.5,4.0,10.8,5.2,65
goiania,Goiania,GO,2022-03-25,24.3,29.0,19.3,0.6,0.6,4.0,9.8,4.8,72
goiania,Goiania,GO,2022-03-26,24.8,30.4,18.7,0.3,0.3,3.0,10.9,5.8,72
goiania,Goiania,GO,2022-03-27,24.8,30.4,19.5,0.0,0.0,0.0,12.0,6.5,70
goiania,Goiania,GO,2022-03-28,25.3,31.3,19.8,0.2,0.2,1.0,14.8,7.5,69
goiania,Goiania,GO,2022-03-29,25.8,30.1,20.5,0.0,0.0,0.0,13.9,8.5,60
goiania,Goiania,GO,2022-03-30,24.8,30.5,18.2,0.1,0.1,1.0,10.0,4.6,62
goiania,Goiania,GO,2022-03-31,25.5,31.5,18.8,0.0,0.0,0.0,11.5,6.2,60
goiania,Goiania,GO,2022-04-01,25.3,30.4,20.2,0.2,0.2,1.0,13.3,9.0,61
goiania,Goiania,GO,2022-04-02,25.7,31.8,20.5,0.2,0.2,2.0,15.3,9.8,59
goiania,Goiania,GO,2022-04-03,25.4,31.6,19.4,0.0,0.0,0.0,18.7,10.4,57
goiania,Goiania,GO,2022-04-04,24.8,31.8,17.9,0.0,0.0,0.0,15.4,9.4,52
goiania,Goiania,GO,2022-04-05,24.9,32.2,18.4,0.0,0.0,0.0,14.4,8.5,51
goiania,Goiania,GO,2022-04-06,25.4,31.7,19.9,0.1,0.1,1.0,10.2,5.9,53
goiania,Goiania,GO,2022-04-07,25.7,32.5,18.9,0.0,0.0,0.0,10.2,6.3,57
goiania,Goiania,GO,2022-04-08,24.9,31.1,19.4,0.1,0.1,1.0,17.4,5.7,65
goiania,Goiania,GO,2022-04-09,24.6,30.6,19.9,0.8,0.8,3.0,12.4,4.8,73
goiania,Goiania,GO,2022-04-10,24.4,30.5,20.0,1.2,1.2,6.0,10.5,5.2,76
goiania,Goiania,GO,2022-04-11,24.5,30.8,19.6,3.3,3.3,3.0,9.6,5.0,74
goiania,Goiania,GO,2022-04-12,24.6,30.5,20.3,0.3,0.3,1.0,23.0,5.6,75
goiania,Goiania,GO,2022-04-13,24.9,30.9,19.4,0.1,0.1,1.0,10.8,5.6,71
goiania,Goiania,GO,2022-04-14,24.0,29.7,19.3,3.4,3.4,4.0,12.3,7.8,73
goiania,Goiania,GO,2022-04-15,23.5,29.0,18.7,0.1,0.1,1.0,13.4,8.5,70
goiania,Goiania,GO,2022-04-16,22.9,29.4,17.2,0.0,0.0,0.0,12.2,9.4,57
goiania,Goiania,GO,2022-04-17,22.4,29.8,15.2,0.0,0.0,0.0,10.9,7.5,52
goiania,Goiania,GO,2022-04-18,23.9,30.1,18.2,0.0,0.0,0.0,10.9,6.6,57
goiania,Goiania,GO,2022-04-19,23.6,29.2,18.1,0.0,0.0,0.0,11.2,6.9,59
goiania,Goiania,GO,2022-04-20,23.2,30.2,16.6,0.0,0.0,0.0,14.8,7.9,53
goiania,Goiania,GO,2022-04-21,23.3,29.8,17.5,0.0,0.0,0.0,10.2,6.4,49
goiania,Goiania,GO,2022-04-22,24.1,29.9,18.0,0.0,0.0,0.0,13.4,7.4,49
goiania,Goiania,GO,2022-04-23,23.2,30.0,16.1,0.0,0.0,0.0,7.3,5.1,58
goiania,Goiania,GO,2022-04-24,24.0,30.5,17.7,0.2,0.2,2.0,13.6,8.2,64
goiania,Goiania,GO,2022-04-25,24.9,30.9,19.0,0.0,0.0,0.0,15.9,9.1,54
goiania,Goiania,GO,2022-04-26,24.1,30.1,18.9,0.0,0.0,0.0,13.7,9.5,55
goiania,Goiania,GO,2022-04-27,23.5,29.5,17.9,0.0,0.0,0.0,12.8,7.9,57
goiania,Goiania,GO,2022-04-28,24.2,30.5,18.7,0.0,0.0,0.0,15.0,7.3,51
goiania,Goiania,GO,2022-04-29,23.6,30.4,17.3,0.0,0.0,0.0,14.3,9.0,54
goiania,Goiania,GO,2022-04-30,23.3,30.0,17.0,0.0,0.0,0.0,14.6,8.5,53
goiania,Goiania,GO,2022-05-01,23.0,29.5,17.0,0.0,0.0,0.0,12.0,6.8,47
goiania,Goiania,GO,2022-05-02,23.7,30.1,16.7,0.0,0.0,0.0,11.3,6.2,50
goiania,Goiania,GO,2022-05-03,24.7,31.0,19.4,0.0,0.0,0.0,13.5,7.3,53
goiania,Goiania,GO,2022-05-04,23.2,28.8,18.6,0.1,0.1,1.0,15.4,8.9,65
goiania,Goiania,GO,2022-05-05,21.5,28.4,16.0,0.4,0.4,2.0,12.0,8.5,66
goiania,Goiania,GO,2022-05-06,23.1,30.3,16.5,0.0,0.0,0.0,10.5,7.0,58
goiania,Goiania,GO,2022-05-07,22.7,28.4,17.8,3.5,3.5,6.0,10.9,7.4,67
goiania,Goiania,GO,2022-05-08,23.0,28.4,19.1,0.2,0.2,1.0,9.4,5.9,71
goiania,Goiania,GO,2022-05-09,23.8,29.0,19.0,0.0,0.0,0.0,11.8,6.8,61
goiania,Goiania,GO,2022-05-10,23.3,29.2,18.1,0.0,0.0,0.0,15.8,6.9,55
goiania,Goiania,GO,2022-05-11,22.9,28.7,17.8,0.0,0.0,0.0,9.4,6.2,57
goiania,Goiania,GO,2022-05-12,22.6,27.7,18.5,0.1,0.1,1.0,8.6,5.7,66
goiania,Goiania,GO,2022-05-13,23.0,28.5,17.8,0.0,0.0,0.0,10.7,7.0,64
goiania,Goiania,GO,2022-05-14,23.7,30.0,18.2,0.0,0.0,0.0,13.0,7.4,60
goiania,Goiania,GO,2022-05-15,23.9,29.2,18.4,0.0,0.0,0.0,21.1,8.4,59
goiania,Goiania,GO,2022-05-16,21.7,26.0,17.9,0.3,0.3,2.0,13.7,8.0,76
goiania,Goiania,GO,2022-05-17,18.8,23.7,14.4,0.0,0.0,0.0,15.2,12.5,67
goiania,Goiania,GO,2022-05-18,13.7,18.4,10.1,0.0,0.0,0.0,17.7,12.0,52
goiania,Goiania,GO,2022-05-19,12.2,18.6,6.8,0.0,0.0,0.0,18.9,10.0,62
goiania,Goiania,GO,2022-05-20,14.5,23.0,7.2,0.0,0.0,0.0,12.5,7.5,62
goiania,Goiania,GO,2022-05-21,16.9,26.2,8.5,0.0,0.0,0.0,8.5,5.9,54
goiania,Goiania,GO,2022-05-22,19.2,28.1,9.9,0.0,0.0,0.0,9.4,6.7,47
goiania,Goiania,GO,2022-05-23,20.4,28.5,11.4,0.0,0.0,0.0,9.7,5.8,50
goiania,Goiania,GO,2022-05-24,21.9,29.0,15.8,0.0,0.0,0.0,16.3,9.0,52
goiania,Goiania,GO,2022-05-25,21.1,27.7,16.4,0.0,0.0,0.0,17.6,11.5,50
goiania,Goiania,GO,2022-05-26,20.5,28.0,14.1,0.0,0.0,0.0,15.8,9.7,55
goiania,Goiania,GO,2022-05-27,21.9,29.1,15.9,0.0,0.0,0.0,13.8,7.8,52
goiania,Goiania,GO,2022-05-28,21.8,28.4,15.9,0.0,0.0,0.0,8.7,6.0,53
goiania,Goiania,GO,2022-05-29,22.0,29.4,15.4,0.0,0.0,0.0,9.8,7.0,47
goiania,Goiania,GO,2022-05-30,22.1,30.0,13.3,0.0,0.0,0.0,10.7,5.6,46
goiania,Goiania,GO,2022-05-31,22.8,30.8,15.6,0.0,0.0,0.0,9.5,6.6,46
goiania,Goiania,GO,2022-06-01,23.0,30.9,15.1,0.0,0.0,0.0,14.1,7.0,43
goiania,Goiania,GO,2022-06-02,23.5,30.7,16.8,0.0,0.0,0.0,9.8,6.5,42
goiania,Goiania,GO,2022-06-03,22.3,30.1,15.1,0.0,0.0,0.0,14.9,9.7,50
goiania,Goiania,GO,2022-06-04,22.5,30.0,16.2,0.0,0.0,0.0,13.0,9.6,59
goiania,Goiania,GO,2022-06-05,22.5,28.8,17.0,0.0,0.0,0.0,16.9,10.6,53
goiania,Goiania,GO,2022-06-06,21.8,28.6,15.1,0.0,0.0,0.0,12.3,6.9,51
goiania,Goiania,GO,2022-06-07,22.2,29.3,15.6,0.0,0.0,0.0,9.8,7.0,48
goiania,Goiania,GO,2022-06-08,23.2,30.1,16.7,0.0,0.0,0.0,9.5,4.4,49
goiania,Goiania,GO,2022-06-09,23.2,29.4,17.3,0.0,0.0,0.0,11.3,7.7,55
goiania,Goiania,GO,2022-06-10,21.2,28.4,16.0,0.0,0.0,0.0,16.1,9.5,68
goiania,Goiania,GO,2022-06-11,19.8,25.8,15.6,0.0,0.0,0.0,16.0,10.4,72
goiania,Goiania,GO,2022-06-12,19.3,24.6,15.9,0.0,0.0,0.0,16.6,10.3,70
goiania,Goiania,GO,2022-06-13,19.3,26.0,13.1,0.0,0.0,0.0,13.4,10.7,55
goiania,Goiania,GO,2022-06-14,22.4,30.8,14.5,0.0,0.0,0.0,13.9,7.8,43
goiania,Goiania,GO,2022-06-15,23.4,29.5,17.9,0.0,0.0,0.0,10.5,6.8,57
goiania,Goiania,GO,2022-06-16,23.2,30.3,17.5,0.0,0.0,0.0,12.2,8.4,52
goiania,Goiania,GO,2022-06-17,22.2,30.0,14.7,0.0,0.0,0.0,9.4,6.9,46
goiania,Goiania,GO,2022-06-18,22.0,27.9,16.8,0.0,0.0,0.0,18.3,8.3,55
goiania,Goiania,GO,2022-06-19,22.0,29.5,15.9,0.0,0.0,0.0,12.5,9.3,64
goiania,Goiania,GO,2022-06-20,22.3,29.5,15.7,0.0,0.0,0.0,12.1,7.9,48
goiania,Goiania,GO,2022-06-21,22.1,29.2,16.6,0.0,0.0,0.0,15.6,9.8,50
goiania,Goiania,GO,2022-06-22,21.0,28.9,14.1,0.0,0.0,0.0,12.2,7.4,49
goiania,Goiania,GO,2022-06-23,21.5,28.6,15.2,0.0,0.0,0.0,14.7,7.5,49
goiania,Goiania,GO,2022-06-24,21.9,29.1,15.1,0.0,0.0,0.0,12.7,8.2,48
goiania,Goiania,GO,2022-06-25,21.0,28.1,14.1,0.0,0.0,0.0,14.5,8.8,49
goiania,Goiania,GO,2022-06-26,20.2,28.1,13.4,0.0,0.0,0.0,10.5,8.1,48
goiania,Goiania,GO,2022-06-27,20.9,28.3,14.6,0.0,0.0,0.0,13.1,8.4,49
goiania,Goiania,GO,2022-06-28,20.7,27.9,14.4,0.0,0.0,0.0,12.0,7.1,46
goiania,Goiania,GO,2022-06-29,20.6,28.1,13.6,0.0,0.0,0.0,9.2,5.4,51
goiania,Goiania,GO,2022-06-30,20.8,27.8,13.4,0.0,0.0,0.0,12.4,7.6,50
goiania,Goiania,GO,2022-07-01,21.6,29.8,14.1,0.0,0.0,0.0,15.6,8.5,45
goiania,Goiania,GO,2022-07-02,22.2,30.0,15.4,0.0,0.0,0.0,13.5,9.1,42
goiania,Goiania,GO,2022-07-03,22.1,29.5,16.3,0.0,0.0,0.0,15.9,11.1,45
goiania,Goiania,GO,2022-07-04,20.4,27.9,14.3,0.0,0.0,0.0,15.9,10.6,45
goiania,Goiania,GO,2022-07-05,19.7,27.4,12.5,0.0,0.0,0.0,15.3,9.1,45
goiania,Goiania,GO,2022-07-06,21.1,28.5,14.4,0.0,0.0,0.0,17.8,9.9,42
goiania,Goiania,GO,2022-07-07,21.7,28.8,13.7,0.0,0.0,0.0,10.0,6.4,44
goiania,Goiania,GO,2022-07-08,22.4,29.0,16.4,0.0,0.0,0.0,13.7,8.8,44
goiania,Goiania,GO,2022-07-09,22.0,28.5,16.4,0.0,0.0,0.0,19.1,12.2,42
goiania,Goiania,GO,2022-07-10,21.5,28.2,14.5,0.0,0.0,0.0,15.8,10.2,45
goiania,Goiania,GO,2022-07-11,21.3,28.2,15.9,0.0,0.0,0.0,19.7,10.0,42
goiania,Goiania,GO,2022-07-12,20.6,28.0,13.9,0.0,0.0,0.0,10.2,7.3,44
goiania,Goiania,GO,2022-07-13,21.3,29.5,14.1,0.0,0.0,0.0,18.4,9.7,36
goiania,Goiania,GO,2022-07-14,22.8,30.3,16.5,0.0,0.0,0.0,20.6,10.6,40
goiania,Goiania,GO,2022-07-15,23.1,30.1,16.9,0.0,0.0,0.0,12.2,7.3,40
goiania,Goiania,GO,2022-07-16,23.0,30.5,16.0,0.0,0.0,0.0,12.1,7.8,41
goiania,Goiania,GO,2022-07-17,23.2,31.4,15.4,0.0,0.0,0.0,16.2,9.9,37
goiania,Goiania,GO,2022-07-18,22.4,30.1,15.9,0.0,0.0,0.0,16.5,11.2,39
goiania,Goiania,GO,2022-07-19,21.9,29.5,14.9,0.0,0.0,0.0,14.4,9.7,43
goiania,Goiania,GO,2022-07-20,22.0,29.0,15.3,0.0,0.0,0.0,17.0,11.7,44
goiania,Goiania,GO,2022-07-21,21.7,29.2,15.1,0.0,0.0,0.0,17.3,9.4,44
goiania,Goiania,GO,2022-07-22,21.9,28.7,15.2,0.0,0.0,0.0,16.9,8.8,42
goiania,Goiania,GO,2022-07-23,22.4,29.6,15.1,0.0,0.0,0.0,12.7,7.7,37
goiania,Goiania,GO,2022-07-24,22.7,29.8,15.6,0.0,0.0,0.0,14.5,8.8,39
goiania,Goiania,GO,2022-07-25,22.5,29.5,15.6,0.0,0.0,0.0,13.7,8.5,41
goiania,Goiania,GO,2022-07-26,22.5,30.2,15.4,0.0,0.0,0.0,14.2,9.6,40
goiania,Goiania,GO,2022-07-27,21.7,29.5,14.7,0.0,0.0,0.0,16.5,8.8,39
goiania,Goiania,GO,2022-07-28,21.8,30.0,14.2,0.0,0.0,0.0,9.9,6.8,40
goiania,Goiania,GO,2022-07-29,22.0,30.4,13.4,0.0,0.0,0.0,13.1,8.4,35
goiania,Goiania,GO,2022-07-30,22.6,30.7,15.9,0.0,0.0,0.0,13.0,7.2,39
goiania,Goiania,GO,2022-07-31,23.4,31.8,15.7,0.0,0.0,0.0,10.5,7.4,38
goiania,Goiania,GO,2022-08-01,24.0,32.2,15.2,0.0,0.0,0.0,12.7,7.2,33
goiania,Goiania,GO,2022-08-02,24.7,31.8,17.0,0.0,0.0,0.0,16.5,8.9,32
goiania,Goiania,GO,2022-08-03,24.7,31.1,18.4,0.0,0.0,0.0,20.0,10.1,34
goiania,Goiania,GO,2022-08-04,24.4,31.2,17.8,0.0,0.0,0.0,16.8,8.4,31
goiania,Goiania,GO,2022-08-05,24.5,32.2,17.1,0.0,0.0,0.0,9.5,5.6,30
goiania,Goiania,GO,2022-08-06,25.8,33.3,16.1,0.0,0.0,0.0,10.6,5.3,27
goiania,Goiania,GO,2022-08-07,26.2,33.8,19.0,0.0,0.0,0.0,11.7,7.0,26
goiania,Goiania,GO,2022-08-08,25.3,33.0,17.5,0.0,0.0,0.0,18.1,9.5,32
goiania,Goiania,GO,2022-08-09,25.0,32.2,18.5,0.0,0.0,0.0,17.7,9.9,44
goiania,Goiania,GO,2022-08-10,19.8,24.2,15.2,0.0,0.0,0.0,16.7,11.6,58
goiania,Goiania,GO,2022-08-11,18.0,26.5,11.1,0.0,0.0,0.0,15.8,11.2,41
goiania,Goiania,GO,2022-08-12,20.7,31.0,11.1,0.0,0.0,0.0,10.0,7.3,32
goiania,Goiania,GO,2022-08-13,24.0,31.9,14.8,0.0,0.0,0.0,14.0,8.0,32
goiania,Goiania,GO,2022-08-14,24.2,31.4,17.7,0.0,0.0,0.0,14.6,8.9,37
goiania,Goiania,GO,2022-08-15,24.5,32.1,16.9,0.0,0.0,0.0,15.4,9.3,32
goiania,Goiania,GO,2022-08-16,25.4,33.0,17.4,0.0,0.0,0.0,19.6,9.6,30
goiania,Goiania,GO,2022-08-17,26.1,33.2,19.6,0.0,0.0,0.0,19.5,11.1,29
goiania,Goiania,GO,2022-08-18,25.7,33.0,18.6,0.0,0.0,0.0,21.6,12.5,29
goiania,Goiania,GO,2022-08-19,22.3,29.0,16.9,0.0,0.0,0.0,26.6,15.4,51
goiania,Goiania,GO,2022-08-20,22.6,30.2,15.6,0.0,0.0,0.0,22.0,14.5,44
goiania,Goiania,GO,2022-08-21,22.8,29.5,17.5,0.0,0.0,0.0,20.3,13.7,39
goiania,Goiania,GO,2022-08-22,22.4,29.1,16.3,0.0,0.0,0.0,18.6,12.3,39
goiania,Goiania,GO,2022-08-23,22.3,29.2,15.1,0.0,0.0,0.0,20.2,11.9,36
goiania,Goiania,GO,2022-08-24,22.9,29.5,15.9,0.0,0.0,0.0,18.7,9.5,33
goiania,Goiania,GO,2022-08-25,24.1,31.1,17.2,0.0,0.0,0.0,17.9,9.9,28
goiania,Goiania,GO,2022-08-26,24.1,31.9,17.3,0.0,0.0,0.0,18.9,9.2,29
goiania,Goiania,GO,2022-08-27,25.1,31.9,18.9,0.0,0.0,0.0,16.8,8.9,30
goiania,Goiania,GO,2022-08-28,25.3,32.8,18.1,0.0,0.0,0.0,19.4,9.5,29
goiania,Goiania,GO,2022-08-29,25.6,33.7,18.3,0.0,0.0,0.0,16.5,8.5,26
goiania,Goiania,GO,2022-08-30,25.6,32.5,18.9,0.0,0.0,0.0,18.0,11.5,33
goiania,Goiania,GO,2022-08-31,24.5,31.0,19.2,0.0,0.0,0.0,16.6,11.6,40
goiania,Goiania,GO,2022-09-01,23.9,31.0,18.2,0.0,0.0,0.0,16.0,12.0,34
goiania,Goiania,GO,2022-09-02,23.4,31.6,15.6,0.0,0.0,0.0,13.5,8.5,27
goiania,Goiania,GO,2022-09-03,24.9,33.7,15.6,0.0,0.0,0.0,12.8,9.3,29
goiania,Goiania,GO,2022-09-04,25.7,33.2,17.5,0.0,0.0,0.0,13.7,8.1,23
goiania,Goiania,GO,2022-09-05,26.5,34.3,18.5,0.0,0.0,0.0,21.9,10.8,24
goiania,Goiania,GO,2022-09-06,26.3,32.8,20.9,0.0,0.0,0.0,20.7,14.0,31
goiania,Goiania,GO,2022-09-07,26.4,33.3,20.5,0.0,0.0,0.0,16.9,10.6,33
goiania,Goiania,GO,2022-09-08,26.9,34.2,19.5,0.0,0.0,0.0,17.4,9.8,29
goiania,Goiania,GO,2022-09-09,27.2,35.2,19.7,0.0,0.0,0.0,24.5,10.6,26
goiania,Goiania,GO,2022-09-10,27.4,35.0,19.2,0.0,0.0,0.0,13.2,8.4,25
goiania,Goiania,GO,2022-09-11,28.1,37.0,20.0,0.0,0.0,0.0,13.0,6.8,22
goiania,Goiania,GO,2022-09-12,29.1,36.5,21.8,0.0,0.0,0.0,17.9,7.4,19
goiania,Goiania,GO,2022-09-13,28.7,36.2,20.6,0.0,0.0,0.0,14.8,9.5,21
goiania,Goiania,GO,2022-09-14,29.0,36.3,21.9,0.0,0.0,0.0,18.7,9.9,22
goiania,Goiania,GO,2022-09-15,26.3,33.7,20.1,0.0,0.0,0.0,21.9,13.3,47
goiania,Goiania,GO,2022-09-16,26.1,33.5,19.1,0.0,0.0,0.0,16.7,10.9,47
goiania,Goiania,GO,2022-09-17,26.6,33.7,20.0,0.0,0.0,0.0,15.5,9.5,47
goiania,Goiania,GO,2022-09-18,26.9,34.8,20.9,0.0,0.0,0.0,22.2,8.6,51
goiania,Goiania,GO,2022-09-19,25.1,29.5,21.8,0.0,0.0,0.0,15.5,6.4,54
goiania,Goiania,GO,2022-09-20,26.4,33.5,20.5,0.1,0.1,1.0,14.5,7.7,50
goiania,Goiania,GO,2022-09-21,26.9,33.4,19.7,0.4,0.4,2.0,15.3,7.0,55
goiania,Goiania,GO,2022-09-22,23.7,28.7,20.1,22.0,22.0,14.0,22.9,10.5,75
goiania,Goiania,GO,2022-09-23,21.9,26.0,19.4,0.6,0.6,4.0,14.1,6.3,81
goiania,Goiania,GO,2022-09-24,23.0,29.0,17.4,0.0,0.0,0.0,14.0,8.5,58
goiania,Goiania,GO,2022-09-25,24.2,31.4,18.8,0.2,0.2,2.0,25.7,10.9,60
goiania,Goiania,GO,2022-09-26,25.5,32.6,19.2,0.1,0.1,1.0,14.5,8.8,61
goiania,Goiania,GO,2022-09-27,23.6,28.5,20.6,0.0,0.0,0.0,13.2,10.4,71
goiania,Goiania,GO,2022-09-28,24.7,30.9,19.7,0.0,0.0,0.0,19.4,10.3,64
goiania,Goiania,GO,2022-09-29,25.3,32.3,19.0,0.3,0.3,1.0,20.5,10.1,57
goiania,Goiania,GO,2022-09-30,25.6,33.2,19.4,1.0,1.0,3.0,17.6,13.2,61
goiania,Goiania,GO,2022-10-01,25.7,33.1,19.9,0.6,0.6,2.0,17.0,10.2,59
goiania,Goiania,GO,2022-10-02,24.0,34.0,20.0,16.6,16.6,6.0,20.3,6.2,71
goiania,Goiania,GO,2022-10-03,23.8,29.2,19.3,4.0,4.0,7.0,14.9,6.0,70
goiania,Goiania,GO,2022-10-04,24.9,32.2,19.0,2.3,2.3,3.0,19.1,6.1,61
goiania,Goiania,GO,2022-10-05,24.0,29.1,19.3,6.0,6.0,4.0,18.3,7.1,68
goiania,Goiania,GO,2022-10-06,26.6,33.8,20.1,1.2,1.2,2.0,20.5,10.7,56
goiania,Goiania,GO,2022-10-07,22.1,25.0,20.4,11.2,11.2,17.0,15.9,8.8,75
goiania,Goiania,GO,2022-10-08,23.4,29.8,18.1,0.9,0.9,1.0,13.9,6.1,71
goiania,Goiania,GO,2022-10-09,23.8,31.5,19.5,19.5,19.5,10.0,17.1,9.6,73
goiania,Goiania,GO,2022-10-10,23.9,31.3,18.9,0.1,0.1,1.0,16.1,11.0,69
goiania,Goiania,GO,2022-10-11,25.5,33.2,17.8,0.0,0.0,0.0,21.3,11.6,53
goiania,Goiania,GO,2022-10-12,25.5,32.3,18.5,0.0,0.0,0.0,19.2,10.5,45
goiania,Goiania,GO,2022-10-13,25.9,34.0,17.8,0.0,0.0,0.0,19.2,11.6,40
goiania,Goiania,GO,2022-10-14,27.0,35.4,18.0,0.0,0.0,0.0,16.9,9.0,32
goiania,Goiania,GO,2022-10-15,27.7,35.0,20.4,0.0,0.0,0.0,22.3,13.9,30
goiania,Goiania,GO,2022-10-16,27.0,34.3,20.3,0.0,0.0,0.0,21.2,12.0,31
goiania,Goiania,GO,2022-10-17,27.8,36.0,19.0,0.0,0.0,0.0,21.4,10.0,29
goiania,Goiania,GO,2022-10-18,28.6,35.5,20.7,0.0,0.0,0.0,19.3,8.4,26
goiania,Goiania,GO,2022-10-19,29.3,36.0,21.4,0.0,0.0,0.0,14.0,7.8,28
goiania,Goiania,GO,2022-10-20,28.8,34.2,23.2,0.0,0.0,0.0,17.8,8.4,36
goiania,Goiania,GO,2022-10-21,24.0,27.4,20.4,2.5,2.5,5.0,14.3,7.9,64
goiania,Goiania,GO,2022-10-22,24.9,30.5,19.1,2.9,2.9,3.0,12.9,6.5,66
goiania,Goiania,GO,2022-10-23,23.9,28.4,21.4,9.7,9.7,4.0,17.1,8.9,72
goiania,Goiania,GO,2022-10-24,23.8,31.7,20.3,0.7,0.7,3.0,14.4,6.5,70
goiania,Goiania,GO,2022-10-25,25.7,32.8,18.3,0.0,0.0,0.0,13.7,6.6,57
goiania,Goiania,GO,2022-10-26,26.5,33.2,19.9,0.1,0.1,1.0,13.2,7.9,54
goiania,Goiania,GO,2022-10-27,25.4,33.5,20.2,8.4,8.4,4.0,17.1,5.4,59
goiania,Goiania,GO,2022-10-28,24.8,32.5,19.5,2.9,2.9,7.0,12.2,6.8,70
goiania,Goiania,GO,2022-10-29,22.8,29.0,20.5,17.3,17.3,15.0,21.3,6.4,81
goiania,Goiania,GO,2022-10-30,25.1,31.3,21.0,1.1,1.1,2.0,17.6,7.7,63
goiania,Goiania,GO,2022-10-31,24.2,30.6,19.5,3.2,3.2,7.0,16.3,7.2,72
goiania,Goiania,GO,2022-11-01,22.5,26.0,18.9,13.3,13.3,11.0,20.6,11.8,80
goiania,Goiania,GO,2022-11-02,20.3,23.9,17.4,0.1,0.1,1.0,18.5,14.8,73
goiania,Goiania,GO,2022-11-03,20.8,23.8,18.8,0.0,0.0,0.0,19.9,15.2,69
goiania,Goiania,GO,2022-11-04,20.9,26.1,15.7,0.2,0.2,2.0,17.1,10.6,65
goiania,Goiania,GO,2022-11-05,22.8,28.5,15.9,0.0,0.0,0.0,13.3,6.9,56
goiania,Goiania,GO,2022-11-06,24.1,31.1,17.4,0.0,0.0,0.0,13.6,7.4,49
goiania,Goiania,GO,2022-11-07,24.8,31.0,16.8,0.0,0.0,0.0,12.0,6.8,46
goiania,Goiania,GO,2022-11-08,24.4,31.2,19.0,0.8,0.8,4.0,14.7,8.0,60
goiania,Goiania,GO,2022-11-09,24.5,31.9,18.5,1.7,1.7,7.0,15.6,8.5,63
goiania,Goiania,GO,2022-11-10,24.9,32.7,19.0,2.2,2.2,5.0,15.3,7.9,66
goiania,Goiania,GO,2022-11-11,24.2,31.6,18.9,0.3,0.3,1.0,25.0,8.9,66
goiania,Goiania,GO,2022-11-12,24.3,29.4,20.0,0.7,0.7,3.0,13.3,7.1,64
goiania,Goiania,GO,2022-11-13,25.4,32.7,20.0,1.1,1.1,2.0,18.0,6.4,64
goiania,Goiania,GO,2022-11-14,24.9,31.4,20.7,6.7,6.7,9.0,19.4,7.7,68
goiania,Goiania,GO,2022-11-15,23.0,28.8,20.3,16.2,16.2,10.0,8.2,4.1,84
goiania,Goiania,GO,2022-11-16,24.7,30.3,19.2,0.1,0.1,1.0,8.9,5.0,69
goiania,Goiania,GO,2022-11-17,25.4,32.4,17.9,0.0,0.0,0.0,8.9,5.0,55
goiania,Goiania,GO,2022-11-18,25.7,32.2,19.2,0.2,0.2,2.0,16.5,6.6,55
goiania,Goiania,GO,2022-11-19,23.4,29.5,19.0,9.1,9.1,9.0,15.2,8.0,70
goiania,Goiania,GO,2022-11-20,22.5,28.0,18.2,2.0,2.0,7.0,16.4,8.3,75
goiania,Goiania,GO,2022-11-21,24.1,30.5,18.0,0.7,0.7,2.0,12.5,7.3,66
goiania,Goiania,GO,2022-11-22,23.5,29.5,19.3,5.6,5.6,8.0,14.3,7.2,72
goiania,Goiania,GO,2022-11-23,23.6,28.0,19.4,3.8,3.8,7.0,12.3,5.0,77
goiania,Goiania,GO,2022-11-24,23.1,29.2,19.7,9.1,9.1,12.0,13.6,6.6,79
goiania,Goiania,GO,2022-11-25,24.0,29.6,19.2,1.5,1.5,6.0,10.1,5.7,72
goiania,Goiania,GO,2022-11-26,23.5,28.8,18.7,0.1,0.1,1.0,10.9,6.8,71
goiania,Goiania,GO,2022-11-27,22.7,26.9,19.0,2.9,2.9,9.0,15.1,8.0,78
goiania,Goiania,GO,2022-11-28,23.4,28.5,19.0,0.8,0.8,4.0,10.9,6.2,74
goiania,Goiania,GO,2022-11-29,22.9,28.8,18.2,0.7,0.7,4.0,16.4,10.4,72
goiania,Goiania,GO,2022-11-30,22.7,27.9,19.0,2.0,2.0,2.0,22.5,14.1,75
goiania,Goiania,GO,2022-12-01,23.4,28.8,18.5,0.4,0.4,4.0,15.5,8.1,73
goiania,Goiania,GO,2022-12-02,23.6,29.2,19.8,6.8,6.8,10.0,12.1,5.2,77
goiania,Goiania,GO,2022-12-03,23.3,28.2,19.8,17.4,17.4,17.0,12.1,7.5,80
goiania,Goiania,GO,2022-12-04,22.1,25.8,20.0,15.9,15.9,12.0,13.4,6.7,83
goiania,Goiania,GO,2022-12-05,21.6,26.1,18.2,17.2,17.2,14.0,11.5,5.3,88
goiania,Goiania,GO,2022-12-06,22.6,27.7,19.6,7.3,7.3,12.0,12.2,6.8,81
goiania,Goiania,GO,2022-12-07,23.5,27.9,19.1,0.5,0.5,5.0,9.2,4.9,80
goiania,Goiania,GO,2022-12-08,23.7,29.0,19.0,2.7,2.7,5.0,12.8,5.6,79
goiania,Goiania,GO,2022-12-09,23.9,28.2,19.9,12.7,12.7,9.0,13.7,6.1,78
goiania,Goiania,GO,2022-12-10,22.2,28.0,19.2,8.1,8.1,10.0,17.4,9.9,85
goiania,Goiania,GO,2022-12-11,22.9,29.0,18.5,2.3,2.3,5.0,16.7,8.3,80
goiania,Goiania,GO,2022-12-12,24.0,28.7,20.2,0.4,0.4,3.0,16.1,8.9,74
goiania,Goiania,GO,2022-12-13,22.7,26.3,20.4,5.7,5.7,6.0,21.4,11.3,80
goiania,Goiania,GO,2022-12-14,22.5,27.4,19.6,8.3,8.3,11.0,16.2,7.3,86
goiania,Goiania,GO,2022-12-15,22.0,25.9,19.5,6.3,6.3,12.0,15.0,7.7,86
goiania,Goiania,GO,2022-12-16,21.4,24.5,19.1,24.6,24.6,15.0,13.1,7.3,88
goiania,Goiania,GO,2022-12-17,21.9,27.1,18.9,17.2,17.2,11.0,17.3,9.9,84
goiania,Goiania,GO,2022-12-18,22.6,27.4,18.8,5.8,5.8,13.0,14.1,7.7,82
goiania,Goiania,GO,2022-12-19,22.1,26.5,19.5,22.5,22.5,21.0,15.9,8.8,85
goiania,Goiania,GO,2022-12-20,21.2,23.6,19.9,15.1,15.1,17.0,18.7,13.2,90
goiania,Goiania,GO,2022-12-21,21.1,25.5,19.1,17.3,17.3,16.0,16.0,9.0,90
goiania,Goiania,GO,2022-12-22,22.4,27.7,17.4,0.6,0.6,3.0,12.9,6.1,81
goiania,Goiania,GO,2022-12-23,22.1,28.1,17.0,9.6,9.6,5.0,11.4,5.8,81
goiania,Goiania,GO,2022-12-24,22.1,28.4,18.4,8.1,8.1,12.0,15.0,7.3,82
goiania,Goiania,GO,2022-12-25,22.2,27.8,18.6,11.2,11.2,12.0,20.2,6.7,85
goiania,Goiania,GO,2022-12-26,21.3,23.8,19.8,13.4,13.4,23.0,16.1,9.7,90
goiania,Goiania,GO,2022-12-27,22.0,25.3,19.5,4.3,4.3,12.0,17.8,10.1,83
goiania,Goiania,GO,2022-12-28,22.6,27.3,19.5,13.9,13.9,11.0,14.9,8.2,80
goiania,Goiania,GO,2022-12-29,23.0,27.9,20.1,12.2,12.2,16.0,14.1,6.6,82
goiania,Goiania,GO,2022-12-30,21.6,24.1,19.4,20.6,20.6,24.0,9.1,5.3,92
goiania,Goiania,GO,2022-12-31,22.0,26.4,19.9,21.7,21.7,14.0,15.3,4.4,90
goiania,Goiania,GO,2023-01-01,22.7,27.4,18.9,4.6,4.6,7.0,10.8,5.3,83
goiania,Goiania,GO,2023-01-02,22.7,28.0,19.4,6.4,6.4,8.0,12.0,6.7,81
goiania,Goiania,GO,2023-01-03,22.5,27.0,19.0,3.4,3.4,7.0,11.9,6.6,83
goiania,Goiania,GO,2023-01-04,22.3,26.1,19.4,3.0,3.0,10.0,17.7,11.5,84
goiania,Goiania,GO,2023-01-05,22.2,26.0,20.5,13.9,13.9,14.0,18.7,10.4,85
goiania,Goiania,GO,2023-01-06,20.9,22.4,19.2,17.4,17.4,21.0,20.3,10.7,92
goiania,Goiania,GO,2023-01-07,21.6,25.9,18.1,8.1,8.1,11.0,17.5,9.9,86
goiania,Goiania,GO,2023-01-08,21.8,25.8,19.4,17.2,17.2,15.0,17.1,8.9,86
goiania,Goiania,GO,2023-01-09,22.4,26.9,19.5,1.6,1.6,8.0,18.7,8.6,85
goiania,Goiania,GO,2023-01-10,22.7,27.9,17.4,0.2,0.2,2.0,13.1,7.6,79
goiania,Goiania,GO,2023-01-11,23.2,28.0,19.5,5.8,5.8,9.0,15.2,5.7,80
goiania,Goiania,GO,2023-01-12,22.9,28.0,17.5,2.0,2.0,3.0,13.4,6.3,81
goiania,Goiania,GO,2023-01-13,22.3,27.4,18.3,8.7,8.7,8.0,14.6,6.2,84
goiania,Goiania,GO,2023-01-14,23.1,28.3,19.5,10.1,10.1,8.0,6.6,4.4,82
goiania,Goiania,GO,2023-01-15,22.9,27.8,18.6,4.9,4.9,4.0,9.0,5.4,82
goiania,Goiania,GO,2023-01-16,23.0,28.0,19.4,3.4,3.4,5.0,13.6,7.3,82
goiania,Goiania,GO,2023-01-17,23.7,28.8,19.1,0.3,0.3,2.0,9.3,6.0,69
goiania,Goiania,GO,2023-01-18,22.5,26.6,18.0,1.3,1.3,3.0,10.8,4.3,75
goiania,Goiania,GO,2023-01-19,22.8,28.3,17.5,1.8,1.8,7.0,8.7,5.0,78
goiania,Goiania,GO,2023-01-20,22.4,26.9,18.6,2.0,2.0,6.0,16.7,7.8,82
goiania,Goiania,GO,2023-01-21,22.4,26.8,18.9,2.9,2.9,4.0,17.3,9.6,80
goiania,Goiania,GO,2023-01-22,22.2,27.0,18.5,3.5,3.5,12.0,19.5,11.3,84
goiania,Goiania,GO,2023-01-23,21.7,25.6,19.4,11.3,11.3,18.0,18.2,9.6,87
goiania,Goiania,GO,2023-01-24,22.4,26.6,19.8,12.6,12.6,16.0,17.7,11.2,84
goiania,Goiania,GO,2023-01-25,22.3,27.0,20.1,11.5,11.5,14.0,8.9,5.1,87
goiania,Goiania,GO,2023-01-26,22.2,27.4,18.7,15.5,15.5,10.0,10.4,5.3,87
goiania,Goiania,GO,2023-01-27,22.5,27.0,18.9,12.8,12.8,7.0,12.8,8.3,82
goiania,Goiania,GO,2023-01-28,22.7,27.1,20.1,7.8,7.8,10.0,12.2,4.1,82
goiania,Goiania,GO,2023-01-29,22.4,27.7,18.2,6.2,6.2,5.0,7.0,5.1,83
goiania,Goiania,GO,2023-01-30,22.0,27.2,18.5,4.3,4.3,8.0,12.6,6.1,84
goiania,Goiania,GO,2023-01-31,22.5,27.4,18.5,4.2,4.2,4.0,9.3,5.1,84
goiania,Goiania,GO,2023-02-01,23.5,28.5,18.6,0.4,0.4,3.0,11.8,6.0,79
goiania,Goiania,GO,2023-02-02,24.0,28.9,18.9,0.2,0.2,2.0,12.2,6.3,71
goiania,Goiania,GO,2023-02-03,23.0,28.7,19.0,6.7,6.7,5.0,12.2,5.1,83
goiania,Goiania,GO,2023-02-04,22.9,28.6,18.7,1.6,1.6,5.0,10.0,4.7,84
goiania,Goiania,GO,2023-02-05,23.1,28.4,18.8,3.3,3.3,8.0,7.9,4.4,83
goiania,Goiania,GO,2023-02-06,23.0,28.0,19.4,1.1,1.1,4.0,15.5,5.0,84
goiania,Goiania,GO,2023-02-07,23.7,29.4,18.9,0.2,0.2,1.0,7.9,5.1,78
goiania,Goiania,GO,2023-02-08,24.3,29.9,19.3,0.6,0.6,4.0,9.0,5.8,73
goiania,Goiania,GO,2023-02-09,23.5,29.5,20.1,8.5,8.5,7.0,10.3,4.8,80
goiania,Goiania,GO,2023-02-10,22.2,28.7,18.8,15.3,15.3,10.0,13.4,5.0,88
goiania,Goiania,GO,2023-02-11,23.8,29.1,19.6,1.0,1.0,5.0,13.0,7.7,79
goiania,Goiania,GO,2023-02-12,24.4,29.7,19.9,0.2,0.2,1.0,8.4,5.2,75
goiania,Goiania,GO,2023-02-13,24.3,29.0,20.0,1.1,1.1,5.0,9.0,5.4,77
goiania,Goiania,GO,2023-02-14,25.4,31.8,19.4,0.0,0.0,0.0,10.0,6.6,68
goiania,Goiania,GO,2023-02-15,25.4,31.1,19.5,0.0,0.0,0.0,13.1,7.0,65
goiania,Goiania,GO,2023-02-16,24.5,29.3,19.0,0.1,0.1,1.0,10.6,6.8,74
goiania,Goiania,GO,2023-02-17,24.5,30.2,19.8,0.5,0.5,1.0,11.1,5.1,72
goiania,Goiania,GO,2023-02-18,22.4,27.1,20.2,9.4,9.4,11.0,10.2,6.6,84
goiania,Goiania,GO,2023-02-19,24.2,30.1,19.8,1.6,1.6,4.0,13.8,8.5,76
goiania,Goiania,GO,2023-02-20,22.5,27.2,18.9,2.6,2.6,8.0,10.7,5.6,81
goiania,Goiania,GO,2023-02-21,22.2,28.0,18.0,0.4,0.4,2.0,8.1,4.2,82
goiania,Goiania,GO,2023-02-22,22.4,26.5,20.0,4.6,4.6,11.0,9.7,6.0,85
goiania,Goiania,GO,2023-02-23,23.0,28.3,19.8,4.5,4.5,7.0,11.3,6.4,83
goiania,Goiania,GO,2023-02-24,23.5,29.5,19.0,6.0,6.0,9.0,10.5,6.5,77
goiania,Goiania,GO,2023-02-25,22.9,28.8,18.6,2.7,2.7,9.0,10.1,5.3,85
goiania,Goiania,GO,2023-02-26,24.4,30.1,19.4,0.4,0.4,2.0,11.2,4.8,77
goiania,Goiania,GO,2023-02-27,25.3,30.9,19.7,0.3,0.3,2.0,11.5,8.3,70
goiania,Goiania,GO,2023-02-28,25.7,31.6,19.6,0.0,0.0,0.0,11.3,6.4,59
goiania,Goiania,GO,2023-03-01,23.9,29.9,19.8,4.3,4.3,4.0,11.2,5.5,72
goiania,Goiania,GO,2023-03-02,23.4,29.5,19.4,2.5,2.5,6.0,10.5,7.0,78
goiania,Goiania,GO,2023-03-03,23.5,29.4,18.9,4.0,4.0,4.0,14.8,5.8,79
goiania,Goiania,GO,2023-03-04,24.4,30.5,19.3,1.3,1.3,2.0,9.7,5.7,75
goiania,Goiania,GO,2023-03-05,24.1,30.1,17.9,0.0,0.0,0.0,11.3,4.5,71
goiania,Goiania,GO,2023-03-06,24.7,30.5,20.0,0.1,0.1,1.0,11.6,5.2,66
goiania,Goiania,GO,2023-03-07,23.1,27.3,19.5,7.5,7.5,10.0,11.9,5.0,80
goiania,Goiania,GO,2023-03-08,21.8,26.8,19.9,21.3,21.3,16.0,12.5,6.7,87
goiania,Goiania,GO,2023-03-09,21.8,25.5,20.0,25.3,25.3,16.0,10.1,5.5,88
goiania,Goiania,GO,2023-03-10,22.1,25.6,19.0,6.4,6.4,12.0,12.8,6.6,86
goiania,Goiania,GO,2023-03-11,22.7,27.4,19.9,1.3,1.3,3.0,12.6,6.9,85
goiania,Goiania,GO,2023-03-12,22.4,27.3,18.8,1.4,1.4,6.0,12.4,6.6,85
goiania,Goiania,GO,2023-03-13,22.0,26.0,19.8,4.6,4.6,9.0,12.2,4.8,89
goiania,Goiania,GO,2023-03-14,22.0,25.7,19.5,12.1,12.1,15.0,8.0,4.9,86
goiania,Goiania,GO,2023-03-15,22.1,26.6,18.7,9.1,9.1,6.0,15.1,6.3,86
goiania,Goiania,GO,2023-03-16,22.1,25.5,19.6,3.9,3.9,7.0,8.1,5.2,85
goiania,Goiania,GO,2023-03-17,21.5,25.5,19.9,8.2,8.2,11.0,10.2,5.8,88
goiania,Goiania,GO,2023-03-18,21.2,25.7,19.4,3.6,3.6,2.0,12.0,4.3,89
goiania,Goiania,GO,2023-03-19,21.7,27.3,18.9,18.5,18.5,11.0,10.8,5.2,85
goiania,Goiania,GO,2023-03-20,21.1,25.8,18.4,12.2,12.2,16.0,12.3,5.6,88
goiania,Goiania,GO,2023-03-21,21.3,26.8,18.8,4.3,4.3,6.0,16.2,5.2,87
goiania,Goiania,GO,2023-03-22,22.2,26.9,18.8,5.0,5.0,9.0,9.7,6.1,83
goiania,Goiania,GO,2023-03-23,22.4,27.8,17.6,0.5,0.5,4.0,12.5,7.0,82
goiania,Goiania,GO,2023-03-24,23.0,29.0,17.3,0.4,0.4,2.0,11.7,7.2,76
goiania,Goiania,GO,2023-03-25,23.3,30.1,17.8,0.0,0.0,0.0,10.4,6.6,63
goiania,Goiania,GO,2023-03-26,23.4,30.7,16.5,0.0,0.0,0.0,13.9,7.3,60
goiania,Goiania,GO,2023-03-27,23.8,29.4,17.7,0.0,0.0,0.0,9.5,6.7,65
goiania,Goiania,GO,2023-03-28,23.7,29.0,20.2,0.2,0.2,1.0,7.8,4.3,72
goiania,Goiania,GO,2023-03-29,23.8,29.1,18.5,0.2,0.2,2.0,13.0,6.9,74
goiania,Goiania,GO,2023-03-30,23.6,29.9,17.2,0.0,0.0,0.0,7.7,5.2,62
goiania,Goiania,GO,2023-03-31,23.1,29.8,17.3,0.0,0.0,0.0,8.9,6.4,60
goiania,Goiania,GO,2023-04-01,23.2,29.0,17.1,0.0,0.0,0.0,14.2,7.0,69
goiania,Goiania,GO,2023-04-02,22.2,27.4,18.8,5.4,5.4,7.0,10.4,4.7,81
goiania,Goiania,GO,2023-04-03,22.2,27.6,17.9,0.4,0.4,2.0,9.2,5.0,76
goiania,Goiania,GO,2023-04-04,21.8,27.8,16.4,0.0,0.0,0.0,10.4,5.8,76
goiania,Goiania,GO,2023-04-05,21.6,27.7,16.9,7.2,7.2,5.0,15.2,6.2,80
goiania,Goiania,GO,2023-04-06,22.9,28.9,17.8,2.1,2.1,4.0,13.7,7.8,75
goiania,Goiania,GO,2023-04-07,22.4,27.9,18.8,5.9,5.9,12.0,14.9,5.0,82
goiania,Goiania,GO,2023-04-08,22.2,27.7,19.5,5.2,5.2,9.0,6.9,3.6,86
goiania,Goiania,GO,2023-04-09,22.6,28.0,18.2,0.7,0.7,5.0,11.1,7.4,82
goiania,Goiania,GO,2023-04-10,22.3,28.5,19.6,19.5,19.5,10.0,11.9,6.8,84
goiania,Goiania,GO,2023-04-11,22.3,28.0,18.7,10.1,10.1,16.0,17.0,7.4,86
goiania,Goiania,GO,2023-04-12,22.1,27.4,18.5,7.4,7.4,7.0,10.4,5.6,87
goiania,Goiania,GO,2023-04-13,22.8,28.6,18.5,0.6,0.6,4.0,10.2,5.9,85
goiania,Goiania,GO,2023-04-14,22.3,27.2,18.9,1.3,1.3,6.0,11.5,5.8,86
goiania,Goiania,GO,2023-04-15,22.5,28.2,18.2,0.3,0.3,3.0,10.8,5.6,84
goiania,Goiania,GO,2023-04-16,23.3,28.8,18.4,0.0,0.0,0.0,7.9,5.2,78
goiania,Goiania,GO,2023-04-17,23.7,28.7,18.8,0.3,0.3,2.0,9.5,5.5,75
goiania,Goiania,GO,2023-04-18,23.4,28.5,18.6,2.0,2.0,3.0,16.6,8.7,79
goiania,Goiania,GO,2023-04-19,22.0,25.2,19.6,4.4,4.4,10.0,22.5,11.6,88
goiania,Goiania,GO,2023-04-20,20.9,24.6,17.0,1.3,1.3,4.0,15.4,8.4,80
goiania,Goiania,GO,2023-04-21,21.1,28.3,15.1,0.3,0.3,1.0,12.2,8.3,72
goiania,Goiania,GO,2023-04-22,21.9,27.0,18.9,4.9,4.9,7.0,16.4,10.3,83
goiania,Goiania,GO,2023-04-23,22.0,27.0,17.8,0.0,0.0,0.0,16.1,10.2,73
goiania,Goiania,GO,2023-04-24,21.9,27.3,18.3,0.0,0.0,0.0,19.1,11.9,70
goiania,Goiania,GO,2023-04-25,22.4,28.2,17.5,0.6,0.6,5.0,10.8,6.8,72
goiania,Goiania,GO,2023-04-26,22.8,28.5,17.6,0.0,0.0,0.0,8.0,5.7,71
goiania,Goiania,GO,2023-04-27,22.6,28.1,17.0,0.0,0.0,0.0,6.4,4.7,77
goiania,Goiania,GO,2023-04-28,23.3,28.0,19.3,0.5,0.5,3.0,11.7,4.4,77
goiania,Goiania,GO,2023-04-29,23.0,28.7,17.9,0.2,0.2,1.0,6.7,4.8,77
goiania,Goiania,GO,2023-04-30,22.7,28.3,17.7,0.3,0.3,2.0,10.8,6.0,73
goiania,Goiania,GO,2023-05-01,22.1,28.8,16.9,0.0,0.0,0.0,9.7,6.0,66
goiania,Goiania,GO,2023-05-02,20.9,27.3,13.8,0.0,0.0,0.0,9.5,4.9,55
goiania,Goiania,GO,2023-05-03,20.5,27.8,13.6,0.0,0.0,0.0,9.0,6.9,58
goiania,Goiania,GO,2023-05-04,22.0,29.5,15.1,0.0,0.0,0.0,9.8,6.5,64
goiania,Goiania,GO,2023-05-05,23.0,30.2,17.0,0.0,0.0,0.0,14.5,7.4,64
goiania,Goiania,GO,2023-05-06,22.9,29.3,16.9,0.0,0.0,0.0,16.5,8.2,62
goiania,Goiania,GO,2023-05-07,22.4,29.4,16.4,0.0,0.0,0.0,17.4,8.7,63
goiania,Goiania,GO,2023-05-08,22.4,28.5,16.8,0.0,0.0,0.0,13.0,6.8,62
goiania,Goiania,GO,2023-05-09,21.9,28.2,15.9,0.0,0.0,0.0,9.6,6.4,65
goiania,Goiania,GO,2023-05-10,22.0,28.2,16.1,0.0,0.0,0.0,8.7,5.9,63
goiania,Goiania,GO,2023-05-11,22.1,28.0,15.9,0.0,0.0,0.0,10.1,6.2,66
goiania,Goiania,GO,2023-05-12,21.8,27.5,17.0,0.2,0.2,2.0,11.5,7.1,68
goiania,Goiania,GO,2023-05-13,19.9,27.0,13.6,0.0,0.0,0.0,9.4,7.0,61
goiania,Goiania,GO,2023-05-14,19.6,27.0,12.8,0.0,0.0,0.0,10.2,6.9,60
goiania,Goiania,GO,2023-05-15,20.0,27.2,13.6,0.0,0.0,0.0,10.9,6.6,63
goiania,Goiania,GO,2023-05-16,19.9,27.1,13.4,0.0,0.0,0.0,9.7,6.7,62
goiania,Goiania,GO,2023-05-17,20.3,27.8,13.6,0.0,0.0,0.0,10.0,6.8,60
goiania,Goiania,GO,2023-05-18,20.6,28.1,13.7,0.0,0.0,0.0,9.1,6.6,58
goiania,Goiania,GO,2023-05-19,19.7,27.8,12.9,0.0,0.0,0.0,9.7,7.1,56
goiania,Goiania,GO,2023-05-20,19.5,27.3,12.5,0.0,0.0,0.0,12.2,7.7,57
goiania,Goiania,GO,2023-05-21,19.8,26.9,13.4,0.0,0.0,0.0,15.1,7.7,57
goiania,Goiania,GO,2023-05-22,19.8,26.5,13.4,0.0,0.0,0.0,10.2,7.0,55
goiania,Goiania,GO,2023-05-23,20.0,26.4,15.0,0.0,0.0,0.0,16.9,10.0,59
goiania,Goiania,GO,2023-05-24,20.7,27.6,14.6,0.0,0.0,0.0,15.5,9.2,59
goiania,Goiania,GO,2023-05-25,21.6,28.0,15.9,0.0,0.0,0.0,14.4,10.4,59
goiania,Goiania,GO,2023-05-26,21.8,28.4,16.5,0.0,0.0,0.0,16.5,8.7,60
goiania,Goiania,GO,2023-05-27,22.2,28.8,17.0,0.0,0.0,0.0,9.1,6.2,63
goiania,Goiania,GO,2023-05-28,22.6,29.0,16.5,0.0,0.0,0.0,10.5,5.1,61
goiania,Goiania,GO,2023-05-29,22.0,27.7,15.8,0.0,0.0,0.0,11.1,6.2,62
goiania,Goiania,GO,2023-05-30,23.3,30.6,17.4,0.0,0.0,0.0,15.2,9.2,58
goiania,Goiania,GO,2023-05-31,21.1,26.5,16.5,0.3,0.3,3.0,11.9,8.5,75
goiania,Goiania,GO,2023-06-01,21.7,27.5,16.7,0.1,0.1,1.0,11.7,8.4,70
goiania,Goiania,GO,2023-06-02,21.0,27.7,15.3,0.0,0.0,0.0,10.9,8.4,63
goiania,Goiania,GO,2023-06-03,21.2,28.4,14.9,0.0,0.0,0.0,12.7,7.9,56
goiania,Goiania,GO,2023-06-04,21.4,27.7,15.9,0.0,0.0,0.0,11.7,7.3,52
goiania,Goiania,GO,2023-06-05,20.3,26.8,14.3,0.0,0.0,0.0,9.1,5.5,55
goiania,Goiania,GO,2023-06-06,20.3,27.6,13.2,0.0,0.0,0.0,11.3,6.4,55
goiania,Goiania,GO,2023-06-07,20.6,27.4,14.8,0.0,0.0,0.0,9.7,6.4,53
goiania,Goiania,GO,2023-06-08,20.8,27.5,14.8,0.0,0.0,0.0,12.3,6.7,53
goiania,Goiania,GO,2023-06-09,21.3,29.0,14.6,0.0,0.0,0.0,10.8,6.8,55
goiania,Goiania,GO,2023-06-10,21.9,29.0,15.8,0.0,0.0,0.0,10.0,6.1,57
goiania,Goiania,GO,2023-06-11,22.3,29.8,15.6,0.0,0.0,0.0,8.0,6.0,55
goiania,Goiania,GO,2023-06-12,23.0,29.2,16.2,0.0,0.0,0.0,8.7,5.1,54
goiania,Goiania,GO,2023-06-13,21.9,25.8,19.1,0.0,0.0,0.0,7.8,5.1,64
goiania,Goiania,GO,2023-06-14,22.4,27.6,17.2,0.0,0.0,0.0,11.4,6.8,67
goiania,Goiania,GO,2023-06-15,20.3,26.0,15.8,0.0,0.0,0.0,14.1,8.9,75
goiania,Goiania,GO,2023-06-16,20.3,25.0,17.6,0.5,0.5,4.0,10.9,8.6,76
goiania,Goiania,GO,2023-06-17,18.9,24.5,15.0,0.0,0.0,0.0,15.1,10.9,76
goiania,Goiania,GO,2023-06-18,18.8,25.7,12.8,0.0,0.0,0.0,11.2,8.2,69
goiania,Goiania,GO,2023-06-19,20.3,28.1,13.0,0.0,0.0,0.0,13.7,8.3,58
goiania,Goiania,GO,2023-06-20,21.2,27.8,15.1,0.0,0.0,0.0,11.9,7.5,54
goiania,Goiania,GO,2023-06-21,20.3,27.3,13.6,0.0,0.0,0.0,10.9,7.7,50
goiania,Goiania,GO,2023-06-22,20.0,27.7,13.6,0.0,0.0,0.0,10.8,6.9,51
goiania,Goiania,GO,2023-06-23,20.3,27.6,13.4,0.0,0.0,0.0,11.0,7.0,52
goiania,Goiania,GO,2023-06-24,20.5,27.4,14.5,0.0,0.0,0.0,8.3,6.3,52
goiania,Goiania,GO,2023-06-25,19.7,25.0,15.4,0.0,0.0,0.0,12.3,7.6,53
goiania,Goiania,GO,2023-06-26,20.1,27.2,13.6,0.0,0.0,0.0,14.9,8.7,58
goiania,Goiania,GO,2023-06-27,21.0,27.9,14.4,0.0,0.0,0.0,16.3,9.0,53
goiania,Goiania,GO,2023-06-28,20.7,27.3,14.6,0.0,0.0,0.0,11.6,8.1,51
goiania,Goiania,GO,2023-06-29,19.5,27.1,13.0,0.0,0.0,0.0,14.7,8.8,51
goiania,Goiania,GO,2023-06-30,20.7,28.1,13.1,0.0,0.0,0.0,18.8,9.7,52
goiania,Goiania,GO,2023-07-01,21.6,27.8,16.4,0.0,0.0,0.0,17.1,9.0,51
goiania,Goiania,GO,2023-07-02,19.9,27.0,13.1,0.0,0.0,0.0,12.3,8.1,49
goiania,Goiania,GO,2023-07-03,19.5,27.5,12.2,0.0,0.0,0.0,14.8,8.6,48
goiania,Goiania,GO,2023-07-04,20.3,27.8,13.2,0.0,0.0,0.0,15.2,9.2,46
goiania,Goiania,GO,2023-07-05,20.7,27.4,13.9,0.0,0.0,0.0,15.8,10.3,46
goiania,Goiania,GO,2023-07-06,20.7,27.5,14.8,0.0,0.0,0.0,14.1,7.1,41
goiania,Goiania,GO,2023-07-07,20.1,27.8,13.1,0.0,0.0,0.0,10.5,6.9,44
goiania,Goiania,GO,2023-07-08,21.8,29.2,15.6,0.0,0.0,0.0,13.0,7.2,37
goiania,Goiania,GO,2023-07-09,21.5,29.1,15.6,0.0,0.0,0.0,9.7,6.8,40
goiania,Goiania,GO,2023-07-10,22.5,30.5,14.2,0.0,0.0,0.0,12.8,7.8,39
goiania,Goiania,GO,2023-07-11,23.7,31.5,16.8,0.0,0.0,0.0,9.4,5.5,38
goiania,Goiania,GO,2023-07-12,23.9,32.1,16.7,0.0,0.0,0.0,14.6,7.3,40
goiania,Goiania,GO,2023-07-13,23.3,31.0,15.8,0.0,0.0,0.0,19.5,9.7,45
goiania,Goiania,GO,2023-07-14,19.0,25.5,13.9,0.0,0.0,0.0,18.3,12.2,62
goiania,Goiania,GO,2023-07-15,21.4,30.0,13.8,0.0,0.0,0.0,11.5,8.6,54
goiania,Goiania,GO,2023-07-16,23.2,30.9,15.8,0.0,0.0,0.0,13.6,7.3,51
goiania,Goiania,GO,2023-07-17,24.0,31.6,16.5,0.0,0.0,0.0,13.7,6.9,47
goiania,Goiania,GO,2023-07-18,24.6,29.6,19.3,0.0,0.0,0.0,13.2,7.3,44
goiania,Goiania,GO,2023-07-19,24.2,30.9,17.6,0.0,0.0,0.0,14.8,9.5,42
goiania,Goiania,GO,2023-07-20,23.2,28.8,18.4,0.0,0.0,0.0,22.4,14.8,43
goiania,Goiania,GO,2023-07-21,21.5,27.1,16.6,0.0,0.0,0.0,25.1,15.2,55
goiania,Goiania,GO,2023-07-22,21.4,27.3,15.9,0.0,0.0,0.0,20.7,12.7,55
goiania,Goiania,GO,2023-07-23,22.0,28.2,16.1,0.0,0.0,0.0,19.1,12.3,46
goiania,Goiania,GO,2023-07-24,22.2,28.9,15.9,0.0,0.0,0.0,17.9,10.5,48
goiania,Goiania,GO,2023-07-25,22.7,28.0,17.2,0.0,0.0,0.0,13.2,7.8,55
goiania,Goiania,GO,2023-07-26,23.4,30.2,16.2,0.0,0.0,0.0,13.5,8.5,39
goiania,Goiania,GO,2023-07-27,23.3,30.0,16.4,0.0,0.0,0.0,16.3,9.3,32
goiania,Goiania,GO,2023-07-28,23.2,31.1,16.0,0.0,0.0,0.0,13.6,7.9,42
goiania,Goiania,GO,2023-07-29,23.3,30.2,16.2,0.0,0.0,0.0,12.0,7.6,42
goiania,Goiania,GO,2023-07-30,23.6,31.0,16.5,0.0,0.0,0.0,14.8,8.3,41
goiania,Goiania,GO,2023-07-31,23.9,31.0,17.3,0.0,0.0,0.0,14.0,8.5,40
goiania,Goiania,GO,2023-08-01,23.3,30.4,16.4,0.0,0.0,0.0,10.9,7.7,42
goiania,Goiania,GO,2023-08-02,23.2,30.2,16.1,0.0,0.0,0.0,17.1,9.9,40
goiania,Goiania,GO,2023-08-03,22.8,30.5,15.4,0.0,0.0,0.0,10.3,6.7,36
goiania,Goiania,GO,2023-08-04,23.3,31.0,15.6,0.0,0.0,0.0,10.3,6.8,30
goiania,Goiania,GO,2023-08-05,24.2,32.1,15.2,0.0,0.0,0.0,11.2,7.1,31
goiania,Goiania,GO,2023-08-06,24.8,32.8,17.5,0.0,0.0,0.0,17.9,9.9,31
goiania,Goiania,GO,2023-08-07,24.7,32.7,16.9,0.0,0.0,0.0,11.5,8.1,29
goiania,Goiania,GO,2023-08-08,24.7,32.5,17.1,0.0,0.0,0.0,14.8,9.1,31
goiania,Goiania,GO,2023-08-09,25.3,32.9,18.4,0.0,0.0,0.0,24.5,12.7,34
goiania,Goiania,GO,2023-08-10,26.1,33.3,20.0,0.0,0.0,0.0,15.3,10.0,35
goiania,Goiania,GO,2023-08-11,26.2,33.7,18.5,0.0,0.0,0.0,13.2,7.9,33
goiania,Goiania,GO,2023-08-12,25.7,33.5,18.5,0.0,0.0,0.0,14.0,8.8,28
goiania,Goiania,GO,2023-08-13,25.6,32.8,19.4,0.0,0.0,0.0,17.3,9.8,33
goiania,Goiania,GO,2023-08-14,24.5,30.7,18.3,0.0,0.0,0.0,16.6,11.1,38
goiania,Goiania,GO,2023-08-15,23.5,29.4,18.3,0.0,0.0,0.0,18.9,11.8,40
goiania,Goiania,GO,2023-08-16,22.7,29.0,16.9,0.0,0.0,0.0,18.3,12.5,40
goiania,Goiania,GO,2023-08-17,24.0,30.9,17.5,0.0,0.0,0.0,22.6,11.5,40
goiania,Goiania,GO,2023-08-18,25.2,32.1,17.8,0.0,0.0,0.0,12.8,8.3,36
goiania,Goiania,GO,2023-08-19,23.7,29.5,17.6,0.0,0.0,0.0,21.3,8.5,42
goiania,Goiania,GO,2023-08-20,23.2,32.5,16.9,0.7,0.7,2.0,19.5,9.9,50
goiania,Goiania,GO,2023-08-21,22.6,31.4,16.6,0.4,0.4,2.0,13.4,9.6,52
goiania,Goiania,GO,2023-08-22,24.9,33.2,17.4,0.0,0.0,0.0,13.0,6.9,42
goiania,Goiania,GO,2023-08-23,27.2,35.6,19.0,0.0,0.0,0.0,14.9,7.9,28
goiania,Goiania,GO,2023-08-24,26.8,34.5,19.1,0.0,0.0,0.0,14.0,9.3,35
goiania,Goiania,GO,2023-08-25,27.0,33.8,20.6,0.0,0.0,0.0,12.7,7.6,46
goiania,Goiania,GO,2023-08-26,25.5,31.8,20.4,0.0,0.0,0.0,11.5,5.9,52
goiania,Goiania,GO,2023-08-27,25.3,32.7,19.2,0.9,0.9,5.0,15.9,6.9,56
goiania,Goiania,GO,2023-08-28,24.0,29.7,19.3,0.9,0.9,5.0,12.1,7.6,68
goiania,Goiania,GO,2023-08-29,25.0,32.5,19.5,0.5,0.5,4.0,11.4,7.8,64
goiania,Goiania,GO,2023-08-30,23.8,29.4,18.6,1.6,1.6,2.0,12.6,8.5,71
goiania,Goiania,GO,2023-08-31,24.6,31.6,18.2,1.3,1.3,1.0,13.4,6.0,63
goiania,Goiania,GO,2023-09-01,25.3,32.8,18.7,0.2,0.2,1.0,13.9,8.2,63
goiania,Goiania,GO,2023-09-02,25.1,32.0,20.9,1.8,1.8,5.0,21.5,9.4,66
goiania,Goiania,GO,2023-09-03,25.8,32.5,20.0,0.4,0.4,2.0,25.4,6.2,62
goiania,Goiania,GO,2023-09-04,27.2,34.0,20.1,0.0,0.0,0.0,8.4,5.0,53
goiania,Goiania,GO,2023-09-05,25.8,32.0,21.8,0.5,0.5,2.0,13.3,8.9,61
goiania,Goiania,GO,2023-09-06,24.9,31.0,20.8,5.0,5.0,3.0,19.8,11.9,66
goiania,Goiania,GO,2023-09-07,24.2,30.0,19.4,0.0,0.0,0.0,23.8,15.0,48
goiania,Goiania,GO,2023-09-08,24.1,31.1,17.3,0.0,0.0,0.0,17.6,10.0,45
goiania,Goiania,GO,2023-09-09,26.3,31.9,19.6,0.0,0.0,0.0,13.2,8.3,37
goiania,Goiania,GO,2023-09-10,25.7,32.7,17.9,0.0,0.0,0.0,14.7,10.3,38
goiania,Goiania,GO,2023-09-11,25.8,32.9,19.2,0.0,0.0,0.0,17.8,10.9,31
goiania,Goiania,GO,2023-09-12,26.2,34.7,17.8,0.0,0.0,0.0,13.2,8.3,33
goiania,Goiania,GO,2023-09-13,27.6,35.6,18.9,0.0,0.0,0.0,12.9,8.5,32
goiania,Goiania,GO,2023-09-14,26.0,31.7,20.6,0.1,0.1,1.0,18.4,10.2,49
goiania,Goiania,GO,2023-09-15,24.7,29.2,19.7,0.0,0.0,0.0,12.8,9.6,60
goiania,Goiania,GO,2023-09-16,25.7,33.5,20.8,1.6,1.6,1.0,23.8,8.2,55
goiania,Goiania,GO,2023-09-17,25.3,33.0,21.0,0.3,0.3,1.0,13.0,7.2,55
goiania,Goiania,GO,2023-09-18,26.6,34.5,19.1,0.0,0.0,0.0,13.3,8.2,48
goiania,Goiania,GO,2023-09-19,26.8,34.0,19.7,0.0,0.0,0.0,10.1,6.0,42
goiania,Goiania,GO,2023-09-20,28.2,36.1,19.4,0.0,0.0,0.0,11.4,8.1,34
goiania,Goiania,GO,2023-09-21,28.5,35.2,20.8,0.0,0.0,0.0,12.5,7.5,32
goiania,Goiania,GO,2023-09-22,28.8,35.0,22.5,0.0,0.0,0.0,13.5,7.9,34
goiania,Goiania,GO,2023-09-23,29.9,36.7,22.3,0.0,0.0,0.0,12.6,7.3,31
goiania,Goiania,GO,2023-09-24,30.3,37.3,22.9,0.0,0.0,0.0,11.3,6.5,33
goiania,Goiania,GO,2023-09-25,30.4,36.0,23.4,0.1,0.1,1.0,9.8,5.0,38
goiania,Goiania,GO,2023-09-26,30.5,36.1,25.4,0.0,0.0,0.0,12.6,7.5,38
goiania,Goiania,GO,2023-09-27,26.9,32.8,23.9,8.0,8.0,7.0,21.6,9.1,60
goiania,Goiania,GO,2023-09-28,26.5,35.7,21.0,0.6,0.6,3.0,24.1,6.3,68
goiania,Goiania,GO,2023-09-29,26.6,31.6,21.6,1.2,1.2,2.0,14.0,6.3,64
goiania,Goiania,GO,2023-09-30,27.1,34.1,22.9,1.5,1.5,2.0,18.6,6.7,63
goiania,Goiania,GO,2023-10-01,26.6,33.4,21.9,2.6,2.6,3.0,20.6,6.0,64
goiania,Goiania,GO,2023-10-02,24.9,32.0,21.3,10.9,10.9,14.0,13.3,6.7,77
goiania,Goiania,GO,2023-10-03,24.5,30.6,21.4,4.1,4.1,11.0,15.3,9.0,73
goiania,Goiania,GO,2023-10-04,26.7,33.8,19.3,0.0,0.0,0.0,18.8,7.5,59
goiania,Goiania,GO,2023-10-05,27.4,34.4,23.6,1.2,1.2,3.0,19.5,9.5,58
goiania,Goiania,GO,2023-10-06,26.9,33.2,22.1,4.8,4.8,4.0,12.7,8.1,65
goiania,Goiania,GO,2023-10-07,25.6,32.9,21.8,9.1,9.1,11.0,15.5,6.5,74
goiania,Goiania,GO,2023-10-08,26.8,32.6,20.2,0.4,0.4,4.0,12.3,6.3,62
goiania,Goiania,GO,2023-10-09,25.8,30.9,22.6,4.5,4.5,5.0,15.8,7.5,68
goiania,Goiania,GO,2023-10-10,27.1,33.8,21.2,3.9,3.9,4.0,17.0,6.1,64
goiania,Goiania,GO,2023-10-11,28.0,34.5,22.1,0.1,0.1,1.0,14.1,7.0,58
goiania,Goiania,GO,2023-10-12,27.6,33.3,21.9,2.3,2.3,5.0,14.4,5.2,61
goiania,Goiania,GO,2023-10-13,26.7,32.2,23.0,3.1,3.1,2.0,15.2,6.4,63
goiania,Goiania,GO,2023-10-14,26.6,34.0,20.5,1.1,1.1,2.0,12.7,8.0,64
goiania,Goiania,GO,2023-10-15,27.4,34.6,22.9,0.3,0.3,1.0,20.9,10.0,54
goiania,Goiania,GO,2023-10-16,27.4,34.0,20.6,0.0,0.0,0.0,17.9,9.5,52
goiania,Goiania,GO,2023-10-17,28.2,35.5,21.0,0.0,0.0,0.0,15.0,7.8,38
goiania,Goiania,GO,2023-10-18,28.6,35.7,21.0,0.0,0.0,0.0,14.3,7.2,34
goiania,Goiania,GO,2023-10-19,29.7,35.7,23.4,0.0,0.0,0.0,16.2,6.8,33
goiania,Goiania,GO,2023-10-20,28.3,35.8,24.3,1.1,1.1,3.0,18.1,10.7,50
goiania,Goiania,GO,2023-10-21,28.6,36.0,22.4,0.0,0.0,0.0,16.0,8.9,51
goiania,Goiania,GO,2023-10-22,28.4,34.2,22.1,0.0,0.0,0.0,19.8,9.4,52
goiania,Goiania,GO,2023-10-23,29.2,36.0,21.6,0.0,0.0,0.0,18.7,8.4,40
goiania,Goiania,GO,2023-10-24,28.7,35.1,22.6,0.6,0.6,1.0,20.3,10.7,47
goiania,Goiania,GO,2023-10-25,26.1,34.2,21.1,4.3,4.3,5.0,12.7,6.3,69
goiania,Goiania,GO,2023-10-26,26.4,33.2,21.6,1.1,1.1,2.0,14.8,9.0,64
goiania,Goiania,GO,2023-10-27,26.5,33.1,21.8,3.5,3.5,5.0,15.8,9.3,63
goiania,Goiania,GO,2023-10-28,25.3,30.6,21.0,7.4,7.4,6.0,10.3,6.3,73
goiania,Goiania,GO,2023-10-29,27.6,34.1,21.7,0.0,0.0,0.0,13.1,7.7,60
goiania,Goiania,GO,2023-10-30,27.3,33.3,21.2,0.4,0.4,3.0,13.7,7.3,61
goiania,Goiania,GO,2023-10-31,26.6,32.0,21.9,1.1,1.1,2.0,10.3,6.7,60
goiania,Goiania,GO,2023-11-01,26.7,33.2,21.3,1.5,1.5,6.0,13.4,5.9,62
goiania,Goiania,GO,2023-11-02,25.7,32.7,21.2,3.8,3.8,5.0,13.6,7.9,72
goiania,Goiania,GO,2023-11-03,25.5,31.3,21.2,2.0,2.0,4.0,14.5,6.2,72
goiania,Goiania,GO,2023-11-04,24.9,30.1,21.0,0.8,0.8,4.0,12.6,7.1,72
goiania,Goiania,GO,2023-11-05,25.4,32.0,18.4,0.0,0.0,0.0,12.3,8.4,63
goiania,Goiania,GO,2023-11-06,27.9,35.2,20.6,0.0,0.0,0.0,10.5,7.0,47
goiania,Goiania,GO,2023-11-07,28.4,34.5,22.2,0.0,0.0,0.0,12.5,7.6,50
goiania,Goiania,GO,2023-11-08,27.9,33.5,22.6,0.1,0.1,1.0,13.5,7.4,50
goiania,Goiania,GO,2023-11-09,27.9,35.3,20.2,0.0,0.0,0.0,17.5,8.2,44
goiania,Goiania,GO,2023-11-10,28.7,35.8,20.5,0.0,0.0,0.0,11.7,8.1,27
goiania,Goiania,GO,2023-11-11,29.3,36.2,21.8,0.0,0.0,0.0,18.2,9.3,30
goiania,Goiania,GO,2023-11-12,29.7,37.1,21.0,0.0,0.0,0.0,14.4,8.7,33
goiania,Goiania,GO,2023-11-13,29.7,36.4,23.0,0.0,0.0,0.0,13.5,6.9,40
goiania,Goiania,GO,2023-11-14,30.0,37.6,22.5,0.1,0.1,1.0,19.6,8.1,39
goiania,Goiania,GO,2023-11-15,30.3,36.2,25.2,0.0,0.0,0.0,16.6,8.3,38
goiania,Goiania,GO,2023-11-16,29.8,37.2,22.9,0.1,0.1,1.0,13.2,6.1,44
goiania,Goiania,GO,2023-11-17,28.8,35.8,23.6,2.0,2.0,2.0,20.7,8.0,50
goiania,Goiania,GO,2023-11-18,28.5,34.8,23.0,0.0,0.0,0.0,20.3,12.2,53
goiania,Goiania,GO,2023-11-19,29.1,35.5,22.0,1.9,1.9,5.0,15.8,7.4,50
goiania,Goiania,GO,2023-11-20,25.7,30.2,22.3,0.8,0.8,4.0,13.4,8.6,68
goiania,Goiania,GO,2023-11-21,25.9,32.2,21.9,8.2,8.2,6.0,10.7,5.5,66
goiania,Goiania,GO,2023-11-22,24.7,30.9,20.4,3.1,3.1,11.0,14.7,6.3,74
goiania,Goiania,GO,2023-11-23,24.9,30.6,21.8,5.6,5.6,5.0,9.8,5.1,75
goiania,Goiania,GO,2023-11-24,25.7,30.1,21.4,0.3,0.3,3.0,8.8,4.5,67
goiania,Goiania,GO,2023-11-25,26.7,32.9,21.5,0.7,0.7,2.0,10.4,7.0,63
goiania,Goiania,GO,2023-11-26,26.6,34.0,21.5,28.7,28.7,6.0,17.9,9.7,67
goiania,Goiania,GO,2023-11-27,23.8,29.4,21.0,14.4,14.4,12.0,14.1,8.3,81
goiania,Goiania,GO,2023-11-28,25.5,30.8,20.6,0.5,0.5,5.0,15.2,8.4,66
goiania,Goiania,GO,2023-11-29,25.5,30.4,20.5,0.4,0.4,2.0,14.0,6.1,69
goiania,Goiania,GO,2023-11-30,25.7,31.5,20.8,0.4,0.4,3.0,10.8,7.1,67
goiania,Goiania,GO,2023-12-01,25.7,30.4,22.0,0.4,0.4,3.0,13.0,7.0,68
goiania,Goiania,GO,2023-12-02,26.7,32.4,21.5,0.5,0.5,1.0,18.4,4.2,64
goiania,Goiania,GO,2023-12-03,24.7,30.1,21.5,4.7,4.7,8.0,12.6,7.0,71
goiania,Goiania,GO,2023-12-04,24.1,28.5,20.5,4.1,4.1,7.0,12.0,6.8,76
goiania,Goiania,GO,2023-12-05,23.4,29.8,19.4,2.8,2.8,9.0,10.3,4.2,80
goiania,Goiania,GO,2023-12-06,24.1,31.4,19.5,1.8,1.8,1.0,19.3,7.7,80
goiania,Goiania,GO,2023-12-07,26.3,33.0,19.1,0.0,0.0,0.0,14.8,7.5,60
goiania,Goiania,GO,2023-12-08,26.9,33.1,20.6,0.0,0.0,0.0,10.5,6.3,48
goiania,Goiania,GO,2023-12-09,26.6,33.3,21.4,1.9,1.9,2.0,25.2,7.9,61
goiania,Goiania,GO,2023-12-10,27.8,34.2,21.7,0.5,0.5,4.0,16.6,7.6,58
goiania,Goiania,GO,2023-12-11,24.8,30.3,21.5,10.6,10.6,7.0,19.8,8.5,72
goiania,Goiania,GO,2023-12-12,25.2,30.2,21.8,4.5,4.5,4.0,15.3,5.3,70
goiania,Goiania,GO,2023-12-13,26.7,32.8,20.8,0.1,0.1,1.0,11.3,6.7,67
goiania,Goiania,GO,2023-12-14,27.6,34.0,20.8,0.0,0.0,0.0,17.0,9.3,53
goiania,Goiania,GO,2023-12-15,28.0,35.5,20.0,0.0,0.0,0.0,16.2,9.5,41
goiania,Goiania,GO,2023-12-16,28.0,34.8,20.5,0.0,0.0,0.0,20.1,9.6,36
goiania,Goiania,GO,2023-12-17,28.3,34.3,20.6,0.0,0.0,0.0,10.6,6.5,38
goiania,Goiania,GO,2023-12-18,28.2,34.3,20.4,0.2,0.2,1.0,15.4,4.8,46
goiania,Goiania,GO,2023-12-19,25.9,32.0,19.9,7.9,7.9,10.0,14.0,7.6,65
goiania,Goiania,GO,2023-12-20,24.2,29.0,21.0,8.8,8.8,13.0,12.7,6.7,77
goiania,Goiania,GO,2023-12-21,22.3,24.4,20.5,24.4,24.4,21.0,20.2,10.9,87
goiania,Goiania,GO,2023-12-22,23.3,27.6,20.8,1.5,1.5,12.0,14.2,9.6,81
goiania,Goiania,GO,2023-12-23,23.4,26.4,20.9,0.8,0.8,3.0,12.7,6.2,81
goiania,Goiania,GO,2023-12-24,24.3,29.6,20.2,0.9,0.9,7.0,9.4,6.4,78
goiania,Goiania,GO,2023-12-25,25.1,32.0,19.6,1.1,1.1,3.0,14.8,6.5,76
goiania,Goiania,GO,2023-12-26,24.3,30.1,20.5,5.8,5.8,4.0,14.8,6.4,81
goiania,Goiania,GO,2023-12-27,26.0,31.5,21.4,0.0,0.0,0.0,8.2,3.9,71
goiania,Goiania,GO,2023-12-28,27.0,32.6,20.4,0.0,0.0,0.0,6.6,4.6,64
goiania,Goiania,GO,2023-12-29,26.0,33.0,21.4,5.8,5.8,4.0,14.0,6.2,72
goiania,Goiania,GO,2023-12-30,24.8,30.8,21.1,19.4,19.4,10.0,16.2,8.5,80
goiania,Goiania,GO,2023-12-31,24.0,27.9,20.5,9.9,9.9,7.0,12.7,6.5,81
goiania,Goiania,GO,2024-01-01,23.6,27.1,20.0,1.6,1.6,6.0,12.4,4.5,81
goiania,Goiania,GO,2024-01-02,23.9,28.0,20.7,7.1,7.1,13.0,9.3,5.4,81
goiania,Goiania,GO,2024-01-03,24.0,28.5,20.5,14.7,14.7,14.0,13.8,9.8,80
goiania,Goiania,GO,2024-01-04,22.8,27.5,20.4,17.8,17.8,20.0,15.7,7.8,86
goiania,Goiania,GO,2024-01-05,22.8,26.7,20.5,9.6,9.6,15.0,11.6,7.8,86
goiania,Goiania,GO,2024-01-06,24.0,28.8,19.6,1.0,1.0,5.0,11.9,5.9,78
goiania,Goiania,GO,2024-01-07,24.1,30.2,19.8,2.9,2.9,2.0,9.0,5.3,80
goiania,Goiania,GO,2024-01-08,23.3,28.9,19.9,17.5,17.5,9.0,11.5,5.3,84
goiania,Goiania,GO,2024-01-09,24.1,29.1,20.9,10.5,10.5,8.0,11.9,6.8,79
goiania,Goiania,GO,2024-01-10,23.7,28.9,21.1,1.3,1.3,9.0,15.9,6.4,80
goiania,Goiania,GO,2024-01-11,24.0,28.9,19.1,0.0,0.0,0.0,11.3,7.3,75
goiania,Goiania,GO,2024-01-12,25.0,30.8,19.6,0.8,0.8,4.0,11.3,7.2,73
goiania,Goiania,GO,2024-01-13,24.5,28.4,20.8,5.8,5.8,10.0,10.7,5.4,78
goiania,Goiania,GO,2024-01-14,23.9,30.0,20.7,26.9,26.9,9.0,12.6,5.1,79
goiania,Goiania,GO,2024-01-15,23.5,28.0,20.4,1.1,1.1,3.0,7.9,4.1,80
goiania,Goiania,GO,2024-01-16,24.9,30.8,19.8,0.2,0.2,2.0,12.0,5.5,74
goiania,Goiania,GO,2024-01-17,26.0,32.4,20.1,0.0,0.0,0.0,7.7,5.2,66
goiania,Goiania,GO,2024-01-18,25.6,32.0,20.5,1.2,1.2,3.0,11.2,4.5,69
goiania,Goiania,GO,2024-01-19,26.0,31.9,20.6,5.6,5.6,6.0,10.8,4.6,71
goiania,Goiania,GO,2024-01-20,25.6,32.1,20.4,0.5,0.5,3.0,16.5,6.1,72
goiania,Goiania,GO,2024-01-21,25.7,31.6,20.4,0.1,0.1,1.0,16.5,6.3,68
goiania,Goiania,GO,2024-01-22,25.7,31.0,21.1,4.5,4.5,5.0,11.7,7.6,71
goiania,Goiania,GO,2024-01-23,24.7,29.4,21.5,9.8,9.8,8.0,18.7,7.8,77
goiania,Goiania,GO,2024-01-24,23.1,27.5,20.4,45.0,45.0,21.0,14.4,8.8,87
goiania,Goiania,GO,2024-01-25,23.4,28.8,19.9,3.2,3.2,12.0,16.3,5.6,83
goiania,Goiania,GO,2024-01-26,24.0,29.7,18.6,0.0,0.0,0.0,11.2,6.3,67
goiania,Goiania,GO,2024-01-27,24.6,29.4,19.6,0.3,0.3,2.0,11.1,5.0,63
goiania,Goiania,GO,2024-01-28,24.4,28.9,19.9,1.3,1.3,3.0,14.6,9.8,72
goiania,Goiania,GO,2024-01-29,24.6,29.9,20.2,0.3,0.3,2.0,14.0,10.0,68
goiania,Goiania,GO,2024-01-30,25.1,30.5,19.0,0.4,0.4,4.0,9.4,5.5,63
goiania,Goiania,GO,2024-01-31,23.5,30.4,20.6,9.6,9.6,5.0,24.2,5.5,77
goiania,Goiania,GO,2024-02-01,23.7,30.2,18.8,1.1,1.1,7.0,14.5,6.4,77
goiania,Goiania,GO,2024-02-02,23.5,29.8,19.8,14.3,14.3,6.0,12.4,6.4,81
goiania,Goiania,GO,2024-02-03,23.1,29.0,19.8,6.6,6.6,12.0,17.9,8.0,80
goiania,Goiania,GO,2024-02-04,23.8,28.5,19.7,2.2,2.2,6.0,11.8,6.0,72
goiania,Goiania,GO,2024-02-05,23.8,30.3,20.1,11.4,11.4,9.0,16.7,7.4,74
goiania,Goiania,GO,2024-02-06,23.7,28.6,20.3,2.0,2.0,6.0,8.2,4.7,76
goiania,Goiania,GO,2024-02-07,25.3,31.6,20.6,4.5,4.5,6.0,13.2,6.2,70
goiania,Goiania,GO,2024-02-08,24.2,29.8,21.6,15.1,15.1,12.0,12.1,5.0,81
goiania,Goiania,GO,2024-02-09,23.8,28.4,21.1,10.0,10.0,16.0,10.4,3.6,85
goiania,Goiania,GO,2024-02-10,23.2,29.5,20.4,12.7,12.7,15.0,21.0,10.4,84
goiania,Goiania,GO,2024-02-11,22.6,26.6,19.7,2.5,2.5,6.0,20.2,10.3,83
goiania,Goiania,GO,2024-02-12,23.7,30.1,20.0,6.5,6.5,5.0,9.8,6.6,77
goiania,Goiania,GO,2024-02-13,24.5,31.0,18.1,0.3,0.3,2.0,9.1,5.6,71
goiania,Goiania,GO,2024-02-14,25.5,30.7,19.5,0.0,0.0,0.0,7.6,4.2,64
goiania,Goiania,GO,2024-02-15,25.4,30.5,20.6,0.3,0.3,2.0,15.6,6.1,67
goiania,Goiania,GO,2024-02-16,24.5,28.5,21.5,3.9,3.9,5.0,7.9,5.2,73
goiania,Goiania,GO,2024-02-17,23.9,27.3,21.0,6.1,6.1,11.0,11.6,7.2,80
goiania,Goiania,GO,2024-02-18,22.9,27.5,20.5,2.3,2.3,13.0,16.9,8.9,85
goiania,Goiania,GO,2024-02-19,23.4,27.7,20.1,1.4,1.4,8.0,17.8,12.2,83
goiania,Goiania,GO,2024-02-20,22.3,25.4,20.6,12.2,12.2,18.0,14.8,11.0,89
goiania,Goiania,GO,2024-02-21,22.5,26.1,20.3,19.0,19.0,14.0,17.7,7.3,86
goiania,Goiania,GO,2024-02-22,23.5,28.2,19.8,1.3,1.3,7.0,15.8,10.1,81
goiania,Goiania,GO,2024-02-23,23.3,27.3,19.8,0.4,0.4,4.0,11.5,6.9,83
goiania,Goiania,GO,2024-02-24,23.0,26.1,20.1,1.2,1.2,6.0,8.7,5.4,79
goiania,Goiania,GO,2024-02-25,24.5,30.7,19.0,0.5,0.5,2.0,11.8,8.0,76
goiania,Goiania,GO,2024-02-26,24.5,30.7,19.0,0.0,0.0,0.0,15.8,9.7,68
goiania,Goiania,GO,2024-02-27,24.2,30.0,17.0,0.0,0.0,0.0,17.9,8.7,60
goiania,Goiania,GO,2024-02-28,25.4,31.8,19.0,0.0,0.0,0.0,8.5,4.7,63
goiania,Goiania,GO,2024-02-29,26.0,31.8,19.4,0.0,0.0,0.0,6.0,3.3,61
goiania,Goiania,GO,2024-03-01,26.1,31.5,20.1,0.0,0.0,0.0,7.2,3.9,67
goiania,Goiania,GO,2024-03-02,26.2,31.9,20.7,0.3,0.3,3.0,8.5,4.9,70
goiania,Goiania,GO,2024-03-03,25.0,31.6,20.9,5.8,5.8,3.0,7.9,4.4,78
goiania,Goiania,GO,2024-03-04,24.4,28.8,20.5,0.0,0.0,0.0,10.5,7.2,76
goiania,Goiania,GO,2024-03-05,24.6,28.9,21.2,0.9,0.9,3.0,12.7,6.1,76
goiania,Goiania,GO,2024-03-06,25.4,30.4,20.3,0.0,0.0,0.0,15.1,5.3,72
goiania,Goiania,GO,2024-03-07,24.5,29.8,21.6,0.9,0.9,2.0,12.8,6.0,80
goiania,Goiania,GO,2024-03-08,24.6,30.6,20.0,0.8,0.8,5.0,9.8,5.8,79
goiania,Goiania,GO,2024-03-09,25.6,30.6,20.9,0.3,0.3,1.0,9.0,4.8,76
goiania,Goiania,GO,2024-03-10,23.8,27.6,21.9,13.3,13.3,16.0,7.5,3.5,85
goiania,Goiania,GO,2024-03-11,26.0,30.4,21.8,0.3,0.3,3.0,7.1,3.1,74
goiania,Goiania,GO,2024-03-12,25.9,31.8,22.0,2.7,2.7,6.0,11.1,5.6,78
goiania,Goiania,GO,2024-03-13,24.7,28.4,21.9,6.2,6.2,9.0,9.4,4.5,84
goiania,Goiania,GO,2024-03-14,24.6,30.5,20.0,5.3,5.3,4.0,11.8,5.0,82
goiania,Goiania,GO,2024-03-15,25.8,31.0,20.6,0.7,0.7,1.0,11.2,5.6,76
goiania,Goiania,GO,2024-03-16,25.5,31.4,20.9,1.3,1.3,6.0,12.6,7.4,76
goiania,Goiania,GO,2024-03-17,25.5,31.5,20.1,0.5,0.5,2.0,8.9,5.9,75
goiania,Goiania,GO,2024-03-18,26.3,31.5,21.5,0.7,0.7,3.0,6.1,3.4,74
goiania,Goiania,GO,2024-03-19,26.0,31.6,21.5,4.2,4.2,5.0,10.8,4.8,75
goiania,Goiania,GO,2024-03-20,24.8,30.2,20.6,1.7,1.7,10.0,10.5,5.0,82
goiania,Goiania,GO,2024-03-21,24.0,29.0,20.6,2.4,2.4,3.0,16.0,6.6,85
goiania,Goiania,GO,2024-03-22,24.4,30.1,19.6,8.4,8.4,6.0,9.4,4.5,82
goiania,Goiania,GO,2024-03-23,22.1,23.9,20.7,17.0,17.0,16.0,11.2,6.2,92
goiania,Goiania,GO,2024-03-24,23.8,28.9,20.6,1.8,1.8,7.0,16.7,7.0,81
goiania,Goiania,GO,2024-03-25,23.0,26.8,21.5,6.4,6.4,14.0,11.0,5.9,85
goiania,Goiania,GO,2024-03-26,22.3,27.5,20.5,14.3,14.3,14.0,12.3,6.2,87
goiania,Goiania,GO,2024-03-27,21.8,26.5,19.8,8.9,8.9,14.0,12.6,8.4,89
goiania,Goiania,GO,2024-03-28,21.9,25.9,19.5,10.9,10.9,13.0,15.2,7.4,89
goiania,Goiania,GO,2024-03-29,24.2,29.9,19.5,0.2,0.2,2.0,15.0,7.0,78
goiania,Goiania,GO,2024-03-30,24.3,29.8,19.7,0.5,0.5,5.0,9.9,3.8,81
goiania,Goiania,GO,2024-03-31,23.9,28.6,20.5,2.3,2.3,7.0,8.6,4.2,86
goiania,Goiania,GO,2024-04-01,24.2,29.4,19.9,2.4,2.4,5.0,15.2,5.5,83
goiania,Goiania,GO,2024-04-02,23.4,26.9,20.5,3.7,3.7,8.0,8.7,4.5,85
goiania,Goiania,GO,2024-04-03,23.2,28.1,19.9,7.8,7.8,8.0,9.7,4.1,87
goiania,Goiania,GO,2024-04-04,23.8,29.0,19.5,2.3,2.3,6.0,9.5,4.6,83
goiania,Goiania,GO,2024-04-05,23.8,28.8,20.5,5.1,5.1,9.0,14.2,5.2,84
goiania,Goiania,GO,2024-04-06,24.2,29.2,19.5,0.2,0.2,1.0,7.4,4.7,79
goiania,Goiania,GO,2024-04-07,24.5,29.8,20.3,9.9,9.9,10.0,12.2,7.1,76
goiania,Goiania,GO,2024-04-08,24.4,29.1,19.6,0.2,0.2,2.0,12.1,6.6,72
goiania,Goiania,GO,2024-04-09,24.3,29.6,19.7,6.0,6.0,5.0,10.7,5.6,76
goiania,Goiania,GO,2024-04-10,23.9,28.6,21.0,10.9,10.9,10.0,10.0,6.0,80
goiania,Goiania,GO,2024-04-11,24.4,28.6,21.2,0.0,0.0,0.0,7.8,3.8,76
goiania,Goiania,GO,2024-04-12,23.1,29.4,19.8,17.1,17.1,12.0,20.5,6.5,86
goiania,Goiania,GO,2024-04-13,24.4,29.0,21.0,0.6,0.6,2.0,14.6,8.7,76
goiania,Goiania,GO,2024-04-14,24.0,28.6,19.5,0.0,0.0,0.0,10.4,6.5,70
goiania,Goiania,GO,2024-04-15,24.4,29.6,19.1,0.0,0.0,0.0,16.4,9.6,67
goiania,Goiania,GO,2024-04-16,25.2,30.1,21.3,0.0,0.0,0.0,13.0,9.1,66
goiania,Goiania,GO,2024-04-17,25.0,30.1,19.8,0.3,0.3,3.0,10.7,7.1,66
goiania,Goiania,GO,2024-04-18,24.7,29.9,19.8,0.4,0.4,2.0,13.0,7.9,70
goiania,Goiania,GO,2024-04-19,24.4,30.0,20.1,0.5,0.5,4.0,11.9,6.4,77
goiania,Goiania,GO,2024-04-20,24.8,30.0,20.2,0.0,0.0,0.0,14.3,9.0,71
goiania,Goiania,GO,2024-04-21,23.8,30.1,18.2,0.0,0.0,0.0,13.0,8.4,62
goiania,Goiania,GO,2024-04-22,23.2,29.3,16.7,0.1,0.1,1.0,11.0,6.1,62
goiania,Goiania,GO,2024-04-23,24.0,30.6,17.8,0.0,0.0,0.0,10.2,5.7,63
goiania,Goiania,GO,2024-04-24,24.5,30.1,18.7,0.2,0.2,1.0,8.6,5.6,63
goiania,Goiania,GO,2024-04-25,24.9,30.7,19.3,0.0,0.0,0.0,13.4,7.7,61
goiania,Goiania,GO,2024-04-26,24.9,31.4,19.2,0.0,0.0,0.0,16.1,8.9,58
goiania,Goiania,GO,2024-04-27,24.7,31.2,18.8,0.0,0.0,0.0,13.0,7.5,57
goiania,Goiania,GO,2024-04-28,24.6,30.9,19.0,0.0,0.0,0.0,9.3,6.0,59
goiania,Goiania,GO,2024-04-29,25.0,31.7,19.0,0.0,0.0,0.0,12.8,7.0,59
goiania,Goiania,GO,2024-04-30,25.1,31.5,18.7,0.0,0.0,0.0,16.1,7.4,55
goiania,Goiania,GO,2024-05-01,25.0,30.9,19.4,0.0,0.0,0.0,10.8,6.6,59
goiania,Goiania,GO,2024-05-02,24.7,31.0,18.7,0.0,0.0,0.0,10.5,6.7,54
goiania,Goiania,GO,2024-05-03,24.5,31.1,18.4,0.0,0.0,0.0,8.9,6.6,58
goiania,Goiania,GO,2024-05-04,24.4,31.2,18.7,0.0,0.0,0.0,14.9,8.9,49
goiania,Goiania,GO,2024-05-05,23.6,29.6,18.0,0.0,0.0,0.0,18.1,11.6,56
goiania,Goiania,GO,2024-05-06,23.8,29.9,18.2,0.1,0.1,1.0,20.5,11.5,60
goiania,Goiania,GO,2024-05-07,23.8,30.2,18.2,0.0,0.0,0.0,16.3,9.6,62
goiania,Goiania,GO,2024-05-08,23.4,30.1,17.2,0.0,0.0,0.0,13.6,7.8,56
goiania,Goiania,GO,2024-05-09,23.0,30.0,16.5,0.0,0.0,0.0,11.7,8.1,60
goiania,Goiania,GO,2024-05-10,22.5,29.5,15.6,0.0,0.0,0.0,15.2,8.6,59
goiania,Goiania,GO,2024-05-11,22.9,29.8,17.1,0.0,0.0,0.0,8.4,5.2,56
goiania,Goiania,GO,2024-05-12,23.2,30.5,16.5,0.0,0.0,0.0,9.6,6.0,52
goiania,Goiania,GO,2024-05-13,24.0,30.9,18.5,0.0,0.0,0.0,9.2,4.8,53
goiania,Goiania,GO,2024-05-14,23.7,30.8,17.0,0.0,0.0,0.0,12.7,8.3,55
goiania,Goiania,GO,2024-05-15,23.1,30.6,16.6,0.0,0.0,0.0,13.5,9.5,59
goiania,Goiania,GO,2024-05-16,23.7,31.3,16.4,0.0,0.0,0.0,17.3,10.2,43
goiania,Goiania,GO,2024-05-17,23.3,30.1,16.6,0.0,0.0,0.0,17.2,9.5,47
goiania,Goiania,GO,2024-05-18,22.2,29.2,15.1,0.0,0.0,0.0,13.3,7.9,53
goiania,Goiania,GO,2024-05-19,22.9,29.5,16.8,0.0,0.0,0.0,11.4,6.6,52
goiania,Goiania,GO,2024-05-20,23.1,30.1,15.8,0.0,0.0,0.0,14.5,8.8,55
goiania,Goiania,GO,2024-05-21,24.1,30.2,18.5,0.0,0.0,0.0,17.8,10.2,55
goiania,Goiania,GO,2024-05-22,23.2,29.9,17.7,0.0,0.0,0.0,18.8,10.2,48
goiania,Goiania,GO,2024-05-23,23.8,30.6,17.4,0.0,0.0,0.0,17.0,7.9,51
goiania,Goiania,GO,2024-05-24,24.3,30.8,18.6,0.0,0.0,0.0,12.5,7.1,53
goiania,Goiania,GO,2024-05-25,23.7,30.1,17.7,0.0,0.0,0.0,10.4,7.1,55
goiania,Goiania,GO,2024-05-26,23.2,30.0,17.5,0.0,0.0,0.0,12.2,9.1,60
goiania,Goiania,GO,2024-05-27,22.9,30.3,15.8,0.0,0.0,0.0,9.5,6.5,55
goiania,Goiania,GO,2024-05-28,21.9,28.0,16.9,0.0,0.0,0.0,14.9,10.9,63
goiania,Goiania,GO,2024-05-29,19.8,26.4,14.9,0.0,0.0,0.0,15.0,10.4,72
goiania,Goiania,GO,2024-05-30,21.3,29.0,14.4,0.0,0.0,0.0,14.2,8.9,61
goiania,Goiania,GO,2024-05-31,21.6,28.8,14.9,0.0,0.0,0.0,12.7,9.5,50
goiania,Goiania,GO,2024-06-01,21.9,28.5,16.8,0.0,0.0,0.0,22.5,13.4,50
goiania,Goiania,GO,2024-06-02,22.3,28.7,17.2,0.0,0.0,0.0,20.3,12.3,50
goiania,Goiania,GO,2024-06-03,22.5,28.5,17.2,0.0,0.0,0.0,12.8,8.7,54
goiania,Goiania,GO,2024-06-04,22.0,28.7,15.6,0.0,0.0,0.0,17.3,9.7,54
goiania,Goiania,GO,2024-06-05,22.1,28.9,15.8,0.0,0.0,0.0,19.2,9.6,52
goiania,Goiania,GO,2024-06-06,22.2,28.1,16.3,0.0,0.0,0.0,20.5,10.1,53
goiania,Goiania,GO,2024-06-07,22.6,29.1,17.2,0.0,0.0,0.0,17.3,10.9,54
goiania,Goiania,GO,2024-06-08,22.8,29.5,16.4,0.0,0.0,0.0,17.8,10.2,55
goiania,Goiania,GO,2024-06-09,22.8,29.7,16.8,0.0,0.0,0.0,12.1,8.7,52
goiania,Goiania,GO,2024-06-10,22.3,29.5,15.6,0.0,0.0,0.0,11.1,8.3,50
goiania,Goiania,GO,2024-06-11,23.1,30.4,16.5,0.0,0.0,0.0,16.2,9.5,53
goiania,Goiania,GO,2024-06-12,22.9,29.4,17.1,0.0,0.0,0.0,19.0,11.5,45
goiania,Goiania,GO,2024-06-13,22.4,29.7,15.6,0.0,0.0,0.0,17.8,11.6,47
goiania,Goiania,GO,2024-06-14,23.5,30.0,18.7,0.0,0.0,0.0,20.2,12.9,48
goiania,Goiania,GO,2024-06-15,22.6,29.1,16.4,0.0,0.0,0.0,16.6,9.7,53
goiania,Goiania,GO,2024-06-16,21.7,28.5,15.8,0.0,0.0,0.0,17.0,9.9,50
goiania,Goiania,GO,2024-06-17,21.2,28.6,13.8,0.0,0.0,0.0,11.0,7.9,44
goiania,Goiania,GO,2024-06-18,21.9,29.1,15.4,0.0,0.0,0.0,17.1,9.6,40
goiania,Goiania,GO,2024-06-19,21.7,29.4,14.7,0.0,0.0,0.0,13.8,9.7,44
goiania,Goiania,GO,2024-06-20,22.5,28.8,16.6,0.0,0.0,0.0,16.6,10.2,51
goiania,Goiania,GO,2024-06-21,23.7,29.4,19.1,0.0,0.0,0.0,20.0,11.1,42
goiania,Goiania,GO,2024-06-22,23.5,29.2,18.4,0.0,0.0,0.0,19.7,9.9,42
goiania,Goiania,GO,2024-06-23,23.2,29.5,17.2,0.0,0.0,0.0,14.5,8.2,41
goiania,Goiania,GO,2024-06-24,23.0,30.1,15.5,0.0,0.0,0.0,8.3,5.7,41
goiania,Goiania,GO,2024-06-25,22.3,29.8,14.7,0.0,0.0,0.0,9.4,6.8,43
goiania,Goiania,GO,2024-06-26,22.4,29.8,15.6,0.0,0.0,0.0,11.9,8.2,42
goiania,Goiania,GO,2024-06-27,22.3,29.0,16.0,0.0,0.0,0.0,10.2,5.8,41
goiania,Goiania,GO,2024-06-28,22.5,30.2,14.6,0.0,0.0,0.0,15.5,8.5,39
goiania,Goiania,GO,2024-06-29,22.0,30.0,14.7,0.0,0.0,0.0,11.5,5.3,41
goiania,Goiania,GO,2024-06-30,22.8,30.1,16.2,0.0,0.0,0.0,9.7,7.3,37
goiania,Goiania,GO,2024-07-01,22.9,30.8,15.1,0.0,0.0,0.0,11.0,7.2,35
goiania,Goiania,GO,2024-07-02,22.3,29.6,15.6,0.0,0.0,0.0,16.9,11.7,39
goiania,Goiania,GO,2024-07-03,22.3,29.0,15.6,0.0,0.0,0.0,19.5,10.5,45
goiania,Goiania,GO,2024-07-04,21.9,28.5,15.3,0.0,0.0,0.0,10.1,7.5,47
goiania,Goiania,GO,2024-07-05,22.1,29.1,15.2,0.0,0.0,0.0,13.7,8.9,43
goiania,Goiania,GO,2024-07-06,22.6,30.0,15.4,0.0,0.0,0.0,11.2,7.2,45
goiania,Goiania,GO,2024-07-07,23.5,31.0,16.0,0.0,0.0,0.0,16.3,9.2,42
goiania,Goiania,GO,2024-07-08,23.7,31.8,16.4,0.0,0.0,0.0,11.1,4.4,39
goiania,Goiania,GO,2024-07-09,23.5,31.9,16.1,0.0,0.0,0.0,12.4,7.3,40
goiania,Goiania,GO,2024-07-10,23.5,30.7,16.0,0.0,0.0,0.0,9.0,6.1,41
goiania,Goiania,GO,2024-07-11,24.2,32.1,16.7,0.0,0.0,0.0,15.5,9.1,39
goiania,Goiania,GO,2024-07-12,23.7,31.0,17.1,0.0,0.0,0.0,15.9,9.9,39
goiania,Goiania,GO,2024-07-13,22.2,28.9,16.3,0.0,0.0,0.0,20.9,12.4,41
goiania,Goiania,GO,2024-07-14,21.1,28.4,14.4,0.0,0.0,0.0,14.8,9.0,40
goiania,Goiania,GO,2024-07-15,21.2,27.9,14.2,0.0,0.0,0.0,14.6,8.8,42
goiania,Goiania,GO,2024-07-16,21.4,28.5,14.8,0.0,0.0,0.0,17.9,10.1,43
goiania,Goiania,GO,2024-07-17,21.6,28.6,15.4,0.0,0.0,0.0,13.0,7.3,43
goiania,Goiania,GO,2024-07-18,21.4,28.8,14.8,0.0,0.0,0.0,17.2,10.0,42
goiania,Goiania,GO,2024-07-19,21.2,28.9,13.9,0.0,0.0,0.0,16.5,9.2,44
goiania,Goiania,GO,2024-07-20,21.5,28.6,14.4,0.0,0.0,0.0,17.4,10.4,40
goiania,Goiania,GO,2024-07-21,21.3,28.4,15.0,0.0,0.0,0.0,20.5,11.3,41
goiania,Goiania,GO,2024-07-22,21.2,27.9,13.9,0.0,0.0,0.0,16.7,9.5,40
goiania,Goiania,GO,2024-07-23,21.6,28.5,14.8,0.0,0.0,0.0,19.7,11.0,38
goiania,Goiania,GO,2024-07-24,22.1,30.1,13.9,0.0,0.0,0.0,17.8,10.5,35
goiania,Goiania,GO,2024-07-25,21.7,29.3,14.6,0.0,0.0,0.0,10.1,7.8,36
goiania,Goiania,GO,2024-07-26,22.0,30.0,14.5,0.0,0.0,0.0,14.2,8.1,35
goiania,Goiania,GO,2024-07-27,22.7,30.2,14.9,0.0,0.0,0.0,13.0,8.9,41
goiania,Goiania,GO,2024-07-28,23.5,31.2,17.1,0.0,0.0,0.0,15.6,8.1,43
goiania,Goiania,GO,2024-07-29,24.1,32.1,16.0,0.0,0.0,0.0,17.2,8.1,37
goiania,Goiania,GO,2024-07-30,25.1,31.9,18.5,0.0,0.0,0.0,15.4,6.5,32
goiania,Goiania,GO,2024-07-31,24.5,31.5,17.6,0.0,0.0,0.0,22.3,13.5,33
goiania,Goiania,GO,2024-08-01,23.8,30.0,18.1,0.0,0.0,0.0,23.0,14.9,36
goiania,Goiania,GO,2024-08-02,23.6,29.6,18.4,0.0,0.0,0.0,20.4,13.0,41
goiania,Goiania,GO,2024-08-03,23.7,29.4,18.5,0.0,0.0,0.0,18.3,14.5,40
goiania,Goiania,GO,2024-08-04,23.7,30.6,17.6,0.0,0.0,0.0,19.6,11.9,38
goiania,Goiania,GO,2024-08-05,23.6,29.5,17.2,0.0,0.0,0.0,19.9,14.0,38
goiania,Goiania,GO,2024-08-06,23.3,29.3,16.5,0.0,0.0,0.0,21.3,12.2,39
goiania,Goiania,GO,2024-08-07,23.6,29.9,16.5,0.0,0.0,0.0,21.1,10.0,31
goiania,Goiania,GO,2024-08-08,24.0,31.0,17.3,0.0,0.0,0.0,13.0,8.5,32
goiania,Goiania,GO,2024-08-09,24.5,32.0,16.7,0.0,0.0,0.0,19.3,7.3,35
goiania,Goiania,GO,2024-08-10,18.9,24.2,15.3,0.0,0.0,0.0,17.8,13.0,56
goiania,Goiania,GO,2024-08-11,19.7,30.1,11.0,0.0,0.0,0.0,16.1,10.7,32
goiania,Goiania,GO,2024-08-12,19.5,28.1,11.3,0.0,0.0,0.0,12.7,9.2,21
goiania,Goiania,GO,2024-08-13,20.2,30.2,10.9,0.0,0.0,0.0,13.5,9.5,22
goiania,Goiania,GO,2024-08-14,24.1,33.5,15.8,0.0,0.0,0.0,14.4,7.5,24
goiania,Goiania,GO,2024-08-15,25.9,33.8,18.2,0.0,0.0,0.0,11.8,8.2,40
goiania,Goiania,GO,2024-08-16,26.2,33.5,19.0,0.0,0.0,0.0,15.1,9.6,36
goiania,Goiania,GO,2024-08-17,26.0,33.7,17.7,0.0,0.0,0.0,17.0,11.3,30
goiania,Goiania,GO,2024-08-18,25.5,33.5,17.2,0.0,0.0,0.0,18.2,10.1,25
goiania,Goiania,GO,2024-08-19,25.4,33.5,17.1,0.0,0.0,0.0,19.2,10.1,22
goiania,Goiania,GO,2024-08-20,25.5,33.3,17.1,0.0,0.0,0.0,11.5,8.8,25
goiania,Goiania,GO,2024-08-21,25.1,33.1,16.9,0.0,0.0,0.0,17.1,10.3,25
goiania,Goiania,GO,2024-08-22,26.2,33.8,18.8,0.0,0.0,0.0,15.6,8.6,23
goiania,Goiania,GO,2024-08-23,27.0,34.8,19.2,0.0,0.0,0.0,13.3,8.2,24
goiania,Goiania,GO,2024-08-24,26.9,34.8,18.5,0.0,0.0,0.0,13.7,8.3,27
goiania,Goiania,GO,2024-08-25,23.6,31.0,16.4,0.0,0.0,0.0,25.9,16.8,49
goiania,Goiania,GO,2024-08-26,20.5,29.0,13.4,0.0,0.0,0.0,17.7,12.8,52
goiania,Goiania,GO,2024-08-27,24.1,33.0,16.0,0.0,0.0,0.0,11.8,10.3,39
goiania,Goiania,GO,2024-08-28,25.3,32.7,17.9,0.0,0.0,0.0,19.1,12.2,32
goiania,Goiania,GO,2024-08-29,24.9,31.4,18.6,0.0,0.0,0.0,21.9,13.1,35
goiania,Goiania,GO,2024-08-30,24.4,31.4,17.9,0.0,0.0,0.0,18.2,11.4,34
goiania,Goiania,GO,2024-08-31,25.2,33.7,16.6,0.0,0.0,0.0,14.3,8.7,27
goiania,Goiania,GO,2024-09-01,25.4,34.2,16.5,0.0,0.0,0.0,11.9,8.2,22
goiania,Goiania,GO,2024-09-02,26.0,35.2,16.9,0.0,0.0,0.0,12.3,8.4,19
goiania,Goiania,GO,2024-09-03,26.8,35.3,19.2,0.0,0.0,0.0,12.2,8.2,16
goiania,Goiania,GO,2024-09-04,28.0,36.2,19.5,0.0,0.0,0.0,13.3,8.9,15
goiania,Goiania,GO,2024-09-05,28.5,36.2,19.4,0.0,0.0,0.0,14.8,5.9,17
goiania,Goiania,GO,2024-09-06,27.8,36.0,18.7,0.0,0.0,0.0,13.8,9.0,24
goiania,Goiania,GO,2024-09-07,27.6,34.8,21.0,0.0,0.0,0.0,22.0,13.7,23
goiania,Goiania,GO,2024-09-08,26.0,33.7,18.6,0.0,0.0,0.0,22.7,13.7,26
goiania,Goiania,GO,2024-09-09,25.5,33.5,17.3,0.0,0.0,0.0,16.3,10.9,25
goiania,Goiania,GO,2024-09-10,26.1,33.8,17.7,0.0,0.0,0.0,18.6,10.1,23
goiania,Goiania,GO,2024-09-11,26.9,33.6,20.4,0.0,0.0,0.0,18.8,10.7,26
goiania,Goiania,GO,2024-09-12,27.6,34.5,21.5,0.0,0.0,0.0,19.5,10.0,25
goiania,Goiania,GO,2024-09-13,28.0,35.2,20.1,0.0,0.0,0.0,15.9,9.3,26
goiania,Goiania,GO,2024-09-14,28.5,35.5,20.4,0.0,0.0,0.0,12.3,7.5,27
goiania,Goiania,GO,2024-09-15,28.4,35.5,20.6,0.0,0.0,0.0,15.9,9.1,24
goiania,Goiania,GO,2024-09-16,27.9,35.2,20.2,0.0,0.0,0.0,14.5,10.2,25
goiania,Goiania,GO,2024-09-17,28.4,35.8,22.1,0.0,0.0,0.0,15.3,10.3,37
goiania,Goiania,GO,2024-09-18,28.8,35.2,21.5,0.0,0.0,0.0,21.6,10.5,31
goiania,Goiania,GO,2024-09-19,29.1,35.5,23.6,0.0,0.0,0.0,15.0,10.9,31
goiania,Goiania,GO,2024-09-20,28.5,35.6,22.0,0.0,0.0,0.0,17.9,12.8,27
goiania,Goiania,GO,2024-09-21,28.9,36.7,20.6,0.0,0.0,0.0,14.8,8.5,22
goiania,Goiania,GO,2024-09-22,28.8,36.5,20.0,0.0,0.0,0.0,14.0,7.4,24
goiania,Goiania,GO,2024-09-23,29.7,37.0,21.8,0.0,0.0,0.0,13.2,8.3,23
goiania,Goiania,GO,2024-09-24,30.3,37.2,22.3,0.0,0.0,0.0,14.8,9.2,24
goiania,Goiania,GO,2024-09-25,29.9,36.5,22.1,0.0,0.0,0.0,17.4,9.5,24
goiania,Goiania,GO,2024-09-26,30.2,37.7,21.8,0.0,0.0,0.0,14.3,7.9,22
goiania,Goiania,GO,2024-09-27,29.0,35.5,21.8,0.1,0.1,1.0,18.2,9.1,33
goiania,Goiania,GO,2024-09-28,27.7,35.4,21.5,4.2,4.2,3.0,16.8,9.8,52
goiania,Goiania,GO,2024-09-29,26.8,34.5,20.1,5.7,5.7,5.0,18.2,12.2,52
goiania,Goiania,GO,2024-09-30,27.8,33.6,23.0,0.0,0.0,0.0,19.3,12.9,36
goiania,Goiania,GO,2024-10-01,28.1,35.0,20.6,0.0,0.0,0.0,17.5,10.5,26
goiania,Goiania,GO,2024-10-02,28.8,36.2,19.6,0.0,0.0,0.0,19.7,8.7,27
goiania,Goiania,GO,2024-10-03,29.5,37.2,20.2,0.0,0.0,0.0,11.6,6.6,26
goiania,Goiania,GO,2024-10-04,31.0,38.8,23.8,0.0,0.0,0.0,17.2,8.2,26
goiania,Goiania,GO,2024-10-05,31.2,38.9,23.5,0.0,0.0,0.0,13.9,9.4,29
goiania,Goiania,GO,2024-10-06,31.0,38.7,23.8,0.0,0.0,0.0,15.3,9.4,24
goiania,Goiania,GO,2024-10-07,30.2,37.7,23.5,0.0,0.0,0.0,15.9,9.6,31
goiania,Goiania,GO,2024-10-08,29.1,34.3,24.6,2.8,2.8,7.0,15.8,10.0,46
goiania,Goiania,GO,2024-10-09,27.6,32.8,22.3,0.0,0.0,0.0,14.8,7.7,59
goiania,Goiania,GO,2024-10-10,24.5,27.7,21.5,11.1,11.1,10.0,12.4,6.3,74
goiania,Goiania,GO,2024-10-11,26.2,34.3,20.6,2.9,2.9,3.0,20.3,7.4,62
goiania,Goiania,GO,2024-10-12,25.2,31.3,20.1,10.0,10.0,5.0,9.1,5.3,72
goiania,Goiania,GO,2024-10-13,25.1,30.6,21.5,2.5,2.5,2.0,14.4,9.1,71
goiania,Goiania,GO,2024-10-14,26.2,33.5,21.9,5.0,5.0,3.0,18.7,9.3,64
goiania,Goiania,GO,2024-10-15,22.9,26.7,20.5,2.8,2.8,7.0,15.8,9.1,83
goiania,Goiania,GO,2024-10-16,23.3,29.0,19.2,1.9,1.9,1.0,10.8,6.1,78
goiania,Goiania,GO,2024-10-17,23.6,29.8,20.1,2.8,2.8,4.0,16.5,7.0,76
goiania,Goiania,GO,2024-10-18,23.8,29.2,19.3,0.8,0.8,2.0,11.3,7.0,73
goiania,Goiania,GO,2024-10-19,21.7,24.5,19.6,8.8,8.8,13.0,18.7,10.5,86
goiania,Goiania,GO,2024-10-20,22.1,26.2,19.9,5.8,5.8,13.0,18.0,10.0,86
goiania,Goiania,GO,2024-10-21,22.7,27.8,21.1,13.2,13.2,17.0,16.5,5.2,88
goiania,Goiania,GO,2024-10-22,23.9,29.1,20.0,2.8,2.8,8.0,12.6,5.3,80
goiania,Goiania,GO,2024-10-23,24.6,30.1,20.4,1.4,1.4,6.0,11.7,6.3,74
goiania,Goiania,GO,2024-10-24,24.4,29.7,20.2,7.5,7.5,7.0,15.7,5.3,79
goiania,Goiania,GO,2024-10-25,24.0,27.2,21.2,13.2,13.2,10.0,18.2,7.0,84
goiania,Goiania,GO,2024-10-26,24.1,30.0,19.7,1.5,1.5,3.0,16.2,6.5,79
goiania,Goiania,GO,2024-10-27,23.8,30.1,20.0,5.8,5.8,10.0,12.2,6.2,82
goiania,Goiania,GO,2024-10-28,24.6,30.1,21.1,10.4,10.4,11.0,23.0,7.6,79
goiania,Goiania,GO,2024-10-29,23.3,28.4,20.6,0.5,0.5,3.0,16.7,5.8,78
goiania,Goiania,GO,2024-10-30,23.1,28.8,19.8,15.6,15.6,19.0,11.5,6.8,84
goiania,Goiania,GO,2024-10-31,22.7,28.4,17.9,1.2,1.2,6.0,11.5,7.1,78
goiania,Goiania,GO,2024-11-01,23.1,28.6,19.5,5.8,5.8,10.0,19.9,8.9,75
goiania,Goiania,GO,2024-11-02,23.5,29.0,19.7,1.5,1.5,9.0,10.7,5.3,80
goiania,Goiania,GO,2024-11-03,23.8,27.8,20.8,0.6,0.6,3.0,12.8,8.3,79
goiania,Goiania,GO,2024-11-04,24.0,29.5,20.5,13.2,13.2,8.0,15.0,7.4,80
goiania,Goiania,GO,2024-11-05,21.7,23.1,20.1,19.0,19.0,18.0,17.2,8.2,89
goiania,Goiania,GO,2024-11-06,23.1,29.3,19.8,8.0,8.0,15.0,16.4,7.0,82
goiania,Goiania,GO,2024-11-07,22.5,26.2,20.5,13.8,13.8,10.0,15.0,5.2,87
goiania,Goiania,GO,2024-11-08,21.8,24.6,19.8,6.0,6.0,11.0,19.6,12.1,88
goiania,Goiania,GO,2024-11-09,22.4,26.5,20.2,13.8,13.8,14.0,17.4,9.7,87
goiania,Goiania,GO,2024-11-10,23.4,29.0,18.5,0.4,0.4,3.0,11.8,4.6,76
goiania,Goiania,GO,2024-11-11,23.7,29.1,20.0,3.5,3.5,11.0,13.5,6.2,81
goiania,Goiania,GO,2024-11-12,23.2,27.2,19.2,1.2,1.2,6.0,10.6,5.5,83
goiania,Goiania,GO,2024-11-13,23.0,26.9,20.8,11.1,11.1,14.0,8.9,3.8,85
goiania,Goiania,GO,2024-11-14,23.2,27.8,20.6,4.2,4.2,16.0,11.0,6.3,83
goiania,Goiania,GO,2024-11-15,22.7,25.6,20.5,0.9,0.9,5.0,14.2,7.8,82
goiania,Goiania,GO,2024-11-16,22.6,26.4,20.2,5.1,5.1,11.0,12.8,6.0,82
goiania,Goiania,GO,2024-11-17,22.2,24.9,19.5,6.2,6.2,14.0,7.8,5.0,86
goiania,Goiania,GO,2024-11-18,23.5,28.8,19.4,7.3,7.3,5.0,8.3,3.2,81
goiania,Goiania,GO,2024-11-19,24.0,29.0,19.6,3.0,3.0,9.0,7.0,4.1,81
goiania,Goiania,GO,2024-11-20,24.0,29.0,20.0,6.8,6.8,12.0,12.9,6.3,81
goiania,Goiania,GO,2024-11-21,24.3,28.8,19.9,3.0,3.0,5.0,6.9,3.7,81
goiania,Goiania,GO,2024-11-22,24.0,27.4,20.6,16.1,16.1,15.0,9.9,4.4,83
goiania,Goiania,GO,2024-11-23,23.4,27.5,19.9,10.4,10.4,13.0,8.4,4.1,83
goiania,Goiania,GO,2024-11-24,23.1,27.9,20.0,6.4,6.4,11.0,8.9,5.4,84
goiania,Goiania,GO,2024-11-25,24.2,29.1,20.0,0.0,0.0,0.0,15.0,9.1,71
goiania,Goiania,GO,2024-11-26,24.5,29.4,20.3,1.4,1.4,6.0,14.3,7.5,70
goiania,Goiania,GO,2024-11-27,23.5,29.4,20.2,21.4,21.4,11.0,10.7,5.8,81
goiania,Goiania,GO,2024-11-28,24.9,30.6,20.4,3.9,3.9,6.0,10.3,5.9,75
goiania,Goiania,GO,2024-11-29,24.2,29.0,21.2,10.6,10.6,7.0,12.5,3.9,83
goiania,Goiania,GO,2024-11-30,24.5,28.1,20.9,0.0,0.0,0.0,9.9,5.6,79
goiania,Goiania,GO,2024-12-01,24.7,29.6,22.2,6.0,6.0,6.0,9.2,4.0,81
goiania,Goiania,GO,2024-12-02,24.6,28.6,21.4,0.3,0.3,3.0,10.6,7.7,76
goiania,Goiania,GO,2024-12-03,24.5,29.5,21.4,3.8,3.8,9.0,9.8,5.3,79
goiania,Goiania,GO,2024-12-04,23.8,27.5,21.2,1.6,1.6,6.0,7.4,4.7,83
goiania,Goiania,GO,2024-12-05,24.0,27.6,20.9,0.7,0.7,5.0,6.7,4.1,78
goiania,Goiania,GO,2024-12-06,25.7,31.2,20.3,0.0,0.0,0.0,10.6,6.1,64
goiania,Goiania,GO,2024-12-07,26.5,32.3,20.3,0.0,0.0,0.0,10.8,4.9,54
goiania,Goiania,GO,2024-12-08,26.4,31.6,21.3,0.7,0.7,5.0,8.5,4.1,64
goiania,Goiania,GO,2024-12-09,25.9,30.3,20.7,1.4,1.4,5.0,11.4,4.1,67
goiania,Goiania,GO,2024-12-10,25.6,29.8,22.0,6.0,6.0,3.0,7.9,3.9,73
goiania,Goiania,GO,2024-12-11,25.7,30.5,21.9,1.1,1.1,5.0,9.2,5.6,71
goiania,Goiania,GO,2024-12-12,24.2,29.5,20.6,9.6,9.6,6.0,9.3,4.5,79
goiania,Goiania,GO,2024-12-13,26.2,31.8,21.0,0.6,0.6,5.0,7.8,4.1,65
goiania,Goiania,GO,2024-12-14,24.6,29.4,21.0,9.9,9.9,9.0,17.5,7.4,72
goiania,Goiania,GO,2024-12-15,23.7,28.5,20.8,1.6,1.6,5.0,12.2,7.6,80
goiania,Goiania,GO,2024-12-16,23.9,27.8,19.9,0.0,0.0,0.0,10.6,5.7,70
goiania,Goiania,GO,2024-12-17,24.8,30.1,21.2,13.3,13.3,7.0,9.7,4.0,73
goiania,Goiania,GO,2024-12-18,25.2,30.6,19.5,0.1,0.1,1.0,8.4,3.2,71
goiania,Goiania,GO,2024-12-19,25.9,31.0,22.0,1.3,1.3,6.0,9.8,4.7,67
goiania,Goiania,GO,2024-12-20,26.3,31.9,21.1,1.3,1.3,6.0,13.8,5.5,64
goiania,Goiania,GO,2024-12-21,25.6,29.5,22.2,1.8,1.8,6.0,12.5,8.0,71
goiania,Goiania,GO,2024-12-22,24.5,28.4,21.4,0.0,0.0,0.0,11.6,6.2,73
goiania,Goiania,GO,2024-12-23,25.0,29.8,22.3,9.1,9.1,8.0,8.9,3.6,75
goiania,Goiania,GO,2024-12-24,23.7,28.3,21.4,3.3,3.3,13.0,10.8,5.1,84
goiania,Goiania,GO,2024-12-25,23.1,27.1,21.0,7.6,7.6,12.0,10.1,6.4,84
goiania,Goiania,GO,2024-12-26,23.0,26.9,20.3,10.6,10.6,14.0,15.6,10.4,85
goiania,Goiania,GO,2024-12-27,23.0,25.5,21.1,8.7,8.7,17.0,11.1,6.7,85
goiania,Goiania,GO,2024-12-28,23.2,26.6,21.0,3.9,3.9,5.0,10.4,4.2,84
goiania,Goiania,GO,2024-12-29,23.3,27.2,20.9,4.1,4.1,7.0,11.7,4.3,82
goiania,Goiania,GO,2024-12-30,23.4,28.5,19.1,3.5,3.5,3.0,11.8,5.8,79
goiania,Goiania,GO,2024-12-31,23.1,28.6,19.5,10.2,10.2,9.0,10.9,5.5,82
goiania,Goiania,GO,2025-01-01,23.4,28.3,19.8,3.2,3.2,8.0,9.9,4.6,82
goiania,Goiania,GO,2025-01-02,24.0,28.2,20.6,3.7,3.7,7.0,14.3,7.5,77
goiania,Goiania,GO,2025-01-03,24.2,29.1,19.8,0.3,0.3,3.0,11.7,7.5,74
goiania,Goiania,GO,2025-01-04,25.1,29.4,21.3,1.3,1.3,6.0,12.6,6.9,74
goiania,Goiania,GO,2025-01-05,24.7,30.1,21.1,1.3,1.3,7.0,11.5,5.3,74
goiania,Goiania,GO,2025-01-06,24.0,26.8,21.9,3.3,3.3,8.0,10.9,6.4,80
goiania,Goiania,GO,2025-01-07,24.5,28.4,20.4,1.5,1.5,8.0,12.6,7.4,77
goiania,Goiania,GO,2025-01-08,23.4,27.8,21.5,18.0,18.0,11.0,11.1,6.7,84
goiania,Goiania,GO,2025-01-09,22.6,26.1,20.2,2.6,2.6,11.0,15.9,10.0,86
goiania,Goiania,GO,2025-01-10,23.2,27.7,20.0,3.6,3.6,8.0,12.2,7.4,83
goiania,Goiania,GO,2025-01-11,24.2,29.2,20.0,1.5,1.5,5.0,10.0,7.4,81
goiania,Goiania,GO,2025-01-12,24.4,29.0,20.9,9.8,9.8,12.0,8.7,5.9,79
goiania,Goiania,GO,2025-01-13,22.9,26.1,20.9,7.4,7.4,20.0,8.9,4.5,87
goiania,Goiania,GO,2025-01-14,22.6,27.1,20.1,8.5,8.5,16.0,8.8,5.3,86
goiania,Goiania,GO,2025-01-15,23.0,27.1,20.4,12.0,12.0,21.0,9.6,6.5,84
goiania,Goiania,GO,2025-01-16,22.7,26.3,20.9,24.3,24.3,16.0,18.5,11.8,87
goiania,Goiania,GO,2025-01-17,22.7,26.4,20.3,18.0,18.0,13.0,18.2,12.8,84
goiania,Goiania,GO,2025-01-18,23.8,28.4,19.5,1.5,1.5,5.0,7.8,5.5,80
goiania,Goiania,GO,2025-01-19,23.5,26.8,20.3,4.5,4.5,6.0,11.4,6.2,81
goiania,Goiania,GO,2025-01-20,24.2,28.5,19.5,0.2,0.2,2.0,7.3,5.2,74
goiania,Goiania,GO,2025-01-21,24.5,29.2,19.9,0.4,0.4,4.0,7.8,5.7,72
goiania,Goiania,GO,2025-01-22,26.0,32.5,20.9,0.7,0.7,3.0,10.4,4.6,69
goiania,Goiania,GO,2025-01-23,25.8,31.9,21.1,4.6,4.6,2.0,11.9,4.6,69
goiania,Goiania,GO,2025-01-24,26.8,33.5,20.8,1.0,1.0,2.0,11.2,6.8,62
goiania,Goiania,GO,2025-01-25,28.8,34.2,23.2,0.0,0.0,0.0,9.6,6.1,44
goiania,Goiania,GO,2025-01-26,26.8,32.0,22.7,1.7,1.7,7.0,14.5,5.2,59
goiania,Goiania,GO,2025-01-27,25.4,30.2,21.4,3.2,3.2,6.0,10.3,3.3,70
goiania,Goiania,GO,2025-01-28,26.4,31.5,22.5,1.4,1.4,3.0,7.5,2.9,68
goiania,Goiania,GO,2025-01-29,24.6,29.4,21.6,5.0,5.0,9.0,8.9,3.6,77
goiania,Goiania,GO,2025-01-30,22.9,25.9,20.3,8.9,8.9,13.0,14.2,8.6,85
goiania,Goiania,GO,2025-01-31,22.5,25.9,19.6,5.5,5.5,13.0,14.8,10.3,85
goiania,Goiania,GO,2025-02-01,22.1,25.9,20.2,8.9,8.9,19.0,12.8,10.0,88
goiania,Goiania,GO,2025-02-02,22.7,26.8,19.8,20.5,20.5,16.0,13.2,9.9,84
goiania,Goiania,GO,2025-02-03,22.5,25.1,20.1,3.1,3.1,11.0,13.0,7.6,85
goiania,Goiania,GO,2025-02-04,24.1,28.8,20.1,7.5,7.5,11.0,11.2,5.4,74
goiania,Goiania,GO,2025-02-05,23.3,28.4,19.8,8.1,8.1,11.0,11.0,5.0,80
goiania,Goiania,GO,2025-02-06,24.9,30.0,19.8,0.0,0.0,0.0,8.0,5.9,65
goiania,Goiania,GO,2025-02-07,25.7,31.1,20.6,0.0,0.0,0.0,13.1,7.9,56
goiania,Goiania,GO,2025-02-08,25.0,32.7,20.3,5.6,5.6,4.0,11.6,7.4,60
goiania,Goiania,GO,2025-02-09,24.8,31.0,21.4,1.1,1.1,2.0,10.9,7.5,64
goiania,Goiania,GO,2025-02-10,23.9,30.6,21.0,8.1,8.1,9.0,14.5,7.2,72
goiania,Goiania,GO,2025-02-11,22.5,29.7,19.2,23.5,23.5,12.0,13.7,4.8,84
goiania,Goiania,GO,2025-02-12,23.6,29.0,19.5,0.9,0.9,5.0,9.2,4.7,78
goiania,Goiania,GO,2025-02-13,23.6,29.2,19.9,3.4,3.4,11.0,9.3,5.8,79
goiania,Goiania,GO,2025-02-14,25.5,30.4,20.2,0.1,0.1,1.0,6.5,4.0,68
goiania,Goiania,GO,2025-02-15,26.4,32.2,21.4,0.7,0.7,3.0,10.2,4.6,64
goiania,Goiania,GO,2025-02-16,25.2,30.0,21.5,2.2,2.2,6.0,11.9,5.7,70
goiania,Goiania,GO,2025-02-17,25.1,30.6,20.8,2.7,2.7,5.0,13.4,5.6,69
goiania,Goiania,GO,2025-02-18,27.7,34.0,21.4,0.0,0.0,0.0,13.5,5.2,53
goiania,Goiania,GO,2025-02-19,28.1,34.8,21.7,0.1,0.1,1.0,14.8,7.0,51
goiania,Goiania,GO,2025-02-20,28.4,35.0,22.0,0.0,0.0,0.0,16.1,7.6,43
goiania,Goiania,GO,2025-02-21,28.8,34.9,22.3,0.0,0.0,0.0,16.0,8.3,41
goiania,Goiania,GO,2025-02-22,28.8,33.8,22.9,0.0,0.0,0.0,11.8,7.7,43
goiania,Goiania,GO,2025-02-23,27.6,33.0,22.4,3.2,3.2,7.0,8.8,5.3,52
goiania,Goiania,GO,2025-02-24,24.3,28.8,21.0,6.3,6.3,9.0,10.4,5.2,75
goiania,Goiania,GO,2025-02-25,23.2,31.0,21.0,20.0,20.0,16.0,12.4,5.2,83
goiania,Goiania,GO,2025-02-26,23.9,29.6,21.0,5.9,5.9,7.0,8.4,4.4,79
goiania,Goiania,GO,2025-02-27,23.5,27.6,20.2,3.5,3.5,5.0,8.1,4.2,81
goiania,Goiania,GO,2025-02-28,24.8,30.4,19.6,0.5,0.5,3.0,14.0,6.4,69
goiania,Goiania,GO,2025-03-01,24.4,30.4,20.2,1.7,1.7,2.0,15.5,8.4,67
goiania,Goiania,GO,2025-03-02,24.9,28.9,20.6,0.8,0.8,5.0,14.5,9.5,60
goiania,Goiania,GO,2025-03-03,26.0,31.4,21.0,0.4,0.4,3.0,13.6,9.1,56
goiania,Goiania,GO,2025-03-04,26.9,33.6,20.7,0.0,0.0,0.0,18.2,10.3,51
goiania,Goiania,GO,2025-03-05,26.5,31.9,21.6,0.2,0.2,2.0,13.5,10.6,50
goiania,Goiania,GO,2025-03-06,26.2,31.2,21.3,0.1,0.1,1.0,14.1,10.0,53
goiania,Goiania,GO,2025-03-07,27.2,33.2,21.8,0.0,0.0,0.0,16.6,11.4,47
goiania,Goiania,GO,2025-03-08,28.0,34.1,22.0,0.0,0.0,0.0,12.5,6.9,40
goiania,Goiania,GO,2025-03-09,28.2,34.7,22.3,0.0,0.0,0.0,12.3,5.4,42
goiania,Goiania,GO,2025-03-10,28.6,34.7,21.9,0.0,0.0,0.0,11.5,5.1,41
goiania,Goiania,GO,2025-03-11,28.7,33.5,24.1,0.2,0.2,1.0,9.5,4.1,45
goiania,Goiania,GO,2025-03-12,26.6,30.8,24.0,0.8,0.8,2.0,12.3,4.2,64
goiania,Goiania,GO,2025-03-13,24.3,28.4,21.3,6.6,6.6,9.0,8.0,3.5,80
goiania,Goiania,GO,2025-03-14,25.0,30.0,20.8,0.0,0.0,0.0,7.6,4.3,77
goiania,Goiania,GO,2025-03-15,25.3,30.3,20.2,2.6,2.6,2.0,11.7,5.1,76
goiania,Goiania,GO,2025-03-16,25.9,31.6,20.6,0.9,0.9,4.0,9.7,6.6,73
goiania,Goiania,GO,2025-03-17,25.2,28.6,21.7,0.3,0.3,3.0,8.9,4.5,73
goiania,Goiania,GO,2025-03-18,25.3,30.9,20.4,0.4,0.4,3.0,8.6,6.4,71
goiania,Goiania,GO,2025-03-19,24.9,31.3,19.9,2.2,2.2,3.0,10.4,5.9,72
goiania,Goiania,GO,2025-03-20,25.7,33.0,21.0,2.0,2.0,3.0,13.6,4.4,68
goiania,Goiania,GO,2025-03-21,23.9,30.5,20.5,11.5,11.5,7.0,10.2,3.7,73
goiania,Goiania,GO,2025-03-22,23.6,28.9,20.5,9.5,9.5,10.0,8.2,3.7,80
goiania,Goiania,GO,2025-03-23,24.3,30.0,20.4,10.8,10.8,7.0,14.7,5.1,76
goiania,Goiania,GO,2025-03-24,23.4,28.8,20.3,1.2,1.2,6.0,6.6,3.6,80
goiania,Goiania,GO,2025-03-25,25.5,30.5,21.1,2.2,2.2,7.0,6.2,3.1,68
goiania,Goiania,GO,2025-03-26,24.6,30.0,21.7,7.3,7.3,4.0,10.9,3.8,75
goiania,Goiania,GO,2025-03-27,24.4,29.8,20.2,2.2,2.2,4.0,7.5,3.4,77
goiania,Goiania,GO,2025-03-28,24.4,29.0,20.4,1.4,1.4,3.0,9.6,4.7,78
goiania,Goiania,GO,2025-03-29,24.5,29.4,20.0,3.0,3.0,8.0,10.8,4.8,78
goiania,Goiania,GO,2025-03-30,25.8,31.0,21.0,0.0,0.0,0.0,11.1,5.7,67
goiania,Goiania,GO,2025-03-31,25.8,30.4,20.8,0.2,0.2,2.0,8.3,3.8,66
goiania,Goiania,GO,2025-04-01,26.5,31.5,20.9,0.0,0.0,0.0,10.1,5.9,63
goiania,Goiania,GO,2025-04-02,27.1,32.1,21.3,0.0,0.0,0.0,11.0,6.6,53
goiania,Goiania,GO,2025-04-03,26.9,31.4,22.4,0.6,0.6,6.0,9.9,4.9,57
goiania,Goiania,GO,2025-04-04,25.2,31.4,22.0,2.6,2.6,3.0,13.2,7.4,72
goiania,Goiania,GO,2025-04-05,23.5,28.9,20.7,15.1,15.1,16.0,11.9,6.7,80
goiania,Goiania,GO,2025-04-06,24.2,29.0,21.1,0.8,0.8,5.0,17.0,8.7,73
goiania,Goiania,GO,2025-04-07,24.3,29.2,20.1,0.9,0.9,3.0,18.3,11.8,65
goiania,Goiania,GO,2025-04-08,24.8,29.9,19.5,0.4,0.4,3.0,10.0,7.0,63
goiania,Goiania,GO,2025-04-09,24.7,31.0,21.2,7.1,7.1,4.0,7.0,4.1,71
goiania,Goiania,GO,2025-04-10,24.1,29.5,20.8,0.4,0.4,3.0,9.6,4.1,76
goiania,Goiania,GO,2025-04-11,25.9,32.3,20.0,0.0,0.0,0.0,11.3,5.4,65
goiania,Goiania,GO,2025-04-12,25.5,30.5,20.6,0.0,0.0,0.0,8.2,5.2,64
goiania,Goiania,GO,2025-04-13,24.3,27.5,21.4,0.7,0.7,4.0,10.0,3.9,72
goiania,Goiania,GO,2025-04-14,23.9,28.8,19.7,10.3,10.3,11.0,7.5,3.4,80
goiania,Goiania,GO,2025-04-15,23.3,27.1,20.4,9.6,9.6,17.0,9.5,5.2,83
goiania,Goiania,GO,2025-04-16,23.3,27.5,20.3,1.9,1.9,6.0,10.7,6.9,83
goiania,Goiania,GO,2025-04-17,24.3,28.9,20.3,8.2,8.2,4.0,7.7,4.0,79
goiania,Goiania,GO,2025-04-18,24.2,29.5,20.7,4.8,4.8,7.0,8.8,3.6,78
goiania,Goiania,GO,2025-04-19,23.7,28.9,20.0,1.8,1.8,7.0,8.8,3.7,82
goiania,Goiania,GO,2025-04-20,24.2,28.6,19.6,0.2,0.2,2.0,7.0,5.0,76
goiania,Goiania,GO,2025-04-21,24.9,29.8,20.0,0.0,0.0,0.0,8.2,5.9,69
goiania,Goiania,GO,2025-04-22,25.2,30.3,20.4,1.5,1.5,7.0,10.1,5.1,68
goiania,Goiania,GO,2025-04-23,24.9,30.4,20.3,0.7,0.7,6.0,8.3,5.4,72
goiania,Goiania,GO,2025-04-24,24.1,29.0,20.4,4.3,4.3,11.0,12.0,6.1,79
goiania,Goiania,GO,2025-04-25,23.5,28.2,20.5,1.8,1.8,6.0,10.9,3.9,84
goiania,Goiania,GO,2025-04-26,24.6,29.0,20.4,0.1,0.1,1.0,7.6,3.8,76
goiania,Goiania,GO,2025-04-27,24.6,30.2,20.6,2.0,2.0,5.0,6.3,3.8,80
goiania,Goiania,GO,2025-04-28,23.7,28.5,21.0,0.4,0.4,2.0,10.6,5.3,81
goiania,Goiania,GO,2025-04-29,23.5,27.1,20.0,0.1,0.1,1.0,8.9,4.4,79
goiania,Goiania,GO,2025-04-30,23.7,28.9,19.4,0.3,0.3,3.0,9.4,6.5,76
goiania,Goiania,GO,2025-05-01,23.7,29.0,19.0,0.7,0.7,5.0,11.4,7.1,74
goiania,Goiania,GO,2025-05-02,24.5,29.5,20.3,0.1,0.1,1.0,11.0,7.7,66
goiania,Goiania,GO,2025-05-03,24.3,30.0,19.5,0.0,0.0,0.0,11.4,7.0,63
goiania,Goiania,GO,2025-05-04,23.0,27.9,18.4,0.0,0.0,0.0,10.1,8.1,58
goiania,Goiania,GO,2025-05-05,22.5,27.9,17.0,0.0,0.0,0.0,8.9,5.6,56
goiania,Goiania,GO,2025-05-06,24.0,29.5,18.5,0.0,0.0,0.0,8.1,5.6,58
goiania,Goiania,GO,2025-05-07,25.2,30.1,20.6,0.0,0.0,0.0,9.4,5.3,58
goiania,Goiania,GO,2025-05-08,25.2,30.3,20.2,0.0,0.0,0.0,11.5,7.2,59
goiania,Goiania,GO,2025-05-09,25.6,31.1,20.2,0.0,0.0,0.0,10.5,7.5,52
goiania,Goiania,GO,2025-05-10,26.0,31.7,19.5,0.0,0.0,0.0,6.2,4.0,51
goiania,Goiania,GO,2025-05-11,25.7,30.7,20.4,0.2,0.2,2.0,9.5,6.4,53
goiania,Goiania,GO,2025-05-12,25.5,30.4,20.5,0.0,0.0,0.0,13.4,8.7,56
goiania,Goiania,GO,2025-05-13,23.9,28.5,19.8,0.0,0.0,0.0,13.9,10.4,58
goiania,Goiania,GO,2025-05-14,22.7,27.6,18.6,0.0,0.0,0.0,16.2,11.2,60
goiania,Goiania,GO,2025-05-15,22.6,27.8,18.0,0.0,0.0,0.0,16.4,10.8,57
goiania,Goiania,GO,2025-05-16,22.7,27.5,18.5,0.7,0.7,3.0,15.3,11.5,58
goiania,Goiania,GO,2025-05-17,22.7,27.5,18.5,0.0,0.0,0.0,18.8,12.0,61
goiania,Goiania,GO,2025-05-18,23.1,28.3,18.4,0.0,0.0,0.0,12.3,10.4,56
goiania,Goiania,GO,2025-05-19,23.1,29.1,17.6,0.0,0.0,0.0,11.4,9.5,54
goiania,Goiania,GO,2025-05-20,22.9,28.5,17.4,0.0,0.0,0.0,10.6,8.4,49
goiania,Goiania,GO,2025-05-21,23.0,28.8,16.5,0.0,0.0,0.0,10.0,6.5,48
goiania,Goiania,GO,2025-05-22,23.9,29.3,17.9,0.0,0.0,0.0,8.1,5.9,49
goiania,Goiania,GO,2025-05-23,23.8,29.4,17.5,0.0,0.0,0.0,10.6,5.6,52
goiania,Goiania,GO,2025-05-24,24.9,30.4,19.2,0.0,0.0,0.0,10.4,6.2,50
goiania,Goiania,GO,2025-05-25,24.4,29.7,19.4,0.0,0.0,0.0,13.1,9.0,46
goiania,Goiania,GO,2025-05-26,23.6,28.8,18.4,0.0,0.0,0.0,12.6,9.8,47
goiania,Goiania,GO,2025-05-27,24.4,29.6,19.6,0.0,0.0,0.0,12.6,7.8,43
goiania,Goiania,GO,2025-05-28,24.3,29.8,18.7,0.0,0.0,0.0,11.6,6.9,51
goiania,Goiania,GO,2025-05-29,19.8,24.2,14.9,0.0,0.0,0.0,12.6,8.0,70
goiania,Goiania,GO,2025-05-30,19.3,25.5,13.8,0.0,0.0,0.0,9.8,7.4,73
goiania,Goiania,GO,2025-05-31,22.7,27.9,17.1,0.3,0.3,3.0,9.2,6.2,65
goiania,Goiania,GO,2025-06-01,23.5,28.6,18.8,0.5,0.5,5.0,12.2,8.3,63
goiania,Goiania,GO,2025-06-02,23.5,27.8,19.4,0.2,0.2,2.0,13.3,9.1,64
goiania,Goiania,GO,2025-06-03,23.5,28.5,18.8,0.2,0.2,1.0,11.2,7.4,64
goiania,Goiania,GO,2025-06-04,24.2,29.4,19.4,0.0,0.0,0.0,9.4,7.6,56
goiania,Goiania,GO,2025-06-05,24.0,28.9,19.2,0.0,0.0,0.0,9.8,6.1,57
goiania,Goiania,GO,2025-06-06,23.5,28.6,17.9,0.0,0.0,0.0,9.3,3.8,62
goiania,Goiania,GO,2025-06-07,23.9,29.4,18.6,0.0,0.0,0.0,8.5,5.5,51
goiania,Goiania,GO,2025-06-08,24.0,29.8,17.9,0.0,0.0,0.0,10.2,5.8,45
goiania,Goiania,GO,2025-06-09,23.1,28.1,18.0,0.0,0.0,0.0,11.4,6.1,51
goiania,Goiania,GO,2025-06-10,22.0,27.1,17.8,0.3,0.3,3.0,10.1,6.4,70
goiania,Goiania,GO,2025-06-11,21.4,26.6,16.6,0.0,0.0,0.0,11.7,8.2,68
goiania,Goiania,GO,2025-06-12,21.3,27.5,15.3,0.0,0.0,0.0,9.7,7.1,57
goiania,Goiania,GO,2025-06-13,22.5,28.1,17.5,0.0,0.0,0.0,11.6,8.7,56
goiania,Goiania,GO,2025-06-14,22.2,27.5,17.2,0.0,0.0,0.0,14.4,10.8,53
goiania,Goiania,GO,2025-06-15,22.4,27.9,16.8,0.0,0.0,0.0,11.2,7.9,49
goiania,Goiania,GO,2025-06-16,22.2,27.8,17.2,0.0,0.0,0.0,13.2,9.8,47
goiania,Goiania,GO,2025-06-17,21.8,27.5,16.0,0.0,0.0,0.0,11.9,8.9,45
goiania,Goiania,GO,2025-06-18,23.0,28.1,17.8,0.0,0.0,0.0,12.3,7.7,47
goiania,Goiania,GO,2025-06-19,23.5,28.0,18.8,0.0,0.0,0.0,13.5,7.0,48
goiania,Goiania,GO,2025-06-20,23.3,28.1,17.7,0.0,0.0,0.0,11.6,5.0,45
goiania,Goiania,GO,2025-06-21,24.3,29.5,19.4,0.0,0.0,0.0,9.7,5.0,36
goiania,Goiania,GO,2025-06-22,24.2,29.5,18.0,0.0,0.0,0.0,9.2,5.6,39
goiania,Goiania,GO,2025-06-23,24.7,30.5,18.5,0.0,0.0,0.0,14.5,8.4,46
goiania,Goiania,GO,2025-06-24,19.5,22.9,15.6,7.6,7.6,7.0,10.9,8.2,79
goiania,Goiania,GO,2025-06-25,20.1,27.6,13.7,0.0,0.0,0.0,10.3,8.1,73
goiania,Goiania,GO,2025-06-26,22.5,27.9,18.5,0.0,0.0,0.0,10.4,7.7,63
goiania,Goiania,GO,2025-06-27,22.3,28.0,17.5,0.0,0.0,0.0,9.5,6.0,58
goiania,Goiania,GO,2025-06-28,22.1,27.9,16.7,0.0,0.0,0.0,12.8,9.4,55
goiania,Goiania,GO,2025-06-29,23.0,28.3,17.9,0.0,0.0,0.0,11.3,5.3,49
goiania,Goiania,GO,2025-06-30,23.1,28.6,17.4,0.0,0.0,0.0,10.6,7.1,46
goiania,Goiania,GO,2025-07-01,21.1,26.8,15.5,0.0,0.0,0.0,11.6,9.5,61
goiania,Goiania,GO,2025-07-02,21.3,27.9,15.1,0.0,0.0,0.0,10.9,8.9,59
goiania,Goiania,GO,2025-07-03,21.5,27.3,15.6,0.0,0.0,0.0,11.4,9.2,50
goiania,Goiania,GO,2025-07-04,21.2,26.5,15.9,0.0,0.0,0.0,13.9,9.5,49
goiania,Goiania,GO,2025-07-05,21.0,26.4,15.7,0.0,0.0,0.0,11.5,8.1,48
goiania,Goiania,GO,2025-07-06,21.4,26.6,15.9,0.0,0.0,0.0,9.7,6.9,44
goiania,Goiania,GO,2025-07-07,21.6,27.2,15.8,0.0,0.0,0.0,9.8,5.7,43
goiania,Goiania,GO,2025-07-08,21.9,27.4,15.8,0.0,0.0,0.0,9.7,6.2,42
goiania,Goiania,GO,2025-07-09,22.5,27.8,16.5,0.0,0.0,0.0,11.4,7.5,38
goiania,Goiania,GO,2025-07-10,22.2,27.4,17.2,0.0,0.0,0.0,14.8,10.1,36
goiania,Goiania,GO,2025-07-11,21.8,26.2,17.0,0.0,0.0,0.0,14.6,10.3,42
goiania,Goiania,GO,2025-07-12,21.8,26.6,16.4,0.0,0.0,0.0,14.1,9.0,45
goiania,Goiania,GO,2025-07-13,22.0,26.5,17.8,0.0,0.0,0.0,14.5,9.0,44
goiania,Goiania,GO,2025-07-14,22.7,26.6,17.9,0.0,0.0,0.0,11.9,6.7,41
goiania,Goiania,GO,2025-07-15,22.7,27.0,17.5,0.0,0.0,0.0,12.1,8.2,34
goiania,Goiania,GO,2025-07-16,22.7,27.8,17.4,0.0,0.0,0.0,10.1,6.4,37
goiania,Goiania,GO,2025-07-17,22.8,28.1,17.2,0.0,0.0,0.0,8.2,5.5,36
goiania,Goiania,GO,2025-07-18,22.7,28.0,16.9,0.0,0.0,0.0,9.8,5.1,35
goiania,Goiania,GO,2025-07-19,22.2,28.1,15.7,0.0,0.0,0.0,9.5,6.8,41
goiania,Goiania,GO,2025-07-20,23.1,28.9,16.4,0.0,0.0,0.0,9.6,5.6,35
goiania,Goiania,GO,2025-07-21,24.0,29.4,17.9,0.0,0.0,0.0,9.3,5.6,38
goiania,Goiania,GO,2025-07-22,24.8,30.0,19.1,0.0,0.0,0.0,7.9,3.9,40
goiania,Goiania,GO,2025-07-23,25.1,30.2,19.3,0.0,0.0,0.0,7.7,4.8,36
goiania,Goiania,GO,2025-07-24,25.4,30.6,19.6,0.0,0.0,0.0,8.7,5.3,34
goiania,Goiania,GO,2025-07-25,25.4,30.8,19.9,0.0,0.0,0.0,8.3,4.9,35
goiania,Goiania,GO,2025-07-26,25.4,31.0,19.6,0.0,0.0,0.0,8.4,5.3,35
goiania,Goiania,GO,2025-07-27,25.3,30.6,19.6,0.0,0.0,0.0,10.6,5.8,34
goiania,Goiania,GO,2025-07-28,25.2,31.2,19.0,0.0,0.0,0.0,11.8,7.6,36
goiania,Goiania,GO,2025-07-29,21.8,27.4,17.1,0.0,0.0,0.0,11.2,8.3,59
goiania,Goiania,GO,2025-07-30,21.3,28.8,14.1,0.0,0.0,0.0,11.9,8.1,38
goiania,Goiania,GO,2025-07-31,23.6,30.7,16.5,0.0,0.0,0.0,11.9,8.0,29
goiania,Goiania,GO,2025-08-01,25.4,31.4,20.0,0.0,0.0,0.0,12.8,10.1,41
goiania,Goiania,GO,2025-08-02,24.4,30.4,19.0,0.0,0.0,0.0,12.5,10.2,35
goiania,Goiania,GO,2025-08-03,23.5,29.7,17.4,0.0,0.0,0.0,14.0,9.7,27
goiania,Goiania,GO,2025-08-04,23.7,29.5,17.6,0.0,0.0,0.0,11.7,7.2,28
goiania,Goiania,GO,2025-08-05,23.6,29.5,19.2,0.0,0.0,0.0,13.9,6.3,34
goiania,Goiania,GO,2025-08-06,23.9,30.4,17.5,0.0,0.0,0.0,11.0,6.8,43
goiania,Goiania,GO,2025-08-07,25.2,31.2,19.0,0.0,0.0,0.0,10.1,6.6,35
goiania,Goiania,GO,2025-08-08,25.8,31.1,21.0,0.0,0.0,0.0,14.2,6.0,29
goiania,Goiania,GO,2025-08-09,21.6,26.7,17.1,0.0,0.0,0.0,12.1,10.0,49
goiania,Goiania,GO,2025-08-10,21.0,28.6,14.4,0.0,0.0,0.0,12.3,8.4,37
goiania,Goiania,GO,2025-08-11,20.5,27.1,14.4,0.0,0.0,0.0,12.2,8.2,29
goiania,Goiania,GO,2025-08-12,20.2,27.6,12.5,0.0,0.0,0.0,10.1,7.0,24
goiania,Goiania,GO,2025-08-13,23.5,31.6,14.9,0.0,0.0,0.0,9.3,6.1,24
goiania,Goiania,GO,2025-08-14,25.4,32.2,17.9,0.0,0.0,0.0,10.2,6.1,29
goiania,Goiania,GO,2025-08-15,26.3,32.0,19.6,0.0,0.0,0.0,12.3,8.4,28
goiania,Goiania,GO,2025-08-16,26.3,31.6,20.6,0.0,0.0,0.0,12.8,9.3,31
goiania,Goiania,GO,2025-08-17,26.0,31.8,20.0,0.0,0.0,0.0,13.0,10.0,27
goiania,Goiania,GO,2025-08-18,26.2,32.0,20.5,0.0,0.0,0.0,13.9,9.7,25
goiania,Goiania,GO,2025-08-19,26.6,32.2,21.2,0.0,0.0,0.0,12.6,9.2,27
goiania,Goiania,GO,2025-08-20,27.0,32.3,21.2,0.0,0.0,0.0,12.5,7.4,28
goiania,Goiania,GO,2025-08-21,27.1,33.2,21.2,0.0,0.0,0.0,13.9,8.6,26
goiania,Goiania,GO,2025-08-22,26.5,32.5,20.2,0.0,0.0,0.0,12.4,8.5,21
goiania,Goiania,GO,2025-08-23,26.4,32.2,20.5,0.0,0.0,0.0,8.4,5.7,23
goiania,Goiania,GO,2025-08-24,27.0,33.2,20.8,0.0,0.0,0.0,11.9,6.1,24
goiania,Goiania,GO,2025-08-25,26.7,32.2,21.1,0.0,0.0,0.0,8.6,5.3,28
goiania,Goiania,GO,2025-08-26,26.8,32.5,20.0,0.0,0.0,0.0,11.4,6.8,26
goiania,Goiania,GO,2025-08-27,27.2,33.3,19.8,0.0,0.0,0.0,13.3,6.6,27
goiania,Goiania,GO,2025-08-28,27.7,33.0,21.6,0.0,0.0,0.0,13.3,7.1,26
goiania,Goiania,GO,2025-08-29,25.1,30.1,20.3,0.0,0.0,0.0,17.1,12.0,39
goiania,Goiania,GO,2025-08-30,23.8,27.5,19.8,0.0,0.0,0.0,12.5,7.9,45
goiania,Goiania,GO,2025-08-31,25.9,32.0,20.1,0.0,0.0,0.0,11.8,8.3,36
goiania,Goiania,GO,2025-09-01,26.5,32.2,21.2,0.0,0.0,0.0,13.1,10.4,32
goiania,Goiania,GO,2025-09-02,25.7,31.0,21.0,0.0,0.0,0.0,16.5,12.8,34
goiania,Goiania,GO,2025-09-03,24.7,30.2,19.6,0.0,0.0,0.0,15.5,12.2,38
goiania,Goiania,GO,2025-09-04,25.6,31.2,19.5,0.0,0.0,0.0,12.5,7.3,38
goiania,Goiania,GO,2025-09-05,26.6,31.4,21.5,0.0,0.0,0.0,9.1,5.8,33
goiania,Goiania,GO,2025-09-06,27.5,33.1,21.5,0.0,0.0,0.0,12.4,7.7,30
goiania,Goiania,GO,2025-09-07,28.3,34.0,22.6,0.0,0.0,0.0,13.4,9.9,21
goiania,Goiania,GO,2025-09-08,28.3,34.0,22.9,0.0,0.0,0.0,13.0,10.2,19
goiania,Goiania,GO,2025-09-09,28.6,35.0,22.8,0.0,0.0,0.0,15.5,9.6,25
goiania,Goiania,GO,2025-09-10,28.2,34.2,21.8,0.0,0.0,0.0,10.8,7.0,29
goiania,Goiania,GO,2025-09-11,29.4,36.7,22.4,0.0,0.0,0.0,18.7,7.6,17
goiania,Goiania,GO,2025-09-12,29.1,35.5,21.5,0.0,0.0,0.0,10.7,6.3,20
goiania,Goiania,GO,2025-09-13,29.2,36.0,21.6,0.0,0.0,0.0,9.6,6.4,19
goiania,Goiania,GO,2025-09-14,29.3,35.5,23.0,0.0,0.0,0.0,13.2,9.4,23
goiania,Goiania,GO,2025-09-15,29.2,35.5,22.2,0.0,0.0,0.0,10.6,5.4,27
goiania,Goiania,GO,2025-09-16,28.7,33.7,24.3,0.1,0.1,1.0,10.7,7.0,33
goiania,Goiania,GO,2025-09-17,26.2,32.5,22.2,0.6,0.6,1.0,16.9,4.3,49
goiania,Goiania,GO,2025-09-18,27.2,33.7,23.5,1.9,1.9,1.0,15.6,4.6,45
goiania,Goiania,GO,2025-09-19,24.8,31.2,20.9,9.0,9.0,8.0,11.6,5.8,62
goiania,Goiania,GO,2025-09-20,24.7,30.9,19.6,6.3,6.3,10.0,9.1,7.1,65
goiania,Goiania,GO,2025-09-21,28.2,33.5,22.6,0.0,0.0,0.0,15.0,8.3,42
goiania,Goiania,GO,2025-09-22,25.7,29.5,23.4,2.1,2.1,3.0,14.5,10.2,58
goiania,Goiania,GO,2025-09-23,24.5,32.3,20.1,10.6,10.6,7.0,14.4,6.1,74
goiania,Goiania,GO,2025-09-24,23.9,27.9,19.9,13.1,13.1,8.0,22.1,7.7,77
goiania,Goiania,GO,2025-09-25,24.4,29.8,20.0,0.4,0.4,2.0,12.4,10.3,66
goiania,Goiania,GO,2025-09-26,24.8,29.8,20.0,0.0,0.0,0.0,17.1,12.1,51
goiania,Goiania,GO,2025-09-27,25.8,32.2,19.4,0.0,0.0,0.0,13.2,10.8,41
goiania,Goiania,GO,2025-09-28,27.7,34.2,21.0,0.0,0.0,0.0,11.7,8.4,30
goiania,Goiania,GO,2025-09-29,28.9,35.0,22.5,0.0,0.0,0.0,15.2,9.0,21
goiania,Goiania,GO,2025-09-30,29.7,35.8,23.2,0.0,0.0,0.0,11.9,7.0,19
goiania,Goiania,GO,2025-10-01,29.5,36.2,23.2,0.0,0.0,0.0,11.5,7.0,24
goiania,Goiania,GO,2025-10-02,29.3,35.5,23.9,0.0,0.0,0.0,12.7,10.5,22
goiania,Goiania,GO,2025-10-03,28.2,34.0,22.2,0.0,0.0,0.0,13.2,10.8,23
goiania,Goiania,GO,2025-10-04,28.1,34.3,21.9,0.0,0.0,0.0,14.8,11.3,27
goiania,Goiania,GO,2025-10-05,28.5,34.3,22.3,0.0,0.0,0.0,11.8,9.0,28
goiania,Goiania,GO,2025-10-06,29.4,35.3,22.7,0.0,0.0,0.0,10.3,5.7,29
goiania,Goiania,GO,2025-10-07,30.4,36.3,23.4,0.0,0.0,0.0,13.8,5.0,28
goiania,Goiania,GO,2025-10-08,30.0,35.8,23.9,0.0,0.0,0.0,12.4,7.5,37
goiania,Goiania,GO,2025-10-09,29.8,34.5,23.9,0.0,0.0,0.0,16.6,11.6,33
goiania,Goiania,GO,2025-10-10,27.5,33.7,23.4,0.3,0.3,1.0,16.7,4.8,46
goiania,Goiania,GO,2025-10-11,25.6,29.2,22.1,0.1,0.1,1.0,10.7,5.7,56
goiania,Goiania,GO,2025-10-12,25.5,30.1,21.5,1.0,1.0,3.0,12.6,6.8,55
goiania,Goiania,GO,2025-10-13,25.9,32.0,21.6,4.4,4.4,4.0,14.1,6.4,59
goiania,Goiania,GO,2025-10-14,24.5,29.6,20.6,0.7,0.7,3.0,7.5,3.7,68
goiania,Goiania,GO,2025-10-15,26.7,32.8,21.5,1.8,1.8,2.0,8.3,5.6,58
goiania,Goiania,GO,2025-10-16,28.1,33.3,22.3,0.1,0.1,1.0,10.8,5.5,52
goiania,Goiania,GO,2025-10-17,28.7,34.8,24.1,0.1,0.1,1.0,9.6,5.7,47
goiania,Goiania,GO,2025-10-18,24.3,30.9,20.4,9.6,9.6,10.0,17.3,7.1,71
goiania,Goiania,GO,2025-10-19,22.9,27.0,19.7,4.6,4.6,12.0,11.6,6.9,76
goiania,Goiania,GO,2025-10-20,23.0,28.6,18.2,0.9,0.9,5.0,14.2,10.1,68
goiania,Goiania,GO,2025-10-21,21.2,25.2,17.6,0.0,0.0,0.0,18.8,14.1,67
goiania,Goiania,GO,2025-10-22,23.1,29.0,17.0,0.0,0.0,0.0,13.1,10.5,54
goiania,Goiania,GO,2025-10-23,24.5,30.1,18.6,0.0,0.0,0.0,16.2,11.7,43
goiania,Goiania,GO,2025-10-24,25.9,31.9,19.9,0.0,0.0,0.0,14.9,10.9,37
goiania,Goiania,GO,2025-10-25,27.5,33.0,21.4,0.0,0.0,0.0,14.4,10.4,36
goiania,Goiania,GO,2025-10-26,28.9,33.4,23.9,0.0,0.0,0.0,11.7,7.1,34
goiania,Goiania,GO,2025-10-27,27.0,32.8,22.1,1.3,1.3,8.0,15.3,7.5,46
goiania,Goiania,GO,2025-10-28,25.8,30.2,22.4,2.3,2.3,3.0,11.2,6.7,57
goiania,Goiania,GO,2025-10-29,28.0,32.5,25.1,1.2,1.2,2.0,11.4,7.4,45
goiania,Goiania,GO,2025-10-30,25.0,30.3,22.1,1.3,1.3,4.0,14.6,9.7,66
goiania,Goiania,GO,2025-10-31,25.7,29.5,21.6,0.0,0.0,0.0,9.8,7.1,58
goiania,Goiania,GO,2025-11-01,27.8,32.8,21.2,3.4,3.4,5.0,14.7,7.7,53
goiania,Goiania,GO,2025-11-02,27.4,33.3,21.9,15.3,15.3,8.0,13.9,8.1,59
goiania,Goiania,GO,2025-11-03,23.4,27.5,20.0,8.0,8.0,12.0,9.4,6.8,81
goiania,Goiania,GO,2025-11-04,24.5,29.0,21.1,0.2,0.2,2.0,11.4,7.6,74
goiania,Goiania,GO,2025-11-05,26.0,31.8,21.1,0.8,0.8,2.0,14.0,5.2,66
goiania,Goiania,GO,2025-11-06,25.4,32.3,19.6,0.3,0.3,2.0,13.5,5.6,65
goiania,Goiania,GO,2025-11-07,26.1,31.3,21.4,0.9,0.9,1.0,14.3,10.2,66
goiania,Goiania,GO,2025-11-08,24.6,29.5,21.2,24.7,24.7,10.0,19.8,10.2,75
goiania,Goiania,GO,2025-11-09,24.1,28.5,20.8,3.5,3.5,6.0,9.7,7.7,79
goiania,Goiania,GO,2025-11-10,25.7,31.5,21.0,0.7,0.7,4.0,13.0,8.5,69
goiania,Goiania,GO,2025-11-11,24.8,29.2,21.4,4.6,4.6,14.0,12.4,6.4,74
goiania,Goiania,GO,2025-11-12,26.0,30.9,21.2,1.2,1.2,6.0,8.7,5.1,64
goiania,Goiania,GO,2025-11-13,27.0,31.8,21.7,0.1,0.1,1.0,11.5,6.8,56
goiania,Goiania,GO,2025-11-14,28.4,34.1,21.5,0.0,0.0,0.0,9.5,6.8,40
goiania,Goiania,GO,2025-11-15,29.5,34.5,23.9,0.0,0.0,0.0,9.1,5.4,38
goiania,Goiania,GO,2025-11-16,27.7,31.5,24.8,0.4,0.4,3.0,8.1,5.4,52
goiania,Goiania,GO,2025-11-17,25.9,31.4,21.1,1.3,1.3,4.0,13.2,6.8,64
goiania,Goiania,GO,2025-11-18,25.2,30.9,20.3,2.2,2.2,7.0,17.0,9.1,66
goiania,Goiania,GO,2025-11-19,24.5,29.1,20.6,0.3,0.3,2.0,11.2,8.5,56
goiania,Goiania,GO,2025-11-20,25.7,31.8,18.0,0.0,0.0,0.0,10.2,7.0,39
goiania,Goiania,GO,2025-11-21,27.1,32.7,20.3,0.0,0.0,0.0,11.9,6.2,45
goiania,Goiania,GO,2025-11-22,25.2,31.7,21.8,4.0,4.0,4.0,8.9,4.8,62
goiania,Goiania,GO,2025-11-23,23.2,27.9,19.9,4.5,4.5,10.0,12.4,5.0,73
goiania,Goiania,GO,2025-11-24,25.9,31.6,21.0,2.4,2.4,8.0,9.5,5.1,62
goiania,Goiania,GO,2025-11-25,24.1,28.5,20.6,2.0,2.0,8.0,15.2,8.3,74
goiania,Goiania,GO,2025-11-26,24.4,28.8,19.9,1.0,1.0,6.0,12.7,4.9,71
goiania,Goiania,GO,2025-11-27,27.6,32.7,21.2,0.0,0.0,0.0,13.0,5.0,51
goiania,Goiania,GO,2025-11-28,27.6,33.2,22.5,0.4,0.4,4.0,10.2,5.9,51
goiania,Goiania,GO,2025-11-29,28.3,34.3,21.3,0.0,0.0,0.0,11.8,5.8,47
goiania,Goiania,GO,2025-11-30,28.7,33.3,23.5,0.0,0.0,0.0,12.5,7.0,45
goiania,Goiania,GO,2025-12-01,26.1,31.0,22.7,6.5,6.5,8.0,11.6,6.6,64
goiania,Goiania,GO,2025-12-02,23.0,27.8,19.8,17.4,17.4,15.0,11.8,4.3,80
goiania,Goiania,GO,2025-12-03,25.1,29.4,20.8,0.2,0.2,1.0,11.1,6.5,68
goiania,Goiania,GO,2025-12-04,23.1,27.0,20.8,9.3,9.3,14.0,11.9,6.0,81
goiania,Goiania,GO,2025-12-05,23.1,27.4,20.8,3.5,3.5,10.0,11.0,5.9,83
goiania,Goiania,GO,2025-12-06,22.8,25.9,20.5,1.6,1.6,9.0,8.6,4.9,86
goiania,Goiania,GO,2025-12-07,22.7,26.2,20.5,6.6,6.6,13.0,13.0,7.7,84
goiania,Goiania,GO,2025-12-08,22.3,25.5,20.2,3.0,3.0,12.0,16.6,9.1,82
goiania,Goiania,GO,2025-12-09,21.7,24.1,20.2,6.3,6.3,18.0,19.5,12.1,85
goiania,Goiania,GO,2025-12-10,23.1,26.6,19.5,3.5,3.5,9.0,19.0,12.6,81
goiania,Goiania,GO,2025-12-11,24.0,27.5,20.6,0.9,0.9,7.0,13.1,8.7,79
goiania,Goiania,GO,2025-12-12,25.1,30.5,20.4,0.2,0.2,1.0,14.6,7.0,75
goiania,Goiania,GO,2025-12-13,23.8,27.7,20.3,7.1,7.1,9.0,13.8,7.4,78
goiania,Goiania,GO,2025-12-14,24.8,31.1,20.1,7.4,7.4,8.0,9.9,5.5,74
goiania,Goiania,GO,2025-12-15,24.8,29.3,21.4,16.2,16.2,14.0,7.4,4.5,77
goiania,Goiania,GO,2025-12-16,23.6,29.9,21.0,22.0,22.0,17.0,7.0,3.3,83
goiania,Goiania,GO,2025-12-17,23.5,28.9,20.0,14.6,14.6,10.0,7.6,4.6,81
goiania,Goiania,GO,2025-12-18,23.2,26.4,21.1,13.1,13.1,24.0,14.1,7.4,84
goiania,Goiania,GO,2025-12-19,23.3,25.9,21.2,3.7,3.7,16.0,8.4,5.3,83
goiania,Goiania,GO,2025-12-20,23.3,27.0,19.8,6.8,6.8,14.0,11.6,5.7,82
goiania,Goiania,GO,2025-12-21,23.7,28.0,20.3,4.5,4.5,6.0,8.8,4.2,78
goiania,Goiania,GO,2025-12-22,24.6,28.8,20.0,1.2,1.2,7.0,11.3,6.6,71
goiania,Goiania,GO,2025-12-23,24.7,29.1,20.4,0.6,0.6,3.0,9.8,5.7,66
goiania,Goiania,GO,2025-12-24,26.0,30.9,20.0,0.3,0.3,2.0,14.1,7.5,60
goiania,Goiania,GO,2025-12-25,26.6,32.2,21.6,0.6,0.6,4.0,13.9,4.7,56
goiania,Goiania,GO,2025-12-26,27.9,33.3,22.1,0.0,0.0,0.0,9.0,4.6,53
goiania,Goiania,GO,2025-12-27,28.0,34.2,23.5,10.0,10.0,2.0,14.5,5.2,57
goiania,Goiania,GO,2025-12-28,25.8,31.1,21.9,3.1,3.1,5.0,21.4,4.9,64
goiania,Goiania,GO,2025-12-29,25.8,32.7,19.5,0.3,0.3,2.0,8.1,5.0,65
goiania,Goiania,GO,2025-12-30,26.0,31.7,22.0,8.6,8.6,5.0,11.1,4.4,68
goiania,Goiania,GO,2025-12-31,25.2,30.4,21.6,0.9,0.9,5.0,7.8,3.6,71
goiania,Goiania,GO,2026-01-01,27.0,32.3,21.8,0.4,0.4,2.0,8.1,2.5,59
goiania,Goiania,GO,2026-01-02,25.8,30.8,21.9,4.7,4.7,7.0,16.2,7.0,70
goiania,Goiania,GO,2026-01-03,23.1,28.5,20.2,28.1,28.1,22.0,14.0,7.6,85
goiania,Goiania,GO,2026-01-04,22.4,26.5,20.6,12.7,12.7,11.0,13.5,8.2,88
goiania,Goiania,GO,2026-01-05,22.6,27.2,20.6,8.0,8.0,10.0,16.0,6.0,83
goiania,Goiania,GO,2026-01-06,21.3,24.0,19.6,15.5,15.5,20.0,12.7,8.4,89
goiania,Goiania,GO,2026-01-07,21.8,24.7,19.6,9.7,9.7,22.0,10.4,6.4,87
goiania,Goiania,GO,2026-01-08,22.4,27.2,19.5,1.4,1.4,7.0,9.5,5.6,86
goiania,Goiania,GO,2026-01-09,24.7,29.7,19.5,0.5,0.5,3.0,12.1,6.6,72
goiania,Goiania,GO,2026-01-10,25.3,30.0,20.9,0.3,0.3,2.0,11.4,6.6,64
goiania,Goiania,GO,2026-01-11,25.7,31.0,20.2,0.0,0.0,0.0,9.3,5.7,58
goiania,Goiania,GO,2026-01-12,24.4,29.1,21.5,5.6,5.6,7.0,14.2,5.5,65
goiania,Goiania,GO,2026-01-13,24.1,28.5,20.9,0.6,0.6,6.0,9.6,4.8,66
goiania,Goiania,GO,2026-01-14,24.4,31.6,21.3,1.1,1.1,5.0,16.2,6.4,67
goiania,Goiania,GO,2026-01-15,24.1,29.1,19.4,2.4,2.4,3.0,11.3,6.8,68
goiania,Goiania,GO,2026-01-16,26.5,31.9,20.2,0.2,0.2,2.0,11.5,8.0,56
goiania,Goiania,GO,2026-01-17,26.7,33.3,20.8,1.1,1.1,5.0,12.6,5.9,56
goiania,Goiania,GO,2026-01-18,24.6,29.2,21.4,5.9,5.9,6.0,9.6,4.8,70
goiania,Goiania,GO,2026-01-19,24.0,28.4,20.3,5.1,5.1,7.0,12.6,7.6,76
goiania,Goiania,GO,2026-01-20,22.0,26.0,19.8,32.6,32.6,22.0,12.3,5.9,88
goiania,Goiania,GO,2026-01-21,21.3,25.0,19.3,21.7,21.7,20.0,12.9,8.1,89
goiania,Goiania,GO,2026-01-22,21.1,24.5,19.6,24.1,24.1,24.0,16.9,8.0,90
goiania,Goiania,GO,2026-01-23,21.8,26.3,19.4,13.2,13.2,21.0,11.2,7.0,88
goiania,Goiania,GO,2026-01-24,22.6,27.5,19.5,7.6,7.6,13.0,11.1,6.5,85
goiania,Goiania,GO,2026-01-25,22.5,27.5,19.5,9.8,9.8,10.0,11.3,4.2,85
goiania,Goiania,GO,2026-01-26,23.7,28.9,18.6,0.1,0.1,1.0,8.3,4.8,78
goiania,Goiania,GO,2026-01-27,24.3,29.4,20.7,0.2,0.2,2.0,13.0,5.2,75
goiania,Goiania,GO,2026-01-28,23.1,27.9,20.3,15.9,15.9,12.0,6.3,3.2,81
goiania,Goiania,GO,2026-01-29,24.0,28.5,19.9,0.1,0.1,1.0,7.5,3.8,75
goiania,Goiania,GO,2026-01-30,23.4,27.2,21.2,1.4,1.4,5.0,13.3,8.3,79
goiania,Goiania,GO,2026-01-31,24.0,28.8,20.6,8.8,8.8,7.0,13.1,9.0,79
goiania,Goiania,GO,2026-02-01,23.7,28.2,20.3,0.9,0.9,2.0,18.5,11.3,78
goiania,Goiania,GO,2026-02-02,23.4,27.8,20.8,9.9,9.9,13.0,16.7,7.3,81
goiania,Goiania,GO,2026-02-03,22.5,26.7,20.4,3.3,3.3,11.0,16.6,10.3,84
goiania,Goiania,GO,2026-02-04,22.6,26.2,20.7,3.8,3.8,12.0,10.7,8.4,85
goiania,Goiania,GO,2026-02-05,23.4,28.4,20.5,18.2,18.2,12.0,9.0,5.3,83
goiania,Goiania,GO,2026-02-06,23.7,27.2,20.5,4.8,4.8,4.0,7.0,4.1,81
goiania,Goiania,GO,2026-02-07,24.3,27.6,20.8,0.3,0.3,3.0,13.8,7.3,78
goiania,Goiania,GO,2026-02-08,24.1,28.2,20.6,15.6,15.6,11.0,16.8,9.4,78
goiania,Goiania,GO,2026-02-09,21.6,24.8,19.0,10.6,10.6,21.0,17.4,9.7,87
goiania,Goiania,GO,2026-02-10,22.1,27.6,19.4,8.8,8.8,15.0,18.3,8.8,85
goiania,Goiania,GO,2026-02-11,22.8,26.9,20.0,1.3,1.3,7.0,14.8,9.5,80
goiania,Goiania,GO,2026-02-12,24.0,29.2,20.4,6.2,6.2,10.0,18.5,5.7,76
goiania,Goiania,GO,2026-02-13,25.0,31.1,18.6,0.4,0.4,3.0,11.9,5.7,67
goiania,Goiania,GO,2026-02-14,26.2,31.2,21.1,4.3,4.3,14.0,12.9,6.1,61
goiania,Goiania,GO,2026-02-15,28.3,33.8,22.0,0.0,0.0,0.0,12.7,7.4,51
goiania,Goiania,GO,2026-02-16,28.7,34.6,23.3,0.0,0.0,0.0,16.6,9.3,47
goiania,Goiania,GO,2026-02-17,28.6,34.7,22.3,0.0,0.0,0.0,9.0,5.6,45
goiania,Goiania,GO,2026-02-18,26.1,32.8,22.6,12.4,12.4,6.0,11.0,4.4,61
goiania,Goiania,GO,2026-02-19,24.5,29.7,21.4,2.1,2.1,7.0,14.2,5.1,72
goiania,Goiania,GO,2026-02-20,23.4,27.3,20.9,7.3,7.3,9.0,12.0,6.8,83
goiania,Goiania,GO,2026-02-21,22.3,24.6,20.1,14.8,14.8,12.0,10.8,7.3,87
goiania,Goiania,GO,2026-02-22,23.0,26.4,20.8,13.4,13.4,11.0,14.1,7.5,85
goiania,Goiania,GO,2026-02-23,21.8,25.0,20.0,16.1,16.1,18.0,15.8,10.1,89
goiania,Goiania,GO,2026-02-24,22.2,25.9,20.2,5.2,5.2,13.0,16.5,11.9,86
goiania,Goiania,GO,2026-02-25,22.8,26.1,20.0,6.3,6.3,19.0,18.0,13.7,85
goiania,Goiania,GO,2026-02-26,22.7,26.3,20.5,4.5,4.5,15.0,16.1,12.0,87
goiania,Goiania,GO,2026-02-27,24.0,28.9,20.0,5.1,5.1,8.0,9.7,6.9,81
goiania,Goiania,GO,2026-02-28,23.7,28.4,19.6,2.2,2.2,7.0,9.3,6.1,79
goiania,Goiania,GO,2026-03-01,25.0,30.9,19.8,0.0,0.0,0.0,11.0,6.3,65
goiania,Goiania,GO,2026-03-02,26.0,31.9,19.8,0.0,0.0,0.0,14.5,5.9,55
goiania,Goiania,GO,2026-03-03,26.9,32.8,21.5,1.7,1.7,7.0,7.9,4.2,55
goiania,Goiania,GO,2026-03-04,27.0,33.0,22.5,2.7,2.7,6.0,14.4,4.0,59
goiania,Goiania,GO,2026-03-05,26.1,32.2,22.5,13.8,13.8,9.0,15.3,6.2,64
goiania,Goiania,GO,2026-03-06,24.0,28.0,21.7,34.9,34.9,13.0,11.7,5.1,79
goiania,Goiania,GO,2026-03-07,22.9,27.7,20.5,15.0,15.0,11.0,11.3,6.1,83
goiania,Goiania,GO,2026-03-08,24.1,30.0,20.9,6.2,6.2,5.0,10.6,4.7,79
goiania,Goiania,GO,2026-03-09,23.9,28.4,20.9,7.0,7.0,5.0,11.9,5.1,81
goiania,Goiania,GO,2026-03-10,24.8,31.1,20.1,0.1,0.1,1.0,9.5,5.6,75
goiania,Goiania,GO,2026-03-11,24.6,30.0,20.3,11.9,11.9,5.0,8.6,3.7,77
goiania,Goiania,GO,2026-03-12,23.6,28.5,21.1,9.7,9.7,7.0,12.0,6.6,84
goiania,Goiania,GO,2026-03-13,23.1,28.2,20.6,10.8,10.8,11.0,19.9,7.4,85
goiania,Goiania,GO,2026-03-14,23.1,27.2,20.5,4.0,4.0,11.0,11.9,7.0,84
goiania,Goiania,GO,2026-03-15,23.8,28.5,20.5,2.9,2.9,8.0,10.4,4.8,82
goiania,Goiania,GO,2026-03-16,24.1,29.6,20.7,7.2,7.2,9.0,11.7,5.2,80
goiania,Goiania,GO,2026-03-17,22.9,27.0,20.9,18.0,18.0,22.0,7.8,4.7,86
goiania,Goiania,GO,2026-03-18,23.3,28.4,20.0,9.6,9.6,14.0,12.6,4.6,84
goiania,Goiania,GO,2026-03-19,24.3,29.0,20.2,0.1,0.1,1.0,10.8,6.1,79
goiania,Goiania,GO,2026-03-20,23.3,27.6,20.3,10.2,10.2,8.0,14.0,6.3,84
goiania,Goiania,GO,2026-03-21,23.8,29.0,20.5,4.0,4.0,4.0,9.2,5.5,80
goiania,Goiania,GO,2026-03-22,24.2,28.5,19.3,4.2,4.2,9.0,8.5,3.8,78
goiania,Goiania,GO,2026-03-23,26.0,31.5,20.6,0.1,0.1,1.0,9.1,5.0,65
goiania,Goiania,GO,2026-03-24,24.0,29.4,20.2,1.4,1.4,4.0,12.3,4.6,71
goiania,Goiania,GO,2026-03-25,22.8,27.5,19.4,3.2,3.2,7.0,14.4,4.9,79
goiania,Goiania,GO,2026-03-26,22.6,27.5,18.6,10.4,10.4,10.0,11.1,4.8,79
goiania,Goiania,GO,2026-03-27,24.7,29.9,20.6,0.4,0.4,2.0,14.0,9.6,68
goiania,Goiania,GO,2026-03-28,25.1,31.0,19.5,0.0,0.0,0.0,16.2,10.4,56
goiania,Goiania,GO,2026-03-29,25.3,30.0,20.2,0.4,0.4,3.0,12.9,8.6,57
goiania,Goiania,GO,2026-03-30,25.6,31.0,20.1,0.6,0.6,3.0,9.3,6.6,54
goiania,Goiania,GO,2026-03-31,25.4,30.6,20.8,2.2,2.2,6.0,8.7,5.0,57
goiania,Goiania,GO,2026-04-01,23.0,28.0,20.1,8.3,8.3,10.0,13.4,4.4,78
goiania,Goiania,GO,2026-04-02,23.2,28.2,20.3,5.7,5.7,7.0,12.1,4.9,80
goiania,Goiania,GO,2026-04-03,22.9,27.5,19.6,5.2,5.2,11.0,9.4,4.9,83
goiania,Goiania,GO,2026-04-04,24.3,29.8,20.5,3.2,3.2,4.0,7.0,4.8,75
goiania,Goiania,GO,2026-04-05,25.7,30.8,21.1,0.2,0.2,1.0,9.0,5.1,66
goiania,Goiania,GO,2026-04-06,25.3,30.5,21.1,1.6,1.6,3.0,10.8,5.4,70
goiania,Goiania,GO,2026-04-07,24.4,29.3,21.4,3.6,3.6,5.0,8.9,5.0,76
goiania,Goiania,GO,2026-04-08,23.9,30.4,20.9,8.5,8.5,10.0,8.0,3.9,81
goiania,Goiania,GO,2026-04-09,24.5,30.0,20.0,0.3,0.3,3.0,7.6,4.6,77
goiania,Goiania,GO,2026-04-10,24.9,30.0,20.0,0.1,0.1,1.0,6.5,4.0,72
goiania,Goiania,GO,2026-04-11,25.9,30.8,21.2,0.0,0.0,0.0,12.6,7.2,65
goiania,Goiania,GO,2026-04-12,25.5,30.2,21.2,0.5,0.5,4.0,16.4,10.3,64
goiania,Goiania,GO,2026-04-13,24.7,29.4,19.9,0.2,0.2,2.0,9.6,7.7,61
goiania,Goiania,GO,2026-04-14,25.1,30.1,19.9,0.0,0.0,0.0,9.5,6.9,58
goiania,Goiania,GO,2026-04-15,23.7,29.4,20.7,1.5,1.5,6.0,9.4,6.0,71
goiania,Goiania,GO,2026-04-16,23.8,28.4,19.6,1.0,1.0,6.0,9.3,5.0,73
goiania,Goiania,GO,2026-04-17,24.7,29.3,20.5,0.1,0.1,1.0,8.0,3.8,69
goiania,Goiania,GO,2026-04-18,26.0,31.9,20.9,0.1,0.1,1.0,9.3,4.9,61
goiania,Goiania,GO,2026-04-19,26.2,31.6,19.9,0.0,0.0,0.0,10.2,4.4,56
goiania,Goiania,GO,2026-04-20,26.0,30.4,21.1,0.0,0.0,0.0,7.0,3.4,58
goiania,Goiania,GO,2026-04-21,25.5,29.9,21.0,0.3,0.3,3.0,8.4,4.1,64
goiania,Goiania,GO,2026-04-22,25.4,30.0,21.4,0.8,0.8,3.0,9.4,5.8,62
goiania,Goiania,GO,2026-04-23,25.2,30.5,20.2,0.6,0.6,4.0,10.3,7.3,61
goiania,Goiania,GO,2026-04-24,25.3,30.8,19.6,0.0,0.0,0.0,12.1,6.6,52
goiania,Goiania,GO,2026-04-25,25.3,31.2,19.7,0.0,0.0,0.0,8.1,4.0,55
goiania,Goiania,GO,2026-04-26,25.4,31.5,19.3,0.0,0.0,0.0,9.7,4.0,56
goiania,Goiania,GO,2026-04-27,26.2,31.9,20.0,0.0,0.0,0.0,5.6,3.3,54
goiania,Goiania,GO,2026-04-28,26.1,31.1,21.4,2.6,2.6,6.0,6.9,3.8,59
goiania,Goiania,GO,2026-04-29,25.9,31.2,20.8,0.0,0.0,0.0,11.1,7.0,50
goiania,Goiania,GO,2026-04-30,24.4,29.9,18.5,0.0,0.0,0.0,12.8,9.2,53
goiania,Goiania,GO,2026-05-01,25.0,30.2,19.5,0.0,0.0,0.0,16.9,9.3,52
goiania,Goiania,GO,2026-05-02,25.7,30.6,20.2,0.0,0.0,0.0,9.2,5.1,53
goiania,Goiania,GO,2026-05-03,26.1,31.1,20.4,0.0,0.0,0.0,12.0,8.2,47
goiania,Goiania,GO,2026-05-04,25.7,30.5,21.1,0.0,0.0,0.0,14.7,8.3,48
goiania,Goiania,GO,2026-05-05,25.4,30.9,20.4,0.0,0.0,0.0,13.7,9.7,48
goiania,Goiania,GO,2026-05-06,24.7,30.1,19.1,0.0,0.0,0.0,16.4,10.6,52
goiania,Goiania,GO,2026-05-07,25.1,30.6,19.4,0.0,0.0,0.0,14.2,8.9,52
goiania,Goiania,GO,2026-05-08,25.1,30.1,20.0,0.1,0.1,1.0,9.9,6.1,54
goiania,Goiania,GO,2026-05-09,25.6,30.5,20.1,0.0,0.0,0.0,11.9,5.9,53
goiania,Goiania,GO,2026-05-10,23.7,29.6,18.0,0.1,0.1,1.0,14.5,6.8,58
goiania,Goiania,GO,2026-05-11,19.6,24.9,15.5,0.0,0.0,0.0,11.2,9.0,71
goiania,Goiania,GO,2026-05-12,22.7,29.9,15.7,0.4,0.4,2.0,9.7,6.4,61
goiania,Goiania,GO,2026-05-13,24.8,30.4,18.8,0.1,0.1,1.0,6.8,4.5,56
goiania,Goiania,GO,2026-05-14,25.5,31.5,20.2,0.4,0.4,3.0,11.3,4.7,54
goiania,Goiania,GO,2026-05-15,25.5,31.1,19.9,0.0,0.0,0.0,7.6,4.2,52
sao_paulo,Sao Paulo,SP,2021-01-01,21.1,26.0,18.2,10.5,10.5,13.0,19.8,9.3,85
sao_paulo,Sao Paulo,SP,2021-01-02,20.0,23.2,18.1,5.0,5.0,17.0,19.4,12.1,89
sao_paulo,Sao Paulo,SP,2021-01-03,19.5,24.7,17.0,3.6,3.6,10.0,21.9,14.3,86
sao_paulo,Sao Paulo,SP,2021-01-04,20.6,26.6,17.0,2.4,2.4,4.0,15.3,9.1,84
sao_paulo,Sao Paulo,SP,2021-01-05,22.7,28.5,17.5,4.7,4.7,5.0,12.6,8.4,81
sao_paulo,Sao Paulo,SP,2021-01-06,24.0,29.5,20.5,4.7,4.7,6.0,18.5,12.1,76
sao_paulo,Sao Paulo,SP,2021-01-07,23.9,28.8,20.6,5.3,5.3,7.0,20.1,13.4,79
sao_paulo,Sao Paulo,SP,2021-01-08,22.5,26.5,20.4,22.5,22.5,14.0,17.7,11.5,85
sao_paulo,Sao Paulo,SP,2021-01-09,22.0,26.8,19.5,4.5,4.5,13.0,20.4,9.8,89
sao_paulo,Sao Paulo,SP,2021-01-10,22.3,27.7,19.2,9.3,9.3,10.0,18.6,8.8,88
sao_paulo,Sao Paulo,SP,2021-01-11,23.1,28.0,20.0,2.6,2.6,5.0,15.0,9.3,86
sao_paulo,Sao Paulo,SP,2021-01-12,23.6,28.8,21.0,17.7,17.7,8.0,11.7,6.4,88
sao_paulo,Sao Paulo,SP,2021-01-13,22.6,26.5,20.5,18.6,18.6,10.0,20.3,9.0,90
sao_paulo,Sao Paulo,SP,2021-01-14,22.1,27.1,19.1,10.0,10.0,10.0,21.3,11.2,88
sao_paulo,Sao Paulo,SP,2021-01-15,21.4,25.7,18.6,13.0,13.0,12.0,15.9,6.8,87
sao_paulo,Sao Paulo,SP,2021-01-16,22.7,27.4,18.1,1.7,1.7,10.0,15.3,9.3,78
sao_paulo,Sao Paulo,SP,2021-01-17,23.8,27.9,21.0,0.6,0.6,6.0,21.5,14.7,72
sao_paulo,Sao Paulo,SP,2021-01-18,23.6,29.0,20.4,6.0,6.0,8.0,17.8,12.8,80
sao_paulo,Sao Paulo,SP,2021-01-19,22.4,27.0,20.0,12.9,12.9,18.0,10.3,6.5,88
sao_paulo,Sao Paulo,SP,2021-01-20,22.7,28.9,19.8,2.4,2.4,10.0,18.4,9.0,84
sao_paulo,Sao Paulo,SP,2021-01-21,22.0,27.7,19.0,2.0,2.0,4.0,18.4,9.3,85
sao_paulo,Sao Paulo,SP,2021-01-22,22.0,27.3,18.9,1.6,1.6,6.0,15.0,8.4,84
sao_paulo,Sao Paulo,SP,2021-01-23,22.3,27.9,18.2,3.5,3.5,4.0,13.2,8.4,82
sao_paulo,Sao Paulo,SP,2021-01-24,22.0,27.5,19.2,4.4,4.4,4.0,14.2,6.6,86
sao_paulo,Sao Paulo,SP,2021-01-25,22.7,29.5,18.6,8.8,8.8,7.0,13.4,7.4,82
sao_paulo,Sao Paulo,SP,2021-01-26,22.9,28.0,18.1,22.5,22.5,8.0,14.2,8.2,80
sao_paulo,Sao Paulo,SP,2021-01-27,24.7,29.0,20.3,0.5,0.5,4.0,21.7,11.6,71
sao_paulo,Sao Paulo,SP,2021-01-28,24.0,29.5,20.5,6.9,6.9,7.0,18.1,8.9,78
sao_paulo,Sao Paulo,SP,2021-01-29,24.5,30.0,19.3,0.0,0.0,0.0,15.2,8.7,69
sao_paulo,Sao Paulo,SP,2021-01-30,24.9,31.7,19.5,0.0,0.0,0.0,16.7,8.1,70
sao_paulo,Sao Paulo,SP,2021-01-31,24.8,30.5,20.0,1.4,1.4,3.0,10.8,6.7,76
sao_paulo,Sao Paulo,SP,2021-02-01,23.8,29.3,20.9,4.0,4.0,3.0,11.3,5.1,79
sao_paulo,Sao Paulo,SP,2021-02-02,23.6,29.6,19.6,7.3,7.3,5.0,13.4,6.6,77
sao_paulo,Sao Paulo,SP,2021-02-03,23.1,29.2,18.0,0.9,0.9,3.0,14.8,6.3,83
sao_paulo,Sao Paulo,SP,2021-02-04,25.1,30.5,20.7,1.6,1.6,5.0,19.5,12.0,76
sao_paulo,Sao Paulo,SP,2021-02-05,21.6,25.8,18.0,21.9,21.9,18.0,20.3,10.0,86
sao_paulo,Sao Paulo,SP,2021-02-06,19.8,24.9,17.1,1.4,1.4,7.0,21.9,10.1,84
sao_paulo,Sao Paulo,SP,2021-02-07,19.1,23.8,16.3,2.2,2.2,7.0,23.2,12.0,83
sao_paulo,Sao Paulo,SP,2021-02-08,18.8,24.0,14.4,0.4,0.4,3.0,22.6,11.9,80
sao_paulo,Sao Paulo,SP,2021-02-09,19.0,24.5,14.6,1.4,1.4,5.0,20.9,10.6,83
sao_paulo,Sao Paulo,SP,2021-02-10,19.8,25.8,15.9,3.3,3.3,4.0,21.5,10.5,86
sao_paulo,Sao Paulo,SP,2021-02-11,20.2,25.6,17.1,19.7,19.7,8.0,12.4,9.5,89
sao_paulo,Sao Paulo,SP,2021-02-12,20.8,24.9,17.5,9.7,9.7,11.0,11.8,7.6,88
sao_paulo,Sao Paulo,SP,2021-02-13,20.5,24.0,17.8,10.7,10.7,16.0,14.3,10.0,89
sao_paulo,Sao Paulo,SP,2021-02-14,21.6,26.9,17.2,0.0,0.0,0.0,17.6,11.2,81
sao_paulo,Sao Paulo,SP,2021-02-15,21.9,26.8,18.5,1.5,1.5,6.0,19.5,10.8,82
sao_paulo,Sao Paulo,SP,2021-02-16,22.3,27.1,18.1,0.6,0.6,4.0,17.4,9.6,80
sao_paulo,Sao Paulo,SP,2021-02-17,22.3,26.9,18.9,3.6,3.6,6.0,15.3,7.6,80
sao_paulo,Sao Paulo,SP,2021-02-18,21.8,27.4,16.0,2.0,2.0,4.0,16.2,9.5,82
sao_paulo,Sao Paulo,SP,2021-02-19,21.1,27.5,17.2,0.2,0.2,1.0,19.0,8.6,85
sao_paulo,Sao Paulo,SP,2021-02-20,20.8,26.6,17.0,0.3,0.3,2.0,20.9,10.7,86
sao_paulo,Sao Paulo,SP,2021-02-21,20.8,26.0,17.3,0.6,0.6,5.0,21.3,10.7,86
sao_paulo,Sao Paulo,SP,2021-02-22,21.3,26.4,18.0,0.7,0.7,4.0,19.6,11.4,84
sao_paulo,Sao Paulo,SP,2021-02-23,22.6,29.7,16.8,0.0,0.0,0.0,12.6,8.9,76
sao_paulo,Sao Paulo,SP,2021-02-24,22.1,28.8,17.2,2.4,2.4,5.0,16.7,8.2,81
sao_paulo,Sao Paulo,SP,2021-02-25,20.7,24.8,17.8,12.9,12.9,19.0,14.8,9.3,89
sao_paulo,Sao Paulo,SP,2021-02-26,19.3,21.9,17.4,24.4,24.4,14.0,11.0,8.3,92
sao_paulo,Sao Paulo,SP,2021-02-27,20.0,24.2,17.6,18.6,18.6,15.0,16.9,7.8,90
sao_paulo,Sao Paulo,SP,2021-02-28,20.8,26.5,17.5,13.5,13.5,3.0,15.0,8.2,88
sao_paulo,Sao Paulo,SP,2021-03-01,21.6,26.5,18.3,1.1,1.1,2.0,15.8,7.8,85
sao_paulo,Sao Paulo,SP,2021-03-02,22.3,27.5,18.5,0.6,0.6,3.0,13.8,6.9,82
sao_paulo,Sao Paulo,SP,2021-03-03,23.3,28.0,19.8,0.3,0.3,3.0,14.6,8.2,73
sao_paulo,Sao Paulo,SP,2021-03-04,22.5,28.0,19.1,5.1,5.1,8.0,21.8,11.5,81
sao_paulo,Sao Paulo,SP,2021-03-05,21.3,24.0,19.8,4.9,4.9,12.0,31.1,21.1,84
sao_paulo,Sao Paulo,SP,2021-03-06,20.4,23.8,18.6,23.3,23.3,21.0,18.6,12.0,91
sao_paulo,Sao Paulo,SP,2021-03-07,20.1,23.9,18.0,15.4,15.4,15.0,17.1,6.9,91
sao_paulo,Sao Paulo,SP,2021-03-08,20.1,24.8,17.4,4.5,4.5,9.0,13.6,6.6,89
sao_paulo,Sao Paulo,SP,2021-03-09,20.4,26.3,16.1,0.0,0.0,0.0,15.7,5.8,85
sao_paulo,Sao Paulo,SP,2021-03-10,20.2,25.3,17.5,0.5,0.5,4.0,16.4,7.8,85
sao_paulo,Sao Paulo,SP,2021-03-11,21.2,27.0,17.0,2.9,2.9,5.0,18.1,9.1,84
sao_paulo,Sao Paulo,SP,2021-03-12,21.9,28.5,17.4,1.1,1.1,5.0,18.1,8.1,84
sao_paulo,Sao Paulo,SP,2021-03-13,21.9,27.3,18.9,0.0,0.0,0.0,17.8,8.4,85
sao_paulo,Sao Paulo,SP,2021-03-14,22.3,27.8,18.5,0.8,0.8,5.0,11.2,6.5,83
sao_paulo,Sao Paulo,SP,2021-03-15,21.4,27.1,17.0,1.4,1.4,5.0,15.3,5.4,86
sao_paulo,Sao Paulo,SP,2021-03-16,22.0,27.5,18.4,0.8,0.8,2.0,15.0,7.4,85
sao_paulo,Sao Paulo,SP,2021-03-17,23.1,28.3,17.8,0.2,0.2,2.0,14.3,7.2,77
sao_paulo,Sao Paulo,SP,2021-03-18,21.5,24.4,19.7,0.7,0.7,5.0,15.3,6.7,84
sao_paulo,Sao Paulo,SP,2021-03-19,21.1,27.0,18.4,15.1,15.1,6.0,16.1,6.4,89
sao_paulo,Sao Paulo,SP,2021-03-20,21.9,27.9,18.5,0.8,0.8,3.0,16.1,8.3,89
sao_paulo,Sao Paulo,SP,2021-03-21,22.9,28.1,18.0,0.0,0.0,0.0,9.0,5.4,79
sao_paulo,Sao Paulo,SP,2021-03-22,22.3,28.4,17.2,0.1,0.1,1.0,17.9,6.8,84
sao_paulo,Sao Paulo,SP,2021-03-23,22.5,28.5,18.7,0.0,0.0,0.0,17.6,6.7,82
sao_paulo,Sao Paulo,SP,2021-03-24,22.5,28.1,18.5,0.1,0.1,1.0,15.8,6.9,83
sao_paulo,Sao Paulo,SP,2021-03-25,22.2,27.6,19.1,0.3,0.3,1.0,15.1,7.8,85
sao_paulo,Sao Paulo,SP,2021-03-26,22.7,29.0,18.6,0.0,0.0,0.0,12.1,6.2,83
sao_paulo,Sao Paulo,SP,2021-03-27,23.5,30.4,18.4,0.0,0.0,0.0,12.9,5.7,79
sao_paulo,Sao Paulo,SP,2021-03-28,23.2,30.2,18.2,2.9,2.9,3.0,12.0,6.1,80
sao_paulo,Sao Paulo,SP,2021-03-29,23.1,29.0,18.8,14.6,14.6,7.0,17.7,6.3,79
sao_paulo,Sao Paulo,SP,2021-03-30,21.7,27.6,18.2,10.9,10.9,8.0,21.1,8.3,84
sao_paulo,Sao Paulo,SP,2021-03-31,18.7,22.2,15.5,2.6,2.6,9.0,20.2,9.4,85
sao_paulo,Sao Paulo,SP,2021-04-01,17.7,23.8,13.1,0.0,0.0,0.0,21.8,8.6,81
sao_paulo,Sao Paulo,SP,2021-04-02,18.2,22.6,15.1,0.2,0.2,2.0,20.3,8.5,84
sao_paulo,Sao Paulo,SP,2021-04-03,18.3,24.6,14.1,0.1,0.1,1.0,22.1,10.4,86
sao_paulo,Sao Paulo,SP,2021-04-04,18.8,23.9,15.9,0.6,0.6,4.0,20.0,12.0,85
sao_paulo,Sao Paulo,SP,2021-04-05,18.9,24.6,15.6,0.0,0.0,0.0,21.3,12.5,83
sao_paulo,Sao Paulo,SP,2021-04-06,18.4,23.1,15.4,13.1,13.1,13.0,18.6,11.1,87
sao_paulo,Sao Paulo,SP,2021-04-07,18.7,23.5,16.1,1.8,1.8,7.0,18.6,12.9,87
sao_paulo,Sao Paulo,SP,2021-04-08,18.5,24.9,14.7,0.0,0.0,0.0,20.2,14.0,81
sao_paulo,Sao Paulo,SP,2021-04-09,18.9,25.4,13.9,0.0,0.0,0.0,16.0,8.5,80
sao_paulo,Sao Paulo,SP,2021-04-10,19.7,27.0,13.4,0.0,0.0,0.0,14.8,6.9,71
sao_paulo,Sao Paulo,SP,2021-04-11,20.8,27.9,13.5,0.0,0.0,0.0,15.6,10.1,58
sao_paulo,Sao Paulo,SP,2021-04-12,20.8,27.8,15.6,0.6,0.6,4.0,21.4,14.3,65
sao_paulo,Sao Paulo,SP,2021-04-13,18.3,20.6,14.4,2.9,2.9,11.0,19.8,13.9,85
sao_paulo,Sao Paulo,SP,2021-04-14,16.8,23.1,12.3,0.0,0.0,0.0,20.5,12.5,82
sao_paulo,Sao Paulo,SP,2021-04-15,18.2,23.9,14.8,0.3,0.3,2.0,17.7,11.1,82
sao_paulo,Sao Paulo,SP,2021-04-16,19.0,25.4,14.3,0.0,0.0,0.0,13.9,8.7,77
sao_paulo,Sao Paulo,SP,2021-04-17,19.5,24.4,15.8,2.8,2.8,6.0,12.1,8.1,77
sao_paulo,Sao Paulo,SP,2021-04-18,18.5,23.0,16.4,18.8,18.8,18.0,16.3,8.4,89
sao_paulo,Sao Paulo,SP,2021-04-19,17.5,21.0,15.6,1.4,1.4,9.0,21.3,12.7,88
sao_paulo,Sao Paulo,SP,2021-04-20,17.4,20.9,15.2,3.0,3.0,19.0,23.0,14.6,89
sao_paulo,Sao Paulo,SP,2021-04-21,17.3,20.4,15.4,3.8,3.8,18.0,22.7,13.1,89
sao_paulo,Sao Paulo,SP,2021-04-22,16.0,18.5,14.2,2.4,2.4,8.0,18.6,12.0,91
sao_paulo,Sao Paulo,SP,2021-04-23,16.7,22.1,13.1,0.0,0.0,0.0,17.8,5.7,87
sao_paulo,Sao Paulo,SP,2021-04-24,17.8,23.5,14.5,0.0,0.0,0.0,12.4,5.1,85
sao_paulo,Sao Paulo,SP,2021-04-25,19.2,25.4,14.6,0.0,0.0,0.0,13.3,5.7,82
sao_paulo,Sao Paulo,SP,2021-04-26,18.8,23.9,15.9,2.4,2.4,6.0,13.4,6.4,87
sao_paulo,Sao Paulo,SP,2021-04-27,17.8,21.1,15.4,1.4,1.4,7.0,17.6,9.2,92
sao_paulo,Sao Paulo,SP,2021-04-28,17.3,22.9,14.9,0.3,0.3,1.0,21.7,9.5,86
sao_paulo,Sao Paulo,SP,2021-04-29,15.9,19.9,13.1,1.1,1.1,5.0,19.0,11.9,85
sao_paulo,Sao Paulo,SP,2021-04-30,16.0,21.6,12.6,0.0,0.0,0.0,20.1,13.7,84
sao_paulo,Sao Paulo,SP,2021-05-01,16.0,21.9,11.9,0.0,0.0,0.0,17.1,10.8,84
sao_paulo,Sao Paulo,SP,2021-05-02,16.8,23.4,12.9,0.0,0.0,0.0,16.5,7.4,83
sao_paulo,Sao Paulo,SP,2021-05-03,17.6,24.5,12.9,0.0,0.0,0.0,16.4,6.3,83
sao_paulo,Sao Paulo,SP,2021-05-04,19.1,26.1,12.9,0.0,0.0,0.0,13.4,7.4,75
sao_paulo,Sao Paulo,SP,2021-05-05,19.1,26.0,12.8,0.0,0.0,0.0,14.5,4.8,78
sao_paulo,Sao Paulo,SP,2021-05-06,20.7,27.2,14.4,0.3,0.3,1.0,17.9,9.2,71
sao_paulo,Sao Paulo,SP,2021-05-07,15.9,18.1,14.2,2.7,2.7,9.0,23.7,15.6,88
sao_paulo,Sao Paulo,SP,2021-05-08,16.1,20.8,14.1,0.5,0.5,4.0,18.7,12.8,85
sao_paulo,Sao Paulo,SP,2021-05-09,16.5,22.0,13.3,0.0,0.0,0.0,20.3,12.2,84
sao_paulo,Sao Paulo,SP,2021-05-10,17.0,23.1,13.6,0.0,0.0,0.0,18.4,10.5,83
sao_paulo,Sao Paulo,SP,2021-05-11,17.9,25.6,13.2,0.0,0.0,0.0,21.7,8.4,77
sao_paulo,Sao Paulo,SP,2021-05-12,16.4,22.4,12.9,10.9,10.9,9.0,20.5,9.3,84
sao_paulo,Sao Paulo,SP,2021-05-13,14.8,18.1,12.9,4.4,4.4,8.0,19.7,14.1,88
sao_paulo,Sao Paulo,SP,2021-05-14,15.4,20.1,12.6,0.1,0.1,1.0,16.5,11.8,87
sao_paulo,Sao Paulo,SP,2021-05-15,16.1,19.9,13.6,2.7,2.7,8.0,14.1,8.3,89
sao_paulo,Sao Paulo,SP,2021-05-16,16.7,21.5,14.0,0.0,0.0,0.0,13.8,6.6,88
sao_paulo,Sao Paulo,SP,2021-05-17,17.1,22.2,13.2,0.0,0.0,0.0,17.8,7.5,80
sao_paulo,Sao Paulo,SP,2021-05-18,15.8,20.0,12.9,0.6,0.6,5.0,17.6,8.0,87
sao_paulo,Sao Paulo,SP,2021-05-19,15.9,22.9,12.1,0.0,0.0,0.0,11.7,6.3,83
sao_paulo,Sao Paulo,SP,2021-05-20,16.5,24.3,10.6,0.0,0.0,0.0,14.6,6.3,79
sao_paulo,Sao Paulo,SP,2021-05-21,18.4,26.1,11.9,0.0,0.0,0.0,16.3,8.3,70
sao_paulo,Sao Paulo,SP,2021-05-22,16.7,19.6,14.4,11.5,11.5,6.0,21.5,13.2,75
sao_paulo,Sao Paulo,SP,2021-05-23,18.5,22.3,16.2,0.0,0.0,0.0,28.8,19.8,83
sao_paulo,Sao Paulo,SP,2021-05-24,14.4,19.6,9.4,0.0,0.0,0.0,18.6,14.2,58
sao_paulo,Sao Paulo,SP,2021-05-25,14.0,22.0,8.4,0.0,0.0,0.0,11.8,5.1,68
sao_paulo,Sao Paulo,SP,2021-05-26,14.5,24.0,7.6,0.0,0.0,0.0,13.5,4.4,79
sao_paulo,Sao Paulo,SP,2021-05-27,17.3,25.2,10.7,0.0,0.0,0.0,14.4,5.4,76
sao_paulo,Sao Paulo,SP,2021-05-28,20.0,26.4,13.4,0.0,0.0,0.0,30.4,12.9,67
sao_paulo,Sao Paulo,SP,2021-05-29,22.7,28.0,19.3,0.4,0.4,2.0,35.6,22.4,62
sao_paulo,Sao Paulo,SP,2021-05-30,18.4,21.4,15.9,0.8,0.8,3.0,11.8,7.3,87
sao_paulo,Sao Paulo,SP,2021-05-31,16.7,20.9,14.2,1.3,1.3,9.0,15.6,8.2,88
sao_paulo,Sao Paulo,SP,2021-06-01,16.1,21.2,13.4,0.0,0.0,0.0,10.5,4.5,88
sao_paulo,Sao Paulo,SP,2021-06-02,17.8,24.9,12.2,0.0,0.0,0.0,15.2,7.8,77
sao_paulo,Sao Paulo,SP,2021-06-03,18.1,24.8,12.9,0.0,0.0,0.0,15.8,7.0,79
sao_paulo,Sao Paulo,SP,2021-06-04,18.6,24.4,14.9,0.0,0.0,0.0,13.0,9.1,83
sao_paulo,Sao Paulo,SP,2021-06-05,18.7,25.1,13.5,0.0,0.0,0.0,14.4,10.3,74
sao_paulo,Sao Paulo,SP,2021-06-06,18.4,25.0,12.1,0.1,0.1,1.0,13.5,7.9,76
sao_paulo,Sao Paulo,SP,2021-06-07,17.5,20.5,16.1,2.9,2.9,9.0,12.6,7.7,91
sao_paulo,Sao Paulo,SP,2021-06-08,16.9,19.7,15.6,1.3,1.3,9.0,17.0,9.7,92
sao_paulo,Sao Paulo,SP,2021-06-09,17.9,22.6,15.7,0.2,0.2,2.0,15.3,8.9,87
sao_paulo,Sao Paulo,SP,2021-06-10,18.1,22.0,15.9,6.6,6.6,11.0,18.2,9.6,89
sao_paulo,Sao Paulo,SP,2021-06-11,16.0,18.8,13.8,3.3,3.3,10.0,17.3,10.9,92
sao_paulo,Sao Paulo,SP,2021-06-12,14.9,19.4,12.6,0.0,0.0,0.0,15.5,6.9,86
sao_paulo,Sao Paulo,SP,2021-06-13,13.6,18.1,10.6,0.0,0.0,0.0,16.6,11.3,85
sao_paulo,Sao Paulo,SP,2021-06-14,13.6,20.0,9.2,0.0,0.0,0.0,15.4,8.6,87
sao_paulo,Sao Paulo,SP,2021-06-15,14.8,21.8,11.1,0.0,0.0,0.0,15.9,7.2,86
sao_paulo,Sao Paulo,SP,2021-06-16,14.4,18.6,12.2,0.1,0.1,1.0,18.0,9.3,86
sao_paulo,Sao Paulo,SP,2021-06-17,13.8,18.0,11.3,0.3,0.3,3.0,15.0,7.7,88
sao_paulo,Sao Paulo,SP,2021-06-18,13.6,17.9,11.5,0.0,0.0,0.0,15.5,8.7,90
sao_paulo,Sao Paulo,SP,2021-06-19,15.3,19.4,13.1,0.7,0.7,5.0,16.6,10.5,87
sao_paulo,Sao Paulo,SP,2021-06-20,16.3,21.0,12.5,1.3,1.3,5.0,28.9,14.9,80
sao_paulo,Sao Paulo,SP,2021-06-21,14.6,18.8,12.0,1.5,1.5,2.0,12.5,4.8,85
sao_paulo,Sao Paulo,SP,2021-06-22,14.6,18.9,12.7,5.1,5.1,8.0,15.3,8.4,92
sao_paulo,Sao Paulo,SP,2021-06-23,14.3,17.9,11.8,0.2,0.2,2.0,16.4,10.7,88
sao_paulo,Sao Paulo,SP,2021-06-24,15.7,22.8,10.8,0.0,0.0,0.0,17.4,12.2,78
sao_paulo,Sao Paulo,SP,2021-06-25,17.8,25.2,13.3,0.1,0.1,1.0,15.0,9.0,78
sao_paulo,Sao Paulo,SP,2021-06-26,18.1,24.7,12.9,0.0,0.0,0.0,12.6,9.3,78
sao_paulo,Sao Paulo,SP,2021-06-27,18.4,24.6,14.4,0.0,0.0,0.0,18.2,12.4,66
sao_paulo,Sao Paulo,SP,2021-06-28,15.4,21.2,11.3,0.1,0.1,1.0,19.6,11.1,78
sao_paulo,Sao Paulo,SP,2021-06-29,12.3,14.8,8.2,1.8,1.8,10.0,19.8,11.5,82
sao_paulo,Sao Paulo,SP,2021-06-30,8.0,13.2,4.1,0.0,0.0,0.0,13.3,9.2,75
sao_paulo,Sao Paulo,SP,2021-07-01,10.6,17.1,5.8,0.0,0.0,0.0,17.0,11.3,84
sao_paulo,Sao Paulo,SP,2021-07-02,14.1,22.2,8.8,0.0,0.0,0.0,14.3,9.2,75
sao_paulo,Sao Paulo,SP,2021-07-03,14.4,22.5,8.1,0.0,0.0,0.0,18.2,7.8,78
sao_paulo,Sao Paulo,SP,2021-07-04,14.2,18.6,11.8,0.0,0.0,0.0,17.1,10.0,87
sao_paulo,Sao Paulo,SP,2021-07-05,14.6,19.7,11.6,0.0,0.0,0.0,16.7,8.8,85
sao_paulo,Sao Paulo,SP,2021-07-06,13.7,19.0,10.9,0.1,0.1,1.0,16.3,10.0,86
sao_paulo,Sao Paulo,SP,2021-07-07,13.6,19.0,10.4,0.0,0.0,0.0,15.6,8.8,86
sao_paulo,Sao Paulo,SP,2021-07-08,14.6,21.9,10.9,0.1,0.1,1.0,18.4,7.9,80
sao_paulo,Sao Paulo,SP,2021-07-09,14.9,21.5,11.8,0.0,0.0,0.0,16.6,10.4,83
sao_paulo,Sao Paulo,SP,2021-07-10,15.7,23.2,10.0,0.0,0.0,0.0,14.0,8.7,75
sao_paulo,Sao Paulo,SP,2021-07-11,15.9,23.7,10.2,0.0,0.0,0.0,17.1,8.4,72
sao_paulo,Sao Paulo,SP,2021-07-12,16.4,23.7,10.8,0.0,0.0,0.0,14.3,9.9,70
sao_paulo,Sao Paulo,SP,2021-07-13,16.8,24.1,9.4,0.0,0.0,0.0,13.7,10.1,61
sao_paulo,Sao Paulo,SP,2021-07-14,17.4,24.3,10.4,0.0,0.0,0.0,17.4,9.1,57
sao_paulo,Sao Paulo,SP,2021-07-15,18.7,25.9,12.9,0.0,0.0,0.0,23.4,13.3,54
sao_paulo,Sao Paulo,SP,2021-07-16,16.6,22.4,12.9,0.0,0.0,0.0,21.0,10.9,78
sao_paulo,Sao Paulo,SP,2021-07-17,17.9,23.7,14.9,0.3,0.3,3.0,20.3,11.7,79
sao_paulo,Sao Paulo,SP,2021-07-18,16.4,22.1,12.1,0.3,0.3,3.0,20.2,10.7,74
sao_paulo,Sao Paulo,SP,2021-07-19,11.6,17.6,5.8,0.0,0.0,0.0,12.8,9.3,59
sao_paulo,Sao Paulo,SP,2021-07-20,9.6,15.9,4.1,0.0,0.0,0.0,15.1,10.2,69
sao_paulo,Sao Paulo,SP,2021-07-21,12.0,20.5,6.7,0.0,0.0,0.0,10.0,7.7,71
sao_paulo,Sao Paulo,SP,2021-07-22,12.5,21.0,6.7,0.0,0.0,0.0,16.2,10.1,78
sao_paulo,Sao Paulo,SP,2021-07-23,15.4,23.8,10.5,0.0,0.0,0.0,16.2,10.6,74
sao_paulo,Sao Paulo,SP,2021-07-24,16.1,25.1,7.4,0.0,0.0,0.0,12.1,7.5,65
sao_paulo,Sao Paulo,SP,2021-07-25,17.2,25.5,10.4,0.0,0.0,0.0,16.4,9.7,50
sao_paulo,Sao Paulo,SP,2021-07-26,18.7,26.0,10.9,0.0,0.0,0.0,18.9,12.9,43
sao_paulo,Sao Paulo,SP,2021-07-27,20.3,28.0,15.1,0.3,0.3,2.0,24.5,17.7,47
sao_paulo,Sao Paulo,SP,2021-07-28,11.7,15.4,8.9,17.8,17.8,17.0,18.9,13.3,91
sao_paulo,Sao Paulo,SP,2021-07-29,6.6,12.2,2.8,0.0,0.0,0.0,19.5,9.7,72
sao_paulo,Sao Paulo,SP,2021-07-30,6.2,11.8,1.4,0.0,0.0,0.0,18.3,11.8,82
sao_paulo,Sao Paulo,SP,2021-07-31,9.7,16.6,4.3,0.0,0.0,0.0,19.8,13.9,84
sao_paulo,Sao Paulo,SP,2021-08-01,11.4,16.5,7.1,0.0,0.0,0.0,17.2,11.2,88
sao_paulo,Sao Paulo,SP,2021-08-02,13.0,18.6,9.8,0.0,0.0,0.0,12.4,7.7,88
sao_paulo,Sao Paulo,SP,2021-08-03,12.9,16.5,10.0,1.2,1.2,7.0,20.4,11.8,87
sao_paulo,Sao Paulo,SP,2021-08-04,12.7,17.2,10.2,0.0,0.0,0.0,17.8,13.3,84
sao_paulo,Sao Paulo,SP,2021-08-05,13.7,20.6,9.2,0.0,0.0,0.0,22.0,13.7,84
sao_paulo,Sao Paulo,SP,2021-08-06,15.3,22.3,11.4,0.0,0.0,0.0,19.8,12.1,86
sao_paulo,Sao Paulo,SP,2021-08-07,16.1,22.1,11.8,0.0,0.0,0.0,13.7,10.2,81
sao_paulo,Sao Paulo,SP,2021-08-08,16.8,23.4,11.6,0.0,0.0,0.0,13.5,7.3,71
sao_paulo,Sao Paulo,SP,2021-08-09,18.0,25.5,10.9,0.0,0.0,0.0,12.6,7.9,62
sao_paulo,Sao Paulo,SP,2021-08-10,18.6,26.7,10.4,0.0,0.0,0.0,14.2,8.5,54
sao_paulo,Sao Paulo,SP,2021-08-11,15.2,19.8,11.8,0.0,0.0,0.0,21.8,14.4,79
sao_paulo,Sao Paulo,SP,2021-08-12,14.0,15.6,13.0,0.0,0.0,0.0,21.6,17.6,88
sao_paulo,Sao Paulo,SP,2021-08-13,14.7,17.6,12.6,0.6,0.6,6.0,23.3,15.2,89
sao_paulo,Sao Paulo,SP,2021-08-14,15.0,19.3,12.2,3.2,3.2,4.0,14.7,10.6,86
sao_paulo,Sao Paulo,SP,2021-08-15,17.6,26.0,13.2,0.0,0.0,0.0,17.6,9.8,81
sao_paulo,Sao Paulo,SP,2021-08-16,17.1,22.1,14.1,0.6,0.6,3.0,19.2,11.5,86
sao_paulo,Sao Paulo,SP,2021-08-17,19.9,28.3,12.9,0.0,0.0,0.0,16.3,8.6,69
sao_paulo,Sao Paulo,SP,2021-08-18,21.0,28.9,13.6,0.0,0.0,0.0,13.3,8.8,65
sao_paulo,Sao Paulo,SP,2021-08-19,21.3,29.5,13.7,0.0,0.0,0.0,13.4,6.6,55
sao_paulo,Sao Paulo,SP,2021-08-20,22.0,28.8,14.4,0.0,0.0,0.0,14.5,6.9,49
sao_paulo,Sao Paulo,SP,2021-08-21,20.8,28.1,14.0,0.0,0.0,0.0,16.5,8.4,54
sao_paulo,Sao Paulo,SP,2021-08-22,21.5,29.2,14.0,0.0,0.0,0.0,17.0,11.6,43
sao_paulo,Sao Paulo,SP,2021-08-23,22.2,29.9,12.9,0.0,0.0,0.0,16.4,9.4,40
sao_paulo,Sao Paulo,SP,2021-08-24,23.3,31.1,15.8,0.0,0.0,0.0,14.1,9.0,37
sao_paulo,Sao Paulo,SP,2021-08-25,24.4,32.1,16.0,0.0,0.0,0.0,17.6,9.8,36
sao_paulo,Sao Paulo,SP,2021-08-26,23.2,32.1,16.0,0.0,0.0,0.0,25.2,15.5,47
sao_paulo,Sao Paulo,SP,2021-08-27,16.4,18.8,14.8,0.9,0.9,5.0,22.1,17.6,84
sao_paulo,Sao Paulo,SP,2021-08-28,15.3,16.8,14.6,23.0,23.0,18.0,20.8,13.9,94
sao_paulo,Sao Paulo,SP,2021-08-29,15.8,18.0,14.5,0.8,0.8,6.0,17.6,14.2,93
sao_paulo,Sao Paulo,SP,2021-08-30,16.5,20.5,14.1,2.8,2.8,7.0,23.6,17.7,87
sao_paulo,Sao Paulo,SP,2021-08-31,16.2,22.1,12.9,0.0,0.0,0.0,23.9,18.9,83
sao_paulo,Sao Paulo,SP,2021-09-01,16.3,23.4,12.6,0.0,0.0,0.0,22.3,15.4,84
sao_paulo,Sao Paulo,SP,2021-09-02,17.9,25.6,12.4,0.0,0.0,0.0,19.3,9.9,78
sao_paulo,Sao Paulo,SP,2021-09-03,20.0,27.8,13.2,0.0,0.0,0.0,13.8,9.0,68
sao_paulo,Sao Paulo,SP,2021-09-04,18.6,28.0,14.1,0.0,0.0,0.0,19.5,9.0,81
sao_paulo,Sao Paulo,SP,2021-09-05,20.3,30.0,14.1,0.0,0.0,0.0,26.0,9.4,71
sao_paulo,Sao Paulo,SP,2021-09-06,19.1,25.3,16.0,0.0,0.0,0.0,21.4,12.3,84
sao_paulo,Sao Paulo,SP,2021-09-07,19.5,27.7,16.2,0.0,0.0,0.0,22.4,14.8,81
sao_paulo,Sao Paulo,SP,2021-09-08,23.8,33.2,15.4,0.0,0.0,0.0,23.3,12.8,62
sao_paulo,Sao Paulo,SP,2021-09-09,23.1,30.0,17.3,0.2,0.2,2.0,19.1,9.6,72
sao_paulo,Sao Paulo,SP,2021-09-10,20.7,24.3,18.2,7.8,7.8,13.0,15.0,8.0,81
sao_paulo,Sao Paulo,SP,2021-09-11,19.4,24.8,16.4,0.1,0.1,1.0,16.4,6.0,80
sao_paulo,Sao Paulo,SP,2021-09-12,20.2,28.2,14.9,0.0,0.0,0.0,16.4,8.2,82
sao_paulo,Sao Paulo,SP,2021-09-13,24.3,33.0,16.7,0.0,0.0,0.0,20.0,11.9,60
sao_paulo,Sao Paulo,SP,2021-09-14,25.5,33.2,19.7,0.0,0.0,0.0,28.5,14.6,50
sao_paulo,Sao Paulo,SP,2021-09-15,20.3,23.8,17.2,0.3,0.3,3.0,22.9,13.9,82
sao_paulo,Sao Paulo,SP,2021-09-16,17.6,20.4,15.6,0.8,0.8,5.0,24.7,18.6,88
sao_paulo,Sao Paulo,SP,2021-09-17,17.6,23.6,15.4,0.4,0.4,3.0,18.3,14.6,87
sao_paulo,Sao Paulo,SP,2021-09-18,21.2,31.4,15.8,0.2,0.2,1.0,18.4,10.3,78
sao_paulo,Sao Paulo,SP,2021-09-19,21.2,29.2,16.1,0.0,0.0,0.0,18.2,9.6,83
sao_paulo,Sao Paulo,SP,2021-09-20,24.6,33.8,16.9,0.0,0.0,0.0,20.0,9.4,67
sao_paulo,Sao Paulo,SP,2021-09-21,21.7,33.8,14.8,0.8,0.8,5.0,32.4,15.6,70
sao_paulo,Sao Paulo,SP,2021-09-22,14.2,17.1,12.1,0.8,0.8,8.0,25.2,21.9,77
sao_paulo,Sao Paulo,SP,2021-09-23,14.1,20.4,10.2,0.0,0.0,0.0,21.8,16.8,74
sao_paulo,Sao Paulo,SP,2021-09-24,16.9,28.0,10.9,0.0,0.0,0.0,22.4,11.7,75
sao_paulo,Sao Paulo,SP,2021-09-25,17.8,25.3,12.6,0.5,0.5,4.0,18.0,8.5,81
sao_paulo,Sao Paulo,SP,2021-09-26,19.8,28.2,13.9,1.2,1.2,4.0,11.9,5.4,80
sao_paulo,Sao Paulo,SP,2021-09-27,20.9,28.3,14.8,0.1,0.1,1.0,17.4,8.5,70
sao_paulo,Sao Paulo,SP,2021-09-28,22.3,31.0,14.6,0.0,0.0,0.0,21.4,9.7,57
sao_paulo,Sao Paulo,SP,2021-09-29,20.9,28.6,16.7,0.2,0.2,2.0,25.1,13.2,63
sao_paulo,Sao Paulo,SP,2021-09-30,18.6,24.6,14.9,0.0,0.0,0.0,21.4,14.3,77
sao_paulo,Sao Paulo,SP,2021-10-01,19.9,23.3,15.3,5.2,5.2,10.0,19.9,10.6,80
sao_paulo,Sao Paulo,SP,2021-10-02,21.1,27.8,17.9,0.7,0.7,5.0,19.5,10.1,80
sao_paulo,Sao Paulo,SP,2021-10-03,21.9,27.5,17.9,8.2,8.2,10.0,16.0,9.7,79
sao_paulo,Sao Paulo,SP,2021-10-04,20.1,26.8,17.2,30.2,30.2,15.0,16.7,10.9,88
sao_paulo,Sao Paulo,SP,2021-10-05,16.7,18.2,15.4,2.1,2.1,9.0,16.3,14.3,90
sao_paulo,Sao Paulo,SP,2021-10-06,19.6,28.2,15.3,0.1,0.1,1.0,19.7,11.1,85
sao_paulo,Sao Paulo,SP,2021-10-07,17.5,21.4,15.1,1.9,1.9,10.0,20.3,13.0,88
sao_paulo,Sao Paulo,SP,2021-10-08,16.4,21.5,13.9,0.0,0.0,0.0,20.2,16.7,84
sao_paulo,Sao Paulo,SP,2021-10-09,17.0,22.7,14.6,5.4,5.4,10.0,23.4,17.1,87
sao_paulo,Sao Paulo,SP,2021-10-10,16.5,19.3,14.6,7.8,7.8,18.0,21.1,16.2,90
sao_paulo,Sao Paulo,SP,2021-10-11,17.1,20.0,15.2,6.0,6.0,18.0,20.3,17.1,90
sao_paulo,Sao Paulo,SP,2021-10-12,17.7,23.8,14.3,5.4,5.4,8.0,18.7,10.5,87
sao_paulo,Sao Paulo,SP,2021-10-13,19.0,25.5,15.0,0.7,0.7,5.0,18.8,10.1,85
sao_paulo,Sao Paulo,SP,2021-10-14,21.3,27.7,15.7,0.2,0.2,2.0,21.3,13.8,77
sao_paulo,Sao Paulo,SP,2021-10-15,22.3,28.9,18.2,12.3,12.3,8.0,21.4,11.8,81
sao_paulo,Sao Paulo,SP,2021-10-16,20.8,27.4,16.5,7.7,7.7,13.0,23.7,17.6,83
sao_paulo,Sao Paulo,SP,2021-10-17,17.2,19.7,15.9,1.0,1.0,8.0,20.8,14.9,91
sao_paulo,Sao Paulo,SP,2021-10-18,16.8,19.3,15.1,13.4,13.4,19.0,21.0,16.6,92
sao_paulo,Sao Paulo,SP,2021-10-19,14.6,15.9,11.4,6.6,6.6,17.0,23.3,18.5,93
sao_paulo,Sao Paulo,SP,2021-10-20,13.8,17.0,11.6,1.5,1.5,8.0,24.5,17.9,86
sao_paulo,Sao Paulo,SP,2021-10-21,15.1,20.4,11.2,0.1,0.1,1.0,19.2,12.4,84
sao_paulo,Sao Paulo,SP,2021-10-22,16.5,24.6,11.4,0.0,0.0,0.0,22.7,9.2,82
sao_paulo,Sao Paulo,SP,2021-10-23,20.9,29.6,12.9,0.0,0.0,0.0,21.8,14.3,68
sao_paulo,Sao Paulo,SP,2021-10-24,18.6,23.1,14.9,12.0,12.0,12.0,23.7,16.4,84
sao_paulo,Sao Paulo,SP,2021-10-25,16.9,21.1,12.9,0.1,0.1,1.0,22.7,13.8,85
sao_paulo,Sao Paulo,SP,2021-10-26,18.2,24.1,14.1,1.4,1.4,4.0,21.1,11.1,89
sao_paulo,Sao Paulo,SP,2021-10-27,19.7,24.0,16.7,5.1,5.1,17.0,21.2,12.8,91
sao_paulo,Sao Paulo,SP,2021-10-28,19.9,23.8,17.2,8.7,8.7,17.0,17.3,12.6,90
sao_paulo,Sao Paulo,SP,2021-10-29,19.0,23.6,15.9,0.9,0.9,3.0,20.7,14.5,88
sao_paulo,Sao Paulo,SP,2021-10-30,19.1,23.9,16.4,1.9,1.9,5.0,18.4,14.0,87
sao_paulo,Sao Paulo,SP,2021-10-31,18.0,21.0,16.0,9.5,9.5,12.0,16.9,12.1,90
sao_paulo,Sao Paulo,SP,2021-11-01,18.6,22.5,16.2,8.3,8.3,19.0,18.0,12.8,89
sao_paulo,Sao Paulo,SP,2021-11-02,18.6,22.4,16.1,1.3,1.3,9.0,23.9,14.5,88
sao_paulo,Sao Paulo,SP,2021-11-03,19.1,24.0,16.2,1.3,1.3,9.0,18.0,12.9,84
sao_paulo,Sao Paulo,SP,2021-11-04,19.4,26.0,15.3,0.2,0.2,2.0,17.8,9.6,84
sao_paulo,Sao Paulo,SP,2021-11-05,18.9,25.0,14.8,0.0,0.0,0.0,17.1,9.7,85
sao_paulo,Sao Paulo,SP,2021-11-06,18.8,25.5,14.1,0.0,0.0,0.0,15.5,8.7,80
sao_paulo,Sao Paulo,SP,2021-11-07,18.2,24.3,14.4,0.0,0.0,0.0,21.1,11.7,82
sao_paulo,Sao Paulo,SP,2021-11-08,18.2,26.2,13.5,0.2,0.2,1.0,22.7,12.1,84
sao_paulo,Sao Paulo,SP,2021-11-09,18.0,21.9,15.1,1.1,1.1,9.0,21.0,14.1,88
sao_paulo,Sao Paulo,SP,2021-11-10,18.5,23.5,15.6,0.1,0.1,1.0,26.3,16.8,84
sao_paulo,Sao Paulo,SP,2021-11-11,16.6,19.0,14.6,3.1,3.1,12.0,21.2,16.8,89
sao_paulo,Sao Paulo,SP,2021-11-12,15.9,19.8,13.0,0.4,0.4,4.0,26.2,18.7,84
sao_paulo,Sao Paulo,SP,2021-11-13,14.7,20.4,9.9,0.0,0.0,0.0,23.4,15.2,79
sao_paulo,Sao Paulo,SP,2021-11-14,16.6,25.5,11.0,0.0,0.0,0.0,23.1,12.9,80
sao_paulo,Sao Paulo,SP,2021-11-15,18.5,25.9,12.9,0.2,0.2,1.0,17.8,12.1,78
sao_paulo,Sao Paulo,SP,2021-11-16,20.5,28.2,14.4,0.0,0.0,0.0,18.5,10.0,72
sao_paulo,Sao Paulo,SP,2021-11-17,22.5,30.1,15.2,0.0,0.0,0.0,20.5,9.1,63
sao_paulo,Sao Paulo,SP,2021-11-18,21.6,25.1,18.9,12.3,12.3,14.0,20.0,12.2,76
sao_paulo,Sao Paulo,SP,2021-11-19,19.7,22.3,16.9,15.9,15.9,22.0,23.3,14.9,91
sao_paulo,Sao Paulo,SP,2021-11-20,17.5,21.0,13.6,1.0,1.0,10.0,23.0,17.5,88
sao_paulo,Sao Paulo,SP,2021-11-21,16.3,21.5,11.6,0.1,0.1,1.0,17.3,12.0,84
sao_paulo,Sao Paulo,SP,2021-11-22,18.4,26.5,13.0,0.0,0.0,0.0,15.7,8.9,81
sao_paulo,Sao Paulo,SP,2021-11-23,21.8,30.8,12.4,0.0,0.0,0.0,20.8,10.4,61
sao_paulo,Sao Paulo,SP,2021-11-24,19.7,25.3,16.5,0.0,0.0,0.0,19.7,13.7,83
sao_paulo,Sao Paulo,SP,2021-11-25,22.2,30.4,16.1,0.9,0.9,2.0,16.5,10.3,78
sao_paulo,Sao Paulo,SP,2021-11-26,21.6,24.8,19.9,1.8,1.8,8.0,34.8,22.3,76
sao_paulo,Sao Paulo,SP,2021-11-27,22.2,28.6,18.5,1.5,1.5,7.0,23.0,16.5,75
sao_paulo,Sao Paulo,SP,2021-11-28,21.9,30.2,16.2,1.0,1.0,4.0,24.6,8.4,79
sao_paulo,Sao Paulo,SP,2021-11-29,25.0,31.6,18.2,0.0,0.0,0.0,23.7,13.8,64
sao_paulo,Sao Paulo,SP,2021-11-30,22.1,27.6,18.8,9.4,9.4,19.0,24.6,15.4,81
sao_paulo,Sao Paulo,SP,2021-12-01,20.7,26.8,17.8,5.1,5.1,16.0,19.8,10.9,86
sao_paulo,Sao Paulo,SP,2021-12-02,19.5,25.5,15.9,1.6,1.6,5.0,18.9,12.9,86
sao_paulo,Sao Paulo,SP,2021-12-03,18.8,22.2,16.7,1.9,1.9,10.0,23.6,16.2,87
sao_paulo,Sao Paulo,SP,2021-12-04,19.3,25.0,15.2,0.3,0.3,3.0,23.7,13.8,83
sao_paulo,Sao Paulo,SP,2021-12-05,20.2,27.0,15.4,0.9,0.9,5.0,21.0,11.0,83
sao_paulo,Sao Paulo,SP,2021-12-06,19.3,24.8,16.9,2.9,2.9,5.0,22.9,11.5,85
sao_paulo,Sao Paulo,SP,2021-12-07,17.0,19.4,14.6,10.2,10.2,14.0,31.4,19.0,88
sao_paulo,Sao Paulo,SP,2021-12-08,16.6,19.8,14.6,2.4,2.4,14.0,25.2,17.6,86
sao_paulo,Sao Paulo,SP,2021-12-09,17.0,22.5,13.5,0.5,0.5,5.0,21.1,9.7,81
sao_paulo,Sao Paulo,SP,2021-12-10,17.5,25.1,13.3,0.0,0.0,0.0,24.1,8.7,82
sao_paulo,Sao Paulo,SP,2021-12-11,21.3,30.4,14.1,0.0,0.0,0.0,20.0,11.1,66
sao_paulo,Sao Paulo,SP,2021-12-12,23.6,31.9,18.2,1.9,1.9,3.0,14.8,10.8,67
sao_paulo,Sao Paulo,SP,2021-12-13,23.0,28.3,19.0,7.4,7.4,7.0,14.8,9.1,80
sao_paulo,Sao Paulo,SP,2021-12-14,22.5,26.2,19.9,11.4,11.4,19.0,14.2,9.8,86
sao_paulo,Sao Paulo,SP,2021-12-15,22.8,26.8,20.5,6.8,6.8,17.0,15.1,7.7,85
sao_paulo,Sao Paulo,SP,2021-12-16,22.7,27.5,20.2,15.6,15.6,16.0,16.6,8.3,86
sao_paulo,Sao Paulo,SP,2021-12-17,21.3,24.5,19.2,13.6,13.6,17.0,21.4,9.9,90
sao_paulo,Sao Paulo,SP,2021-12-18,20.3,24.0,17.1,1.5,1.5,12.0,26.4,15.8,87
sao_paulo,Sao Paulo,SP,2021-12-19,18.5,22.2,15.5,0.6,0.6,6.0,22.4,15.6,84
sao_paulo,Sao Paulo,SP,2021-12-20,19.1,25.2,14.4,0.1,0.1,1.0,18.7,12.3,83
sao_paulo,Sao Paulo,SP,2021-12-21,21.4,28.5,15.3,0.0,0.0,0.0,17.9,8.2,81
sao_paulo,Sao Paulo,SP,2021-12-22,22.3,30.3,16.6,13.6,13.6,7.0,22.1,10.5,80
sao_paulo,Sao Paulo,SP,2021-12-23,19.1,22.2,15.8,7.9,7.9,12.0,27.8,15.7,83
sao_paulo,Sao Paulo,SP,2021-12-24,18.2,21.9,14.8,2.4,2.4,14.0,22.4,15.8,84
sao_paulo,Sao Paulo,SP,2021-12-25,18.3,24.1,14.2,0.1,0.1,1.0,18.5,12.0,81
sao_paulo,Sao Paulo,SP,2021-12-26,21.2,28.6,13.9,0.0,0.0,0.0,16.8,10.8,73
sao_paulo,Sao Paulo,SP,2021-12-27,21.2,26.3,16.5,14.8,14.8,9.0,22.2,8.6,79
sao_paulo,Sao Paulo,SP,2021-12-28,21.3,26.9,16.4,12.5,12.5,8.0,12.6,6.4,81
sao_paulo,Sao Paulo,SP,2021-12-29,20.6,26.1,17.9,5.3,5.3,4.0,20.1,11.4,87
sao_paulo,Sao Paulo,SP,2021-12-30,19.4,24.2,17.0,26.4,26.4,12.0,14.9,10.8,91
sao_paulo,Sao Paulo,SP,2021-12-31,20.0,24.4,17.4,29.1,29.1,17.0,19.5,9.9,89
sao_paulo,Sao Paulo,SP,2022-01-01,20.8,24.6,17.4,15.8,15.8,15.0,24.8,10.8,86
sao_paulo,Sao Paulo,SP,2022-01-02,22.0,26.6,19.5,11.3,11.3,11.0,13.4,6.4,84
sao_paulo,Sao Paulo,SP,2022-01-03,21.9,27.0,18.9,19.4,19.4,11.0,18.3,8.3,88
sao_paulo,Sao Paulo,SP,2022-01-04,22.2,25.5,19.2,18.7,18.7,14.0,23.9,12.9,86
sao_paulo,Sao Paulo,SP,2022-01-05,21.9,25.6,20.1,7.3,7.3,14.0,24.1,17.7,87
sao_paulo,Sao Paulo,SP,2022-01-06,20.9,26.4,19.0,12.7,12.7,21.0,23.1,15.1,90
sao_paulo,Sao Paulo,SP,2022-01-07,19.3,22.5,17.9,9.4,9.4,22.0,24.0,17.6,92
sao_paulo,Sao Paulo,SP,2022-01-08,18.7,21.8,16.5,3.2,3.2,11.0,26.3,18.4,91
sao_paulo,Sao Paulo,SP,2022-01-09,18.0,20.1,15.7,1.8,1.8,10.0,23.4,16.4,91
sao_paulo,Sao Paulo,SP,2022-01-10,19.2,23.7,15.6,1.5,1.5,8.0,13.7,7.1,88
sao_paulo,Sao Paulo,SP,2022-01-11,20.4,24.7,17.9,7.5,7.5,13.0,12.8,6.7,88
sao_paulo,Sao Paulo,SP,2022-01-12,21.0,25.5,17.0,6.0,6.0,11.0,14.8,7.8,88
sao_paulo,Sao Paulo,SP,2022-01-13,21.8,27.9,18.3,12.4,12.4,12.0,21.7,8.8,89
sao_paulo,Sao Paulo,SP,2022-01-14,22.5,26.9,19.8,5.7,5.7,5.0,12.9,7.7,90
sao_paulo,Sao Paulo,SP,2022-01-15,22.7,27.6,20.2,8.0,8.0,8.0,11.4,7.5,89
sao_paulo,Sao Paulo,SP,2022-01-16,22.5,26.9,18.6,7.2,7.2,6.0,16.8,8.0,82
sao_paulo,Sao Paulo,SP,2022-01-17,22.9,28.5,18.4,0.2,0.2,1.0,15.8,10.2,78
sao_paulo,Sao Paulo,SP,2022-01-18,23.3,30.0,18.6,23.8,23.8,8.0,13.4,7.6,79
sao_paulo,Sao Paulo,SP,2022-01-19,23.5,30.8,18.1,0.7,0.7,4.0,12.7,6.1,80
sao_paulo,Sao Paulo,SP,2022-01-20,23.3,29.6,19.9,0.7,0.7,2.0,13.7,5.9,81
sao_paulo,Sao Paulo,SP,2022-01-21,22.5,28.0,18.9,0.2,0.2,2.0,17.4,8.3,82
sao_paulo,Sao Paulo,SP,2022-01-22,22.2,29.2,18.0,0.1,0.1,1.0,19.2,8.6,84
sao_paulo,Sao Paulo,SP,2022-01-23,23.8,30.8,19.5,0.0,0.0,0.0,20.9,8.3,82
sao_paulo,Sao Paulo,SP,2022-01-24,23.7,31.7,19.5,2.2,2.2,5.0,21.8,8.6,83
sao_paulo,Sao Paulo,SP,2022-01-25,23.6,30.0,19.1,4.2,4.2,7.0,15.6,7.8,82
sao_paulo,Sao Paulo,SP,2022-01-26,23.8,29.8,19.8,1.2,1.2,5.0,21.7,10.7,79
sao_paulo,Sao Paulo,SP,2022-01-27,23.7,29.8,19.8,0.8,0.8,5.0,24.5,16.0,75
sao_paulo,Sao Paulo,SP,2022-01-28,20.9,24.8,18.9,10.4,10.4,16.0,19.7,12.4,88
sao_paulo,Sao Paulo,SP,2022-01-29,19.6,21.7,18.2,40.2,40.2,24.0,18.6,9.1,92
sao_paulo,Sao Paulo,SP,2022-01-30,20.4,23.1,19.0,38.0,38.0,24.0,20.0,11.5,90
sao_paulo,Sao Paulo,SP,2022-01-31,20.6,23.1,19.4,20.0,20.0,22.0,28.5,16.3,90
sao_paulo,Sao Paulo,SP,2022-02-01,21.3,24.9,19.2,10.4,10.4,14.0,19.3,11.6,87
sao_paulo,Sao Paulo,SP,2022-02-02,21.0,26.1,18.7,8.9,8.9,9.0,12.4,7.0,89
sao_paulo,Sao Paulo,SP,2022-02-03,21.6,26.5,18.8,12.2,12.2,7.0,14.0,7.9,87
sao_paulo,Sao Paulo,SP,2022-02-04,22.6,27.5,19.0,5.0,5.0,6.0,21.2,12.5,82
sao_paulo,Sao Paulo,SP,2022-02-05,23.3,26.9,20.2,2.1,2.1,7.0,23.7,12.2,82
sao_paulo,Sao Paulo,SP,2022-02-06,22.7,26.8,20.4,7.8,7.8,12.0,23.7,13.9,85
sao_paulo,Sao Paulo,SP,2022-02-07,20.5,22.9,18.4,5.7,5.7,17.0,23.2,14.6,91
sao_paulo,Sao Paulo,SP,2022-02-08,20.0,23.6,17.1,1.7,1.7,9.0,21.7,13.0,86
sao_paulo,Sao Paulo,SP,2022-02-09,19.1,23.7,15.1,0.0,0.0,0.0,21.1,13.3,83
sao_paulo,Sao Paulo,SP,2022-02-10,19.2,25.2,14.3,0.1,0.1,1.0,22.5,11.9,84
sao_paulo,Sao Paulo,SP,2022-02-11,19.5,24.5,15.1,2.3,2.3,5.0,23.7,12.7,85
sao_paulo,Sao Paulo,SP,2022-02-12,20.0,25.0,16.7,2.4,2.4,9.0,20.6,11.6,87
sao_paulo,Sao Paulo,SP,2022-02-13,21.3,27.7,17.0,0.5,0.5,5.0,19.0,8.8,84
sao_paulo,Sao Paulo,SP,2022-02-14,22.9,29.6,18.9,0.5,0.5,1.0,16.3,7.8,80
sao_paulo,Sao Paulo,SP,2022-02-15,21.2,26.5,18.8,5.2,5.2,8.0,18.2,10.5,87
sao_paulo,Sao Paulo,SP,2022-02-16,20.4,26.2,15.6,0.3,0.3,1.0,19.2,9.9,84
sao_paulo,Sao Paulo,SP,2022-02-17,19.9,25.9,17.0,17.5,17.5,11.0,15.6,8.5,87
sao_paulo,Sao Paulo,SP,2022-02-18,19.4,24.5,16.9,6.6,6.6,12.0,18.1,8.4,88
sao_paulo,Sao Paulo,SP,2022-02-19,20.1,26.5,16.2,2.8,2.8,3.0,20.5,8.1,86
sao_paulo,Sao Paulo,SP,2022-02-20,21.7,26.9,17.8,2.4,2.4,3.0,14.3,9.0,79
sao_paulo,Sao Paulo,SP,2022-02-21,22.7,28.3,17.0,0.1,0.1,1.0,13.2,7.1,76
sao_paulo,Sao Paulo,SP,2022-02-22,23.0,29.6,16.9,0.0,0.0,0.0,17.6,6.6,76
sao_paulo,Sao Paulo,SP,2022-02-23,22.7,29.8,18.5,10.0,10.0,6.0,21.0,8.1,81
sao_paulo,Sao Paulo,SP,2022-02-24,22.0,28.2,18.2,0.8,0.8,5.0,19.3,8.1,85
sao_paulo,Sao Paulo,SP,2022-02-25,22.5,28.9,18.1,0.0,0.0,0.0,16.0,11.2,83
sao_paulo,Sao Paulo,SP,2022-02-26,21.7,28.4,17.4,0.0,0.0,0.0,19.6,9.3,81
sao_paulo,Sao Paulo,SP,2022-02-27,22.6,28.5,18.6,0.3,0.3,3.0,15.5,8.8,84
sao_paulo,Sao Paulo,SP,2022-02-28,24.6,30.1,18.7,0.0,0.0,0.0,16.3,9.2,73
sao_paulo,Sao Paulo,SP,2022-03-01,24.2,31.0,19.8,15.3,15.3,5.0,19.7,10.6,73
sao_paulo,Sao Paulo,SP,2022-03-02,23.3,29.5,17.9,0.5,0.5,2.0,17.1,9.4,78
sao_paulo,Sao Paulo,SP,2022-03-03,23.5,29.5,18.2,0.9,0.9,3.0,14.8,7.0,78
sao_paulo,Sao Paulo,SP,2022-03-04,22.6,28.6,19.2,5.7,5.7,3.0,12.5,6.4,84
sao_paulo,Sao Paulo,SP,2022-03-05,23.4,29.6,19.0,0.9,0.9,1.0,9.8,6.6,80
sao_paulo,Sao Paulo,SP,2022-03-06,23.3,30.0,19.0,6.2,6.2,3.0,15.0,7.9,80
sao_paulo,Sao Paulo,SP,2022-03-07,23.9,29.5,18.9,1.2,1.2,2.0,9.4,5.7,78
sao_paulo,Sao Paulo,SP,2022-03-08,23.7,29.6,19.9,0.0,0.0,0.0,22.7,8.3,79
sao_paulo,Sao Paulo,SP,2022-03-09,23.1,29.1,19.3,1.1,1.1,4.0,16.1,7.3,83
sao_paulo,Sao Paulo,SP,2022-03-10,24.1,30.5,18.7,1.0,1.0,4.0,15.1,8.0,73
sao_paulo,Sao Paulo,SP,2022-03-11,23.2,28.2,20.1,2.2,2.2,7.0,20.0,12.2,77
sao_paulo,Sao Paulo,SP,2022-03-12,21.5,25.2,19.8,22.5,22.5,20.0,16.3,10.0,87
sao_paulo,Sao Paulo,SP,2022-03-13,21.9,27.0,19.2,1.7,1.7,10.0,15.2,9.5,86
sao_paulo,Sao Paulo,SP,2022-03-14,21.5,25.9,19.4,13.0,13.0,14.0,13.9,7.3,89
sao_paulo,Sao Paulo,SP,2022-03-15,21.2,24.3,19.7,18.6,18.6,15.0,14.7,6.2,91
sao_paulo,Sao Paulo,SP,2022-03-16,22.2,27.9,18.9,14.5,14.5,12.0,20.2,8.0,87
sao_paulo,Sao Paulo,SP,2022-03-17,23.5,28.6,19.9,1.7,1.7,4.0,24.5,9.9,82
sao_paulo,Sao Paulo,SP,2022-03-18,23.9,29.0,19.5,3.0,3.0,8.0,13.2,7.2,79
sao_paulo,Sao Paulo,SP,2022-03-19,23.0,29.3,20.1,23.3,23.3,12.0,19.3,9.9,83
sao_paulo,Sao Paulo,SP,2022-03-20,19.0,21.4,16.9,8.3,8.3,20.0,24.9,19.8,90
sao_paulo,Sao Paulo,SP,2022-03-21,17.8,20.8,15.7,0.2,0.2,2.0,23.7,19.6,85
sao_paulo,Sao Paulo,SP,2022-03-22,18.1,24.4,14.1,0.0,0.0,0.0,23.7,16.5,82
sao_paulo,Sao Paulo,SP,2022-03-23,20.7,27.1,15.1,0.4,0.4,3.0,17.6,11.1,79
sao_paulo,Sao Paulo,SP,2022-03-24,23.0,28.6,17.6,0.0,0.0,0.0,23.7,13.2,73
sao_paulo,Sao Paulo,SP,2022-03-25,24.1,29.0,20.2,0.1,0.1,1.0,24.3,14.2,70
sao_paulo,Sao Paulo,SP,2022-03-26,23.1,27.9,20.6,0.7,0.7,3.0,24.7,10.5,81
sao_paulo,Sao Paulo,SP,2022-03-27,21.7,24.7,19.5,18.2,18.2,16.0,11.5,6.9,86
sao_paulo,Sao Paulo,SP,2022-03-28,20.5,24.5,18.5,3.9,3.9,11.0,17.3,10.1,90
sao_paulo,Sao Paulo,SP,2022-03-29,21.1,25.6,18.0,0.7,0.7,3.0,14.6,8.7,89
sao_paulo,Sao Paulo,SP,2022-03-30,22.6,28.4,17.9,0.2,0.2,1.0,19.5,10.1,81
sao_paulo,Sao Paulo,SP,2022-03-31,19.4,24.1,16.5,3.6,3.6,13.0,31.3,13.8,89
sao_paulo,Sao Paulo,SP,2022-04-01,17.4,19.7,16.0,5.0,5.0,22.0,19.4,16.1,91
sao_paulo,Sao Paulo,SP,2022-04-02,18.5,21.3,16.8,1.9,1.9,12.0,22.4,16.3,91
sao_paulo,Sao Paulo,SP,2022-04-03,20.7,26.4,17.0,1.3,1.3,4.0,23.3,14.2,87
sao_paulo,Sao Paulo,SP,2022-04-04,23.0,28.8,18.6,1.0,1.0,4.0,17.2,11.1,81
sao_paulo,Sao Paulo,SP,2022-04-05,21.0,25.0,18.9,4.8,4.8,12.0,18.3,8.9,92
sao_paulo,Sao Paulo,SP,2022-04-06,19.8,25.2,17.5,0.1,0.1,1.0,19.8,8.9,87
sao_paulo,Sao Paulo,SP,2022-04-07,19.2,25.2,16.6,0.1,0.1,1.0,20.6,10.9,87
sao_paulo,Sao Paulo,SP,2022-04-08,21.4,28.8,16.8,12.4,12.4,8.0,16.8,9.8,83
sao_paulo,Sao Paulo,SP,2022-04-09,21.7,27.6,17.8,1.2,1.2,5.0,18.3,9.2,86
sao_paulo,Sao Paulo,SP,2022-04-10,20.2,25.5,17.9,0.0,0.0,0.0,18.0,7.1,87
sao_paulo,Sao Paulo,SP,2022-04-11,20.8,27.8,16.7,0.0,0.0,0.0,16.8,9.1,84
sao_paulo,Sao Paulo,SP,2022-04-12,21.8,27.6,18.0,9.5,9.5,7.0,19.9,9.7,83
sao_paulo,Sao Paulo,SP,2022-04-13,21.5,26.0,18.6,1.8,1.8,5.0,19.1,11.2,84
sao_paulo,Sao Paulo,SP,2022-04-14,19.3,24.5,16.4,6.0,6.0,15.0,26.7,12.4,88
sao_paulo,Sao Paulo,SP,2022-04-15,15.6,19.2,12.2,0.9,0.9,5.0,21.2,15.2,79
sao_paulo,Sao Paulo,SP,2022-04-16,15.3,20.0,11.6,0.1,0.1,1.0,17.3,8.6,82
sao_paulo,Sao Paulo,SP,2022-04-17,15.6,19.8,13.2,0.8,0.8,8.0,17.9,10.4,88
sao_paulo,Sao Paulo,SP,2022-04-18,15.9,22.0,11.6,0.1,0.1,1.0,18.7,11.4,86
sao_paulo,Sao Paulo,SP,2022-04-19,17.1,23.6,12.4,0.0,0.0,0.0,18.5,9.2,86
sao_paulo,Sao Paulo,SP,2022-04-20,17.8,23.6,15.2,0.0,0.0,0.0,16.3,8.8,87
sao_paulo,Sao Paulo,SP,2022-04-21,18.5,25.5,14.8,0.0,0.0,0.0,13.0,7.7,82
sao_paulo,Sao Paulo,SP,2022-04-22,19.1,26.6,13.2,0.2,0.2,2.0,21.6,7.8,75
sao_paulo,Sao Paulo,SP,2022-04-23,21.6,27.4,17.9,0.0,0.0,0.0,42.7,22.0,60
sao_paulo,Sao Paulo,SP,2022-04-24,19.2,25.4,14.2,0.0,0.0,0.0,18.6,9.8,83
sao_paulo,Sao Paulo,SP,2022-04-25,20.4,26.8,16.1,0.0,0.0,0.0,19.3,11.5,83
sao_paulo,Sao Paulo,SP,2022-04-26,21.4,28.4,16.4,0.0,0.0,0.0,11.3,6.0,78
sao_paulo,Sao Paulo,SP,2022-04-27,22.3,29.6,14.9,0.0,0.0,0.0,16.2,9.4,70
sao_paulo,Sao Paulo,SP,2022-04-28,23.1,29.5,16.5,0.0,0.0,0.0,16.8,8.5,59
sao_paulo,Sao Paulo,SP,2022-04-29,19.1,22.0,17.0,13.6,13.6,12.0,20.7,12.8,85
sao_paulo,Sao Paulo,SP,2022-04-30,18.5,20.2,17.3,1.6,1.6,8.0,17.5,12.9,90
sao_paulo,Sao Paulo,SP,2022-05-01,21.4,26.8,17.2,0.6,0.6,3.0,21.1,10.8,73
sao_paulo,Sao Paulo,SP,2022-05-02,20.9,27.9,16.0,0.3,0.3,2.0,20.0,7.7,77
sao_paulo,Sao Paulo,SP,2022-05-03,22.0,28.5,16.1,0.0,0.0,0.0,22.7,12.4,69
sao_paulo,Sao Paulo,SP,2022-05-04,17.6,20.0,13.0,6.7,6.7,9.0,30.1,19.5,78
sao_paulo,Sao Paulo,SP,2022-05-05,14.5,18.1,10.7,0.9,0.9,6.0,23.0,16.1,84
sao_paulo,Sao Paulo,SP,2022-05-06,15.5,19.8,12.9,0.2,0.2,2.0,17.5,11.1,86
sao_paulo,Sao Paulo,SP,2022-05-07,14.7,17.7,11.5,0.2,0.2,2.0,18.4,12.2,88
sao_paulo,Sao Paulo,SP,2022-05-08,16.5,21.2,13.8,0.3,0.3,3.0,20.1,13.1,87
sao_paulo,Sao Paulo,SP,2022-05-09,16.9,22.5,13.8,0.0,0.0,0.0,17.0,10.4,87
sao_paulo,Sao Paulo,SP,2022-05-10,16.6,23.1,12.6,0.0,0.0,0.0,14.2,8.8,85
sao_paulo,Sao Paulo,SP,2022-05-11,18.3,24.1,13.4,1.0,1.0,4.0,24.0,11.9,80
sao_paulo,Sao Paulo,SP,2022-05-12,17.4,22.4,15.1,2.8,2.8,11.0,18.5,9.7,86
sao_paulo,Sao Paulo,SP,2022-05-13,17.2,22.6,14.4,0.1,0.1,1.0,19.4,9.5,85
sao_paulo,Sao Paulo,SP,2022-05-14,18.3,24.9,14.9,0.0,0.0,0.0,17.7,10.2,84
sao_paulo,Sao Paulo,SP,2022-05-15,18.6,23.0,15.9,4.2,4.2,5.0,26.7,14.3,84
sao_paulo,Sao Paulo,SP,2022-05-16,17.5,21.8,14.6,0.3,0.3,2.0,23.7,14.0,81
sao_paulo,Sao Paulo,SP,2022-05-17,13.7,16.8,9.4,0.0,0.0,0.0,26.2,17.3,66
sao_paulo,Sao Paulo,SP,2022-05-18,9.5,13.1,6.1,0.0,0.0,0.0,41.4,32.3,66
sao_paulo,Sao Paulo,SP,2022-05-19,10.3,15.1,6.9,0.6,0.6,1.0,25.9,16.6,78
sao_paulo,Sao Paulo,SP,2022-05-20,10.9,16.9,5.4,0.0,0.0,0.0,11.5,5.2,82
sao_paulo,Sao Paulo,SP,2022-05-21,12.9,19.9,9.1,0.0,0.0,0.0,13.5,5.5,81
sao_paulo,Sao Paulo,SP,2022-05-22,14.1,21.1,9.8,0.0,0.0,0.0,12.8,8.0,81
sao_paulo,Sao Paulo,SP,2022-05-23,15.3,23.0,9.4,0.0,0.0,0.0,12.5,8.2,76
sao_paulo,Sao Paulo,SP,2022-05-24,15.9,23.1,10.1,0.0,0.0,0.0,11.4,9.5,73
sao_paulo,Sao Paulo,SP,2022-05-25,16.4,23.5,9.9,0.0,0.0,0.0,12.9,9.3,65
sao_paulo,Sao Paulo,SP,2022-05-26,17.3,23.6,10.8,0.0,0.0,0.0,14.7,8.7,67
sao_paulo,Sao Paulo,SP,2022-05-27,17.7,24.2,12.6,0.0,0.0,0.0,16.7,11.0,66
sao_paulo,Sao Paulo,SP,2022-05-28,17.9,24.8,12.2,0.0,0.0,0.0,14.8,9.7,59
sao_paulo,Sao Paulo,SP,2022-05-29,19.4,25.8,14.0,0.0,0.0,0.0,25.0,16.9,53
sao_paulo,Sao Paulo,SP,2022-05-30,20.4,25.5,16.8,2.6,2.6,3.0,23.6,14.2,61
sao_paulo,Sao Paulo,SP,2022-05-31,16.1,17.7,14.9,3.6,3.6,16.0,18.5,14.1,93
sao_paulo,Sao Paulo,SP,2022-06-01,17.8,22.9,15.3,5.3,5.3,15.0,11.3,7.0,91
sao_paulo,Sao Paulo,SP,2022-06-02,17.7,23.8,15.0,2.4,2.4,7.0,20.0,7.7,91
sao_paulo,Sao Paulo,SP,2022-06-03,15.1,17.2,13.9,2.0,2.0,14.0,18.7,13.8,92
sao_paulo,Sao Paulo,SP,2022-06-04,15.2,20.0,13.3,1.0,1.0,9.0,20.4,14.5,89
sao_paulo,Sao Paulo,SP,2022-06-05,16.0,21.0,12.7,0.0,0.0,0.0,19.4,10.5,86
sao_paulo,Sao Paulo,SP,2022-06-06,17.0,24.1,11.2,0.0,0.0,0.0,16.7,8.7,79
sao_paulo,Sao Paulo,SP,2022-06-07,17.6,23.7,13.4,2.7,2.7,3.0,17.6,10.5,79
sao_paulo,Sao Paulo,SP,2022-06-08,16.1,19.2,13.2,6.9,6.9,13.0,12.8,7.4,93
sao_paulo,Sao Paulo,SP,2022-06-09,16.0,20.6,12.3,0.2,0.2,2.0,10.3,4.6,89
sao_paulo,Sao Paulo,SP,2022-06-10,17.2,20.6,14.9,10.2,10.2,11.0,23.0,12.6,90
sao_paulo,Sao Paulo,SP,2022-06-11,14.6,18.6,12.1,1.2,1.2,7.0,14.5,6.7,89
sao_paulo,Sao Paulo,SP,2022-06-12,11.9,17.4,8.2,0.0,0.0,0.0,13.0,7.8,78
sao_paulo,Sao Paulo,SP,2022-06-13,11.3,16.4,8.5,0.0,0.0,0.0,18.0,8.7,71
sao_paulo,Sao Paulo,SP,2022-06-14,12.5,17.5,9.4,0.0,0.0,0.0,17.7,10.5,90
sao_paulo,Sao Paulo,SP,2022-06-15,13.8,19.4,10.4,0.3,0.3,1.0,13.2,8.9,85
sao_paulo,Sao Paulo,SP,2022-06-16,15.3,23.1,9.4,0.0,0.0,0.0,9.2,4.5,77
sao_paulo,Sao Paulo,SP,2022-06-17,16.9,23.8,8.7,0.0,0.0,0.0,23.5,13.2,63
sao_paulo,Sao Paulo,SP,2022-06-18,15.6,19.0,13.1,9.2,9.2,16.0,22.7,16.2,84
sao_paulo,Sao Paulo,SP,2022-06-19,14.4,19.8,12.4,0.6,0.6,5.0,17.7,12.6,88
sao_paulo,Sao Paulo,SP,2022-06-20,15.0,20.4,12.1,8.3,8.3,11.0,17.3,8.5,90
sao_paulo,Sao Paulo,SP,2022-06-21,17.2,24.6,12.1,0.0,0.0,0.0,14.7,10.4,82
sao_paulo,Sao Paulo,SP,2022-06-22,18.7,24.5,14.9,0.0,0.0,0.0,19.9,14.7,65
sao_paulo,Sao Paulo,SP,2022-06-23,18.7,25.4,14.1,0.0,0.0,0.0,18.4,11.3,61
sao_paulo,Sao Paulo,SP,2022-06-24,17.4,24.5,11.3,0.0,0.0,0.0,8.5,5.4,71
sao_paulo,Sao Paulo,SP,2022-06-25,15.4,21.1,12.1,0.5,0.5,4.0,22.0,10.7,91
sao_paulo,Sao Paulo,SP,2022-06-26,14.4,17.2,12.8,0.5,0.5,4.0,17.1,13.5,90
sao_paulo,Sao Paulo,SP,2022-06-27,14.3,19.5,11.9,0.0,0.0,0.0,18.6,12.4,86
sao_paulo,Sao Paulo,SP,2022-06-28,15.3,23.0,8.2,0.0,0.0,0.0,16.5,9.2,79
sao_paulo,Sao Paulo,SP,2022-06-29,17.4,23.1,13.3,0.0,0.0,0.0,37.0,17.7,71
sao_paulo,Sao Paulo,SP,2022-06-30,15.5,21.5,11.2,0.0,0.0,0.0,14.0,6.9,76
sao_paulo,Sao Paulo,SP,2022-07-01,14.2,22.5,8.2,0.0,0.0,0.0,13.1,6.7,78
sao_paulo,Sao Paulo,SP,2022-07-02,17.7,25.8,11.9,0.0,0.0,0.0,21.3,11.8,69
sao_paulo,Sao Paulo,SP,2022-07-03,17.6,25.4,10.2,0.0,0.0,0.0,12.1,6.8,70
sao_paulo,Sao Paulo,SP,2022-07-04,17.6,24.9,11.2,0.0,0.0,0.0,11.4,7.4,66
sao_paulo,Sao Paulo,SP,2022-07-05,16.8,23.8,11.6,0.0,0.0,0.0,17.4,11.9,61
sao_paulo,Sao Paulo,SP,2022-07-06,16.4,24.0,10.6,0.0,0.0,0.0,13.4,9.1,63
sao_paulo,Sao Paulo,SP,2022-07-07,17.9,24.1,12.8,0.0,0.0,0.0,20.3,12.4,57
sao_paulo,Sao Paulo,SP,2022-07-08,16.9,23.7,10.1,0.0,0.0,0.0,11.3,6.0,67
sao_paulo,Sao Paulo,SP,2022-07-09,15.9,22.3,11.2,0.0,0.0,0.0,15.8,8.1,80
sao_paulo,Sao Paulo,SP,2022-07-10,16.8,24.0,11.4,0.0,0.0,0.0,18.8,10.2,71
sao_paulo,Sao Paulo,SP,2022-07-11,18.2,23.9,12.9,0.0,0.0,0.0,23.7,16.0,58
sao_paulo,Sao Paulo,SP,2022-07-12,19.3,25.2,15.6,0.2,0.2,2.0,28.0,21.9,58
sao_paulo,Sao Paulo,SP,2022-07-13,15.3,17.4,13.9,1.0,1.0,8.0,18.7,15.3,92
sao_paulo,Sao Paulo,SP,2022-07-14,18.2,24.1,14.6,0.0,0.0,0.0,23.1,14.3,76
sao_paulo,Sao Paulo,SP,2022-07-15,19.3,26.1,14.2,0.0,0.0,0.0,24.9,14.5,59
sao_paulo,Sao Paulo,SP,2022-07-16,20.2,26.4,14.9,0.0,0.0,0.0,25.5,17.0,57
sao_paulo,Sao Paulo,SP,2022-07-17,19.6,27.5,15.4,0.0,0.0,0.0,27.2,14.6,67
sao_paulo,Sao Paulo,SP,2022-07-18,17.3,23.6,14.7,0.0,0.0,0.0,17.7,14.0,89
sao_paulo,Sao Paulo,SP,2022-07-19,19.2,25.4,15.9,0.0,0.0,0.0,16.2,9.6,83
sao_paulo,Sao Paulo,SP,2022-07-20,17.4,22.2,15.2,0.3,0.3,3.0,16.9,12.8,85
sao_paulo,Sao Paulo,SP,2022-07-21,18.1,24.5,14.7,0.0,0.0,0.0,14.4,8.2,79
sao_paulo,Sao Paulo,SP,2022-07-22,17.5,25.4,11.9,0.0,0.0,0.0,9.4,4.8,72
sao_paulo,Sao Paulo,SP,2022-07-23,18.1,25.2,11.6,0.0,0.0,0.0,11.6,4.9,61
sao_paulo,Sao Paulo,SP,2022-07-24,17.8,25.2,11.4,0.0,0.0,0.0,13.5,7.8,67
sao_paulo,Sao Paulo,SP,2022-07-25,17.7,25.3,11.6,0.0,0.0,0.0,13.2,6.7,71
sao_paulo,Sao Paulo,SP,2022-07-26,16.6,24.1,11.1,0.0,0.0,0.0,18.8,9.7,80
sao_paulo,Sao Paulo,SP,2022-07-27,17.7,25.5,13.5,0.0,0.0,0.0,14.8,7.9,80
sao_paulo,Sao Paulo,SP,2022-07-28,18.9,25.9,12.3,0.0,0.0,0.0,23.2,12.1,60
sao_paulo,Sao Paulo,SP,2022-07-29,16.9,21.1,12.1,7.0,7.0,6.0,27.6,15.4,69
sao_paulo,Sao Paulo,SP,2022-07-30,12.6,17.2,8.8,0.1,0.1,1.0,14.3,8.9,84
sao_paulo,Sao Paulo,SP,2022-07-31,12.8,20.6,8.8,0.0,0.0,0.0,16.5,9.2,85
sao_paulo,Sao Paulo,SP,2022-08-01,16.4,25.7,9.4,0.0,0.0,0.0,21.0,7.9,77
sao_paulo,Sao Paulo,SP,2022-08-02,17.5,25.2,11.6,0.0,0.0,0.0,14.3,7.0,77
sao_paulo,Sao Paulo,SP,2022-08-03,16.7,24.4,11.1,0.0,0.0,0.0,17.7,9.0,79
sao_paulo,Sao Paulo,SP,2022-08-04,19.4,27.6,12.2,0.0,0.0,0.0,21.4,11.1,65
sao_paulo,Sao Paulo,SP,2022-08-05,19.0,27.5,13.8,0.5,0.5,3.0,25.6,16.4,63
sao_paulo,Sao Paulo,SP,2022-08-06,15.3,20.2,11.9,0.0,0.0,0.0,19.5,15.3,85
sao_paulo,Sao Paulo,SP,2022-08-07,16.9,20.1,14.6,1.6,1.6,3.0,17.4,11.6,84
sao_paulo,Sao Paulo,SP,2022-08-08,17.2,20.6,15.6,15.6,15.6,13.0,20.2,13.4,86
sao_paulo,Sao Paulo,SP,2022-08-09,17.1,21.5,14.9,6.0,6.0,14.0,17.2,9.0,88
sao_paulo,Sao Paulo,SP,2022-08-10,14.4,16.5,10.1,6.8,6.8,11.0,39.1,26.9,78
sao_paulo,Sao Paulo,SP,2022-08-11,12.7,16.2,10.6,1.9,1.9,12.0,26.1,18.0,86
sao_paulo,Sao Paulo,SP,2022-08-12,13.8,19.2,11.3,0.0,0.0,0.0,20.7,13.8,83
sao_paulo,Sao Paulo,SP,2022-08-13,15.4,23.8,10.2,0.0,0.0,0.0,18.2,12.1,78
sao_paulo,Sao Paulo,SP,2022-08-14,16.4,24.0,9.9,0.0,0.0,0.0,14.2,10.4,73
sao_paulo,Sao Paulo,SP,2022-08-15,18.5,25.8,12.8,0.0,0.0,0.0,19.9,13.7,58
sao_paulo,Sao Paulo,SP,2022-08-16,20.4,28.2,14.2,0.0,0.0,0.0,26.0,15.2,55
sao_paulo,Sao Paulo,SP,2022-08-17,17.3,22.0,13.5,0.0,0.0,0.0,19.6,11.5,78
sao_paulo,Sao Paulo,SP,2022-08-18,20.7,28.8,16.4,0.0,0.0,0.0,35.3,19.0,60
sao_paulo,Sao Paulo,SP,2022-08-19,10.8,16.9,8.4,4.2,4.2,13.0,25.3,21.1,85
sao_paulo,Sao Paulo,SP,2022-08-20,10.7,13.9,8.4,0.1,0.1,1.0,26.4,19.5,80
sao_paulo,Sao Paulo,SP,2022-08-21,12.1,18.1,8.4,0.0,0.0,0.0,23.5,14.2,82
sao_paulo,Sao Paulo,SP,2022-08-22,13.0,19.6,8.8,0.0,0.0,0.0,18.4,12.2,84
sao_paulo,Sao Paulo,SP,2022-08-23,14.1,21.8,9.6,0.0,0.0,0.0,18.7,10.8,87
sao_paulo,Sao Paulo,SP,2022-08-24,16.3,23.9,12.1,0.0,0.0,0.0,19.5,11.0,86
sao_paulo,Sao Paulo,SP,2022-08-25,17.9,25.0,13.1,0.0,0.0,0.0,15.9,7.7,79
sao_paulo,Sao Paulo,SP,2022-08-26,19.0,25.9,13.2,0.0,0.0,0.0,19.6,7.5,68
sao_paulo,Sao Paulo,SP,2022-08-27,20.0,27.5,13.2,0.0,0.0,0.0,12.9,9.7,60
sao_paulo,Sao Paulo,SP,2022-08-28,18.3,28.6,13.4,0.6,0.6,5.0,25.9,13.9,70
sao_paulo,Sao Paulo,SP,2022-08-29,12.3,15.0,9.9,0.5,0.5,5.0,28.8,24.5,82
sao_paulo,Sao Paulo,SP,2022-08-30,12.2,16.6,9.5,0.6,0.6,5.0,25.6,19.6,81
sao_paulo,Sao Paulo,SP,2022-08-31,13.5,20.6,9.9,0.0,0.0,0.0,22.4,15.7,76
sao_paulo,Sao Paulo,SP,2022-09-01,16.1,24.9,7.8,0.0,0.0,0.0,12.7,8.7,61
sao_paulo,Sao Paulo,SP,2022-09-02,19.4,28.2,12.1,0.0,0.0,0.0,19.2,11.2,48
sao_paulo,Sao Paulo,SP,2022-09-03,15.6,21.5,11.8,4.1,4.1,7.0,24.5,14.8,77
sao_paulo,Sao Paulo,SP,2022-09-04,12.1,14.6,9.9,16.7,16.7,3.0,21.9,19.6,84
sao_paulo,Sao Paulo,SP,2022-09-05,14.3,20.0,11.6,0.6,0.6,3.0,24.9,17.0,83
sao_paulo,Sao Paulo,SP,2022-09-06,15.7,22.6,12.4,0.7,0.7,3.0,24.4,15.6,86
sao_paulo,Sao Paulo,SP,2022-09-07,16.1,20.9,13.6,19.7,19.7,14.0,25.1,12.7,84
sao_paulo,Sao Paulo,SP,2022-09-08,20.6,28.5,12.9,0.0,0.0,0.0,18.2,10.7,60
sao_paulo,Sao Paulo,SP,2022-09-09,23.3,31.3,16.5,0.0,0.0,0.0,19.4,10.1,54
sao_paulo,Sao Paulo,SP,2022-09-10,20.4,30.0,13.8,0.0,0.0,0.0,23.9,15.4,66
sao_paulo,Sao Paulo,SP,2022-09-11,13.5,16.9,11.1,0.0,0.0,0.0,18.4,16.5,85
sao_paulo,Sao Paulo,SP,2022-09-12,16.8,23.4,12.3,0.2,0.2,1.0,26.3,13.8,83
sao_paulo,Sao Paulo,SP,2022-09-13,19.6,28.1,13.9,2.6,2.6,6.0,23.5,12.1,80
sao_paulo,Sao Paulo,SP,2022-09-14,16.3,18.5,14.4,4.9,4.9,14.0,16.7,10.0,94
sao_paulo,Sao Paulo,SP,2022-09-15,14.9,16.8,13.7,6.0,6.0,13.0,20.3,13.6,91
sao_paulo,Sao Paulo,SP,2022-09-16,13.9,16.1,12.1,1.4,1.4,10.0,22.6,16.2,91
sao_paulo,Sao Paulo,SP,2022-09-17,12.9,17.1,10.4,0.3,0.3,3.0,23.4,17.2,82
sao_paulo,Sao Paulo,SP,2022-09-18,13.2,20.6,8.1,0.0,0.0,0.0,21.2,14.0,82
sao_paulo,Sao Paulo,SP,2022-09-19,15.3,24.2,9.9,0.0,0.0,0.0,18.6,11.9,85
sao_paulo,Sao Paulo,SP,2022-09-20,18.4,25.9,12.6,4.7,4.7,8.0,23.1,11.7,84
sao_paulo,Sao Paulo,SP,2022-09-21,17.1,25.0,12.9,7.2,7.2,7.0,18.3,9.4,87
sao_paulo,Sao Paulo,SP,2022-09-22,18.4,23.1,14.5,8.6,8.6,15.0,19.5,13.4,88
sao_paulo,Sao Paulo,SP,2022-09-23,15.0,20.5,9.7,0.0,0.0,0.0,20.4,13.0,73
sao_paulo,Sao Paulo,SP,2022-09-24,12.2,18.2,7.2,0.0,0.0,0.0,18.3,12.2,80
sao_paulo,Sao Paulo,SP,2022-09-25,14.2,20.9,9.2,0.0,0.0,0.0,22.4,13.5,86
sao_paulo,Sao Paulo,SP,2022-09-26,16.0,19.0,13.4,10.5,10.5,12.0,13.0,10.0,92
sao_paulo,Sao Paulo,SP,2022-09-27,18.0,25.0,14.7,15.0,15.0,12.0,20.4,9.0,84
sao_paulo,Sao Paulo,SP,2022-09-28,14.7,17.5,12.9,16.5,16.5,19.0,22.4,14.4,94
sao_paulo,Sao Paulo,SP,2022-09-29,14.1,16.6,12.6,4.0,4.0,10.0,21.9,18.9,90
sao_paulo,Sao Paulo,SP,2022-09-30,15.0,18.1,12.9,10.0,10.0,12.0,24.7,15.8,89
sao_paulo,Sao Paulo,SP,2022-10-01,17.3,23.2,14.3,2.8,2.8,9.0,16.9,9.2,90
sao_paulo,Sao Paulo,SP,2022-10-02,16.4,20.9,13.2,0.0,0.0,0.0,16.4,8.9,88
sao_paulo,Sao Paulo,SP,2022-10-03,16.6,23.1,12.5,8.2,8.2,5.0,18.3,11.6,87
sao_paulo,Sao Paulo,SP,2022-10-04,16.9,19.9,15.3,0.9,0.9,7.0,17.7,11.9,91
sao_paulo,Sao Paulo,SP,2022-10-05,17.7,24.1,14.9,0.1,0.1,1.0,18.5,10.2,89
sao_paulo,Sao Paulo,SP,2022-10-06,21.2,29.5,14.8,9.4,9.4,8.0,20.9,13.9,80
sao_paulo,Sao Paulo,SP,2022-10-07,19.8,23.1,16.5,5.2,5.2,14.0,37.7,20.5,80
sao_paulo,Sao Paulo,SP,2022-10-08,18.7,25.3,13.7,0.0,0.0,0.0,11.3,6.7,68
sao_paulo,Sao Paulo,SP,2022-10-09,19.1,28.1,12.4,5.8,5.8,9.0,20.0,8.8,78
sao_paulo,Sao Paulo,SP,2022-10-10,17.9,20.4,15.8,6.2,6.2,10.0,12.0,7.6,92
sao_paulo,Sao Paulo,SP,2022-10-11,20.4,26.9,16.7,4.3,4.3,2.0,18.7,9.4,87
sao_paulo,Sao Paulo,SP,2022-10-12,20.5,24.8,17.2,0.6,0.6,1.0,16.1,8.1,85
sao_paulo,Sao Paulo,SP,2022-10-13,21.1,29.8,16.9,0.0,0.0,0.0,25.3,11.3,79
sao_paulo,Sao Paulo,SP,2022-10-14,18.9,24.1,16.5,0.4,0.4,3.0,30.0,14.6,89
sao_paulo,Sao Paulo,SP,2022-10-15,18.5,21.4,16.2,2.1,2.1,10.0,22.2,17.4,90
sao_paulo,Sao Paulo,SP,2022-10-16,19.0,25.3,15.2,18.0,18.0,5.0,23.5,9.7,87
sao_paulo,Sao Paulo,SP,2022-10-17,19.0,24.7,16.0,0.4,0.4,3.0,18.0,8.5,89
sao_paulo,Sao Paulo,SP,2022-10-18,18.0,20.5,16.5,3.3,3.3,10.0,17.3,13.4,92
sao_paulo,Sao Paulo,SP,2022-10-19,19.6,24.5,16.6,5.7,5.7,10.0,17.8,10.0,86
sao_paulo,Sao Paulo,SP,2022-10-20,21.7,28.1,15.4,1.0,1.0,2.0,15.2,8.2,76
sao_paulo,Sao Paulo,SP,2022-10-21,21.0,24.9,19.0,3.2,3.2,7.0,31.1,18.7,79
sao_paulo,Sao Paulo,SP,2022-10-22,19.4,26.1,15.6,9.0,9.0,8.0,26.6,14.0,83
sao_paulo,Sao Paulo,SP,2022-10-23,17.8,24.7,14.1,0.4,0.4,2.0,20.9,11.4,85
sao_paulo,Sao Paulo,SP,2022-10-24,18.4,23.2,14.8,2.7,2.7,9.0,21.8,13.4,87
sao_paulo,Sao Paulo,SP,2022-10-25,18.1,23.6,14.2,0.0,0.0,0.0,19.8,13.0,83
sao_paulo,Sao Paulo,SP,2022-10-26,19.5,28.2,14.0,0.0,0.0,0.0,17.2,10.3,81
sao_paulo,Sao Paulo,SP,2022-10-27,23.2,31.8,15.6,0.0,0.0,0.0,21.7,13.1,67
sao_paulo,Sao Paulo,SP,2022-10-28,21.1,25.0,17.9,29.5,29.5,14.0,14.9,7.7,82
sao_paulo,Sao Paulo,SP,2022-10-29,22.0,29.5,16.8,7.8,7.8,5.0,29.4,9.2,77
sao_paulo,Sao Paulo,SP,2022-10-30,22.3,28.5,17.1,5.0,5.0,5.0,26.7,13.8,78
sao_paulo,Sao Paulo,SP,2022-10-31,21.0,24.5,18.0,20.4,20.4,18.0,28.5,16.5,84
sao_paulo,Sao Paulo,SP,2022-11-01,15.6,17.6,12.9,4.3,4.3,19.0,29.4,24.1,90
sao_paulo,Sao Paulo,SP,2022-11-02,12.6,14.1,11.6,5.7,5.7,24.0,28.1,22.3,91
sao_paulo,Sao Paulo,SP,2022-11-03,12.6,15.7,10.4,2.0,2.0,9.0,24.0,18.2,86
sao_paulo,Sao Paulo,SP,2022-11-04,13.1,17.8,8.8,0.0,0.0,0.0,21.1,12.9,78
sao_paulo,Sao Paulo,SP,2022-11-05,14.0,18.1,10.6,0.9,0.9,6.0,21.3,12.3,83
sao_paulo,Sao Paulo,SP,2022-11-06,14.1,18.2,10.4,0.3,0.3,3.0,21.3,12.1,83
sao_paulo,Sao Paulo,SP,2022-11-07,14.7,18.8,11.4,1.7,1.7,11.0,20.9,11.5,84
sao_paulo,Sao Paulo,SP,2022-11-08,15.0,21.5,10.6,0.0,0.0,0.0,24.1,8.5,82
sao_paulo,Sao Paulo,SP,2022-11-09,17.4,26.9,11.6,0.2,0.2,2.0,25.0,11.5,81
sao_paulo,Sao Paulo,SP,2022-11-10,19.1,26.7,14.6,0.3,0.3,2.0,21.7,12.7,85
sao_paulo,Sao Paulo,SP,2022-11-11,19.5,27.0,15.6,8.1,8.1,8.0,17.4,12.1,88
sao_paulo,Sao Paulo,SP,2022-11-12,19.7,24.8,16.9,1.5,1.5,11.0,21.4,11.7,87
sao_paulo,Sao Paulo,SP,2022-11-13,21.2,29.5,16.2,0.0,0.0,0.0,18.4,8.6,82
sao_paulo,Sao Paulo,SP,2022-11-14,22.3,26.9,18.5,7.5,7.5,7.0,27.9,14.5,79
sao_paulo,Sao Paulo,SP,2022-11-15,20.5,26.4,16.1,1.8,1.8,4.0,21.6,11.0,73
sao_paulo,Sao Paulo,SP,2022-11-16,18.3,23.5,14.2,0.0,0.0,0.0,24.5,13.9,76
sao_paulo,Sao Paulo,SP,2022-11-17,17.5,23.5,12.1,0.1,0.1,1.0,22.4,14.5,74
sao_paulo,Sao Paulo,SP,2022-11-18,17.5,22.8,14.4,0.3,0.3,3.0,22.3,15.5,77
sao_paulo,Sao Paulo,SP,2022-11-19,17.8,25.4,12.9,0.2,0.2,2.0,23.6,14.1,77
sao_paulo,Sao Paulo,SP,2022-11-20,19.5,27.0,14.3,0.9,0.9,3.0,16.9,11.1,81
sao_paulo,Sao Paulo,SP,2022-11-21,21.1,28.0,15.6,0.6,0.6,2.0,17.7,9.5,77
sao_paulo,Sao Paulo,SP,2022-11-22,22.0,29.6,16.4,3.1,3.1,9.0,19.6,9.6,76
sao_paulo,Sao Paulo,SP,2022-11-23,21.5,27.9,17.1,23.0,23.0,9.0,19.6,9.7,80
sao_paulo,Sao Paulo,SP,2022-11-24,19.1,24.4,16.1,6.4,6.4,16.0,22.0,11.5,88
sao_paulo,Sao Paulo,SP,2022-11-25,17.3,20.6,14.1,2.2,2.2,9.0,27.4,16.0,87
sao_paulo,Sao Paulo,SP,2022-11-26,17.6,23.5,13.1,4.0,4.0,6.0,16.2,7.4,86
sao_paulo,Sao Paulo,SP,2022-11-27,18.5,25.2,14.4,4.1,4.1,7.0,23.4,13.2,88
sao_paulo,Sao Paulo,SP,2022-11-28,19.3,24.1,17.1,22.6,22.6,12.0,22.2,9.1,88
sao_paulo,Sao Paulo,SP,2022-11-29,19.4,24.6,17.1,26.5,26.5,14.0,21.7,10.0,89
sao_paulo,Sao Paulo,SP,2022-11-30,20.3,24.8,17.0,2.4,2.4,7.0,19.0,11.0,84
sao_paulo,Sao Paulo,SP,2022-12-01,21.5,27.3,16.8,21.8,21.8,4.0,22.3,13.5,81
sao_paulo,Sao Paulo,SP,2022-12-02,22.5,28.6,18.1,17.9,17.9,6.0,14.0,8.8,83
sao_paulo,Sao Paulo,SP,2022-12-03,22.3,27.3,19.9,13.1,13.1,14.0,13.4,9.0,84
sao_paulo,Sao Paulo,SP,2022-12-04,21.7,26.5,18.8,14.7,14.7,11.0,17.9,9.4,84
sao_paulo,Sao Paulo,SP,2022-12-05,21.4,24.5,19.9,15.3,15.3,18.0,20.8,12.6,86
sao_paulo,Sao Paulo,SP,2022-12-06,20.9,23.5,19.4,25.0,25.0,15.0,24.6,15.0,88
sao_paulo,Sao Paulo,SP,2022-12-07,20.9,24.7,18.2,2.9,2.9,13.0,17.7,10.8,90
sao_paulo,Sao Paulo,SP,2022-12-08,20.9,27.5,16.2,0.1,0.1,1.0,12.2,5.7,80
sao_paulo,Sao Paulo,SP,2022-12-09,21.9,29.6,14.6,0.0,0.0,0.0,18.8,8.4,74
sao_paulo,Sao Paulo,SP,2022-12-10,22.0,30.4,14.7,0.0,0.0,0.0,18.2,7.8,80
sao_paulo,Sao Paulo,SP,2022-12-11,23.9,29.5,19.1,1.6,1.6,3.0,19.7,10.5,79
sao_paulo,Sao Paulo,SP,2022-12-12,23.3,28.2,20.3,2.6,2.6,6.0,31.6,15.3,82
sao_paulo,Sao Paulo,SP,2022-12-13,19.6,21.8,16.3,15.0,15.0,16.0,21.7,18.0,90
sao_paulo,Sao Paulo,SP,2022-12-14,17.5,22.2,13.9,0.0,0.0,0.0,18.2,14.0,80
sao_paulo,Sao Paulo,SP,2022-12-15,18.3,25.0,13.0,0.6,0.6,4.0,20.0,10.0,82
sao_paulo,Sao Paulo,SP,2022-12-16,19.5,26.4,14.6,2.5,2.5,8.0,19.8,10.5,84
sao_paulo,Sao Paulo,SP,2022-12-17,18.7,23.7,15.5,1.5,1.5,5.0,23.5,12.5,84
sao_paulo,Sao Paulo,SP,2022-12-18,19.1,24.7,15.1,1.2,1.2,5.0,25.0,15.8,84
sao_paulo,Sao Paulo,SP,2022-12-19,18.3,21.2,15.9,13.5,13.5,14.0,22.3,15.3,88
sao_paulo,Sao Paulo,SP,2022-12-20,18.4,22.4,16.4,28.6,28.6,22.0,22.5,14.5,90
sao_paulo,Sao Paulo,SP,2022-12-21,17.5,20.5,15.7,6.4,6.4,18.0,24.8,18.2,91
sao_paulo,Sao Paulo,SP,2022-12-22,17.3,20.5,15.4,3.2,3.2,12.0,23.0,16.8,90
sao_paulo,Sao Paulo,SP,2022-12-23,18.2,23.5,14.6,1.5,1.5,3.0,24.2,15.4,84
sao_paulo,Sao Paulo,SP,2022-12-24,19.3,25.5,15.3,2.2,2.2,4.0,18.9,12.4,86
sao_paulo,Sao Paulo,SP,2022-12-25,20.2,26.2,16.8,10.2,10.2,7.0,16.1,9.9,87
sao_paulo,Sao Paulo,SP,2022-12-26,21.2,25.5,18.6,12.6,12.6,18.0,20.0,8.7,85
sao_paulo,Sao Paulo,SP,2022-12-27,21.2,25.6,17.7,11.8,11.8,16.0,16.6,8.5,85
sao_paulo,Sao Paulo,SP,2022-12-28,21.5,24.6,17.9,3.1,3.1,7.0,29.2,18.7,83
sao_paulo,Sao Paulo,SP,2022-12-29,20.6,24.1,18.6,21.3,21.3,18.0,23.3,12.0,88
sao_paulo,Sao Paulo,SP,2022-12-30,19.7,24.1,17.5,5.3,5.3,13.0,20.4,11.7,89
sao_paulo,Sao Paulo,SP,2022-12-31,20.7,25.5,17.1,9.2,9.2,9.0,16.6,7.6,87
sao_paulo,Sao Paulo,SP,2023-01-01,21.0,25.6,16.9,5.7,5.7,10.0,17.9,6.5,85
sao_paulo,Sao Paulo,SP,2023-01-02,21.8,27.0,17.1,8.1,8.1,9.0,16.1,8.3,81
sao_paulo,Sao Paulo,SP,2023-01-03,21.7,25.1,18.2,3.3,3.3,7.0,24.0,15.0,82
sao_paulo,Sao Paulo,SP,2023-01-04,20.7,25.5,16.9,17.3,17.3,10.0,23.7,14.8,84
sao_paulo,Sao Paulo,SP,2023-01-05,17.2,19.4,16.0,16.1,16.1,23.0,22.0,15.4,92
sao_paulo,Sao Paulo,SP,2023-01-06,16.9,19.0,15.6,1.8,1.8,9.0,21.2,17.4,86
sao_paulo,Sao Paulo,SP,2023-01-07,17.1,19.8,14.9,0.9,0.9,7.0,21.8,16.2,87
sao_paulo,Sao Paulo,SP,2023-01-08,18.3,21.4,14.9,0.3,0.3,3.0,20.7,13.4,87
sao_paulo,Sao Paulo,SP,2023-01-09,19.2,22.9,17.4,5.0,5.0,12.0,21.8,12.4,90
sao_paulo,Sao Paulo,SP,2023-01-10,20.1,24.6,17.9,16.5,16.5,8.0,17.9,10.0,90
sao_paulo,Sao Paulo,SP,2023-01-11,20.7,24.8,17.0,3.7,3.7,7.0,23.9,11.3,86
sao_paulo,Sao Paulo,SP,2023-01-12,21.3,25.5,18.5,5.1,5.1,8.0,24.0,12.0,86
sao_paulo,Sao Paulo,SP,2023-01-13,21.8,25.6,18.6,8.8,8.8,13.0,28.2,15.3,84
sao_paulo,Sao Paulo,SP,2023-01-14,23.3,27.9,19.4,1.4,1.4,5.0,31.1,15.0,77
sao_paulo,Sao Paulo,SP,2023-01-15,23.9,29.0,20.0,1.4,1.4,5.0,16.1,8.8,78
sao_paulo,Sao Paulo,SP,2023-01-16,23.1,29.1,18.9,14.0,14.0,10.0,14.4,8.6,85
sao_paulo,Sao Paulo,SP,2023-01-17,22.9,28.5,20.0,5.3,5.3,6.0,14.3,8.1,86
sao_paulo,Sao Paulo,SP,2023-01-18,22.0,27.5,19.0,7.6,7.6,8.0,17.4,9.2,87
sao_paulo,Sao Paulo,SP,2023-01-19,21.4,27.1,18.4,7.1,7.1,7.0,16.6,8.1,87
sao_paulo,Sao Paulo,SP,2023-01-20,20.2,23.1,17.9,19.4,19.4,11.0,15.3,6.5,89
sao_paulo,Sao Paulo,SP,2023-01-21,21.0,25.6,15.9,1.5,1.5,10.0,17.3,10.7,84
sao_paulo,Sao Paulo,SP,2023-01-22,22.5,27.2,18.1,3.2,3.2,8.0,19.5,12.9,80
sao_paulo,Sao Paulo,SP,2023-01-23,22.0,27.6,18.1,16.1,16.1,13.0,15.5,9.1,83
sao_paulo,Sao Paulo,SP,2023-01-24,21.2,26.7,18.4,2.4,2.4,10.0,17.9,9.7,88
sao_paulo,Sao Paulo,SP,2023-01-25,21.6,26.8,18.4,0.2,0.2,2.0,19.9,10.6,84
sao_paulo,Sao Paulo,SP,2023-01-26,20.4,26.9,16.0,0.0,0.0,0.0,22.4,14.0,74
sao_paulo,Sao Paulo,SP,2023-01-27,20.4,27.0,15.0,0.6,0.6,4.0,18.9,10.3,81
sao_paulo,Sao Paulo,SP,2023-01-28,22.0,27.2,18.4,6.2,6.2,9.0,17.0,8.3,85
sao_paulo,Sao Paulo,SP,2023-01-29,22.0,27.0,18.0,6.2,6.2,12.0,21.9,10.1,84
sao_paulo,Sao Paulo,SP,2023-01-30,21.5,25.4,18.3,9.6,9.6,15.0,21.1,10.8,85
sao_paulo,Sao Paulo,SP,2023-01-31,22.4,26.8,18.8,13.4,13.4,12.0,22.5,13.4,81
sao_paulo,Sao Paulo,SP,2023-02-01,22.3,26.5,19.8,8.9,8.9,13.0,14.5,8.3,82
sao_paulo,Sao Paulo,SP,2023-02-02,22.7,27.6,19.0,5.4,5.4,7.0,18.7,11.2,81
sao_paulo,Sao Paulo,SP,2023-02-03,22.5,26.5,20.0,0.8,0.8,3.0,24.6,16.6,80
sao_paulo,Sao Paulo,SP,2023-02-04,22.0,26.9,19.5,8.0,8.0,15.0,30.3,19.5,83
sao_paulo,Sao Paulo,SP,2023-02-05,22.3,26.8,19.8,1.9,1.9,12.0,25.7,15.5,84
sao_paulo,Sao Paulo,SP,2023-02-06,21.7,27.1,18.6,9.3,9.3,10.0,19.3,10.5,86
sao_paulo,Sao Paulo,SP,2023-02-07,20.4,25.4,17.6,26.0,26.0,16.0,12.9,6.4,91
sao_paulo,Sao Paulo,SP,2023-02-08,20.7,25.3,17.8,3.5,3.5,7.0,15.5,8.8,88
sao_paulo,Sao Paulo,SP,2023-02-09,21.4,27.5,16.2,1.9,1.9,6.0,15.3,7.9,85
sao_paulo,Sao Paulo,SP,2023-02-10,21.7,27.5,18.5,18.6,18.6,8.0,15.2,8.4,85
sao_paulo,Sao Paulo,SP,2023-02-11,21.0,24.5,18.2,5.2,5.2,18.0,15.0,8.6,87
sao_paulo,Sao Paulo,SP,2023-02-12,21.1,26.0,17.2,16.7,16.7,14.0,22.1,8.1,87
sao_paulo,Sao Paulo,SP,2023-02-13,22.0,26.6,18.3,2.2,2.2,7.0,19.3,9.3,83
sao_paulo,Sao Paulo,SP,2023-02-14,22.6,27.0,18.3,5.0,5.0,8.0,22.9,11.2,81
sao_paulo,Sao Paulo,SP,2023-02-15,23.8,28.6,20.9,2.3,2.3,4.0,26.8,16.5,78
sao_paulo,Sao Paulo,SP,2023-02-16,22.8,26.9,20.7,3.3,3.3,8.0,29.6,19.2,81
sao_paulo,Sao Paulo,SP,2023-02-17,23.6,28.1,20.2,0.4,0.4,2.0,33.2,17.6,75
sao_paulo,Sao Paulo,SP,2023-02-18,20.9,24.1,18.0,2.9,2.9,8.0,27.4,13.8,88
sao_paulo,Sao Paulo,SP,2023-02-19,18.4,20.4,17.0,43.4,43.4,20.0,25.4,18.4,92
sao_paulo,Sao Paulo,SP,2023-02-20,21.1,27.9,18.2,18.9,18.9,8.0,14.8,8.1,86
sao_paulo,Sao Paulo,SP,2023-02-21,21.2,26.4,16.8,7.3,7.3,10.0,20.7,9.8,85
sao_paulo,Sao Paulo,SP,2023-02-22,21.0,26.0,18.0,2.9,2.9,4.0,15.3,7.3,88
sao_paulo,Sao Paulo,SP,2023-02-23,21.1,26.8,18.6,23.7,23.7,8.0,14.4,7.9,90
sao_paulo,Sao Paulo,SP,2023-02-24,21.9,27.2,17.9,5.2,5.2,4.0,20.3,9.1,86
sao_paulo,Sao Paulo,SP,2023-02-25,23.1,27.8,19.0,1.3,1.3,6.0,26.1,13.1,82
sao_paulo,Sao Paulo,SP,2023-02-26,23.7,28.1,19.4,0.6,0.6,4.0,21.9,11.5,78
sao_paulo,Sao Paulo,SP,2023-02-27,22.0,26.3,19.5,2.4,2.4,7.0,21.9,11.2,88
sao_paulo,Sao Paulo,SP,2023-02-28,20.8,25.2,19.0,15.9,15.9,13.0,14.2,9.4,91
sao_paulo,Sao Paulo,SP,2023-03-01,21.4,26.9,17.8,1.1,1.1,3.0,14.8,7.5,87
sao_paulo,Sao Paulo,SP,2023-03-02,22.0,27.8,16.9,0.0,0.0,0.0,15.2,8.9,83
sao_paulo,Sao Paulo,SP,2023-03-03,22.8,28.4,19.0,2.8,2.8,6.0,11.8,6.6,83
sao_paulo,Sao Paulo,SP,2023-03-04,22.6,26.5,19.5,10.4,10.4,11.0,18.1,11.8,83
sao_paulo,Sao Paulo,SP,2023-03-05,21.5,25.4,18.8,6.7,6.7,6.0,26.0,14.9,84
sao_paulo,Sao Paulo,SP,2023-03-06,21.2,25.9,17.7,10.8,10.8,13.0,22.7,12.6,82
sao_paulo,Sao Paulo,SP,2023-03-07,21.9,26.5,17.8,0.9,0.9,2.0,19.8,11.0,77
sao_paulo,Sao Paulo,SP,2023-03-08,22.2,28.2,18.0,9.3,9.3,2.0,14.4,7.8,79
sao_paulo,Sao Paulo,SP,2023-03-09,22.4,28.0,18.8,8.8,8.8,5.0,11.8,6.6,82
sao_paulo,Sao Paulo,SP,2023-03-10,21.3,27.0,18.5,23.9,23.9,9.0,18.1,7.2,89
sao_paulo,Sao Paulo,SP,2023-03-11,20.6,24.2,18.5,16.9,16.9,21.0,17.1,6.8,90
sao_paulo,Sao Paulo,SP,2023-03-12,20.5,24.0,18.8,12.1,12.1,21.0,13.2,7.8,92
sao_paulo,Sao Paulo,SP,2023-03-13,20.8,25.7,18.8,24.7,24.7,18.0,16.8,9.3,90
sao_paulo,Sao Paulo,SP,2023-03-14,21.2,25.6,18.2,12.7,12.7,9.0,14.5,8.7,89
sao_paulo,Sao Paulo,SP,2023-03-15,21.0,25.8,18.0,1.8,1.8,6.0,18.8,11.6,87
sao_paulo,Sao Paulo,SP,2023-03-16,20.3,26.4,16.0,0.3,0.3,2.0,21.3,11.6,85
sao_paulo,Sao Paulo,SP,2023-03-17,19.8,25.5,15.2,0.5,0.5,3.0,17.1,9.5,84
sao_paulo,Sao Paulo,SP,2023-03-18,20.4,26.9,15.0,0.0,0.0,0.0,16.1,8.2,84
sao_paulo,Sao Paulo,SP,2023-03-19,22.1,28.0,18.5,0.4,0.4,2.0,17.8,6.7,84
sao_paulo,Sao Paulo,SP,2023-03-20,22.4,28.9,18.5,0.8,0.8,3.0,13.8,6.9,81
sao_paulo,Sao Paulo,SP,2023-03-21,21.1,27.5,15.4,0.0,0.0,0.0,16.3,7.3,83
sao_paulo,Sao Paulo,SP,2023-03-22,21.2,28.0,17.4,0.0,0.0,0.0,19.2,8.8,84
sao_paulo,Sao Paulo,SP,2023-03-23,21.5,28.0,17.4,0.0,0.0,0.0,17.7,9.0,83
sao_paulo,Sao Paulo,SP,2023-03-24,22.2,28.6,16.7,0.5,0.5,2.0,14.1,7.8,80
sao_paulo,Sao Paulo,SP,2023-03-25,22.2,28.5,17.6,0.0,0.0,0.0,14.5,6.0,83
sao_paulo,Sao Paulo,SP,2023-03-26,23.8,29.9,18.3,1.2,1.2,4.0,20.0,10.2,76
sao_paulo,Sao Paulo,SP,2023-03-27,20.5,23.8,18.0,15.9,15.9,14.0,22.6,13.9,87
sao_paulo,Sao Paulo,SP,2023-03-28,20.5,25.5,17.0,0.4,0.4,2.0,19.0,11.8,84
sao_paulo,Sao Paulo,SP,2023-03-29,21.9,28.5,18.5,9.2,9.2,3.0,13.1,7.4,84
sao_paulo,Sao Paulo,SP,2023-03-30,22.5,28.0,17.8,0.2,0.2,2.0,16.1,8.3,79
sao_paulo,Sao Paulo,SP,2023-03-31,21.7,27.4,18.0,10.1,10.1,5.0,19.1,6.9,84
sao_paulo,Sao Paulo,SP,2023-04-01,20.6,27.0,16.3,0.3,0.3,2.0,19.1,10.1,84
sao_paulo,Sao Paulo,SP,2023-04-02,18.2,21.5,15.9,0.4,0.4,4.0,18.5,13.1,84
sao_paulo,Sao Paulo,SP,2023-04-03,18.1,24.5,14.3,0.2,0.2,2.0,16.6,9.9,87
sao_paulo,Sao Paulo,SP,2023-04-04,19.6,27.0,15.1,0.3,0.3,2.0,17.6,7.5,84
sao_paulo,Sao Paulo,SP,2023-04-05,18.8,25.0,14.1,0.1,0.1,1.0,19.4,7.5,85
sao_paulo,Sao Paulo,SP,2023-04-06,19.6,24.9,16.6,2.3,2.3,7.0,19.5,11.5,85
sao_paulo,Sao Paulo,SP,2023-04-07,18.8,20.8,17.6,15.6,15.6,20.0,13.4,9.1,93
sao_paulo,Sao Paulo,SP,2023-04-08,19.0,22.0,17.8,3.7,3.7,12.0,20.2,13.8,92
sao_paulo,Sao Paulo,SP,2023-04-09,18.5,21.7,15.8,0.8,0.8,5.0,19.0,14.9,86
sao_paulo,Sao Paulo,SP,2023-04-10,17.5,22.9,13.9,0.0,0.0,0.0,20.4,13.0,84
sao_paulo,Sao Paulo,SP,2023-04-11,18.3,25.2,13.6,0.1,0.1,1.0,15.5,8.3,85
sao_paulo,Sao Paulo,SP,2023-04-12,19.7,25.9,15.2,1.4,1.4,8.0,12.0,6.5,85
sao_paulo,Sao Paulo,SP,2023-04-13,21.3,27.0,15.6,2.3,2.3,5.0,14.1,8.5,81
sao_paulo,Sao Paulo,SP,2023-04-14,19.7,22.9,16.9,9.1,9.1,11.0,12.8,8.0,90
sao_paulo,Sao Paulo,SP,2023-04-15,19.2,21.8,17.4,4.9,4.9,6.0,19.1,13.5,91
sao_paulo,Sao Paulo,SP,2023-04-16,20.0,24.8,16.9,0.1,0.1,1.0,16.2,10.2,84
sao_paulo,Sao Paulo,SP,2023-04-17,20.7,27.0,15.6,20.7,20.7,5.0,23.5,12.8,82
sao_paulo,Sao Paulo,SP,2023-04-18,20.6,22.9,19.0,22.2,22.2,22.0,31.0,22.4,89
sao_paulo,Sao Paulo,SP,2023-04-19,19.6,23.4,15.7,17.5,17.5,5.0,21.8,13.4,78
sao_paulo,Sao Paulo,SP,2023-04-20,15.5,20.6,12.3,0.0,0.0,0.0,22.7,12.7,73
sao_paulo,Sao Paulo,SP,2023-04-21,14.4,21.1,9.2,0.0,0.0,0.0,18.1,11.6,86
sao_paulo,Sao Paulo,SP,2023-04-22,16.1,22.6,11.4,0.0,0.0,0.0,17.7,11.7,85
sao_paulo,Sao Paulo,SP,2023-04-23,17.6,23.5,13.9,0.0,0.0,0.0,17.5,9.9,86
sao_paulo,Sao Paulo,SP,2023-04-24,17.0,23.5,13.1,0.4,0.4,2.0,20.3,11.9,82
sao_paulo,Sao Paulo,SP,2023-04-25,17.6,24.2,12.8,0.0,0.0,0.0,11.7,7.0,85
sao_paulo,Sao Paulo,SP,2023-04-26,18.4,24.0,15.4,4.3,4.3,5.0,22.2,11.6,86
sao_paulo,Sao Paulo,SP,2023-04-27,19.0,23.2,16.2,3.0,3.0,13.0,18.1,11.9,86
sao_paulo,Sao Paulo,SP,2023-04-28,17.1,18.9,15.2,1.7,1.7,11.0,13.9,9.3,90
sao_paulo,Sao Paulo,SP,2023-04-29,17.5,22.2,14.2,1.7,1.7,6.0,16.2,9.9,88
sao_paulo,Sao Paulo,SP,2023-04-30,19.2,24.6,16.1,0.2,0.2,2.0,20.0,8.9,85
sao_paulo,Sao Paulo,SP,2023-05-01,19.6,24.7,16.4,0.4,0.4,3.0,13.1,6.3,84
sao_paulo,Sao Paulo,SP,2023-05-02,19.2,24.2,16.2,0.9,0.9,4.0,13.5,6.7,87
sao_paulo,Sao Paulo,SP,2023-05-03,19.8,25.8,16.1,0.0,0.0,0.0,14.6,6.6,85
sao_paulo,Sao Paulo,SP,2023-05-04,20.4,26.4,16.6,0.0,0.0,0.0,11.3,6.3,79
sao_paulo,Sao Paulo,SP,2023-05-05,20.0,26.1,16.9,0.0,0.0,0.0,15.7,6.6,87
sao_paulo,Sao Paulo,SP,2023-05-06,20.1,25.1,17.2,0.0,0.0,0.0,15.5,8.7,87
sao_paulo,Sao Paulo,SP,2023-05-07,19.9,26.0,15.5,0.0,0.0,0.0,11.9,6.6,85
sao_paulo,Sao Paulo,SP,2023-05-08,20.5,26.7,15.2,0.0,0.0,0.0,11.5,5.6,77
sao_paulo,Sao Paulo,SP,2023-05-09,19.5,25.1,14.9,0.1,0.1,1.0,17.1,8.6,84
sao_paulo,Sao Paulo,SP,2023-05-10,18.8,20.9,17.4,6.1,6.1,16.0,15.3,9.6,91
sao_paulo,Sao Paulo,SP,2023-05-11,18.1,22.9,15.4,0.9,0.9,4.0,20.5,9.1,82
sao_paulo,Sao Paulo,SP,2023-05-12,15.4,19.5,12.6,0.9,0.9,7.0,17.8,11.4,81
sao_paulo,Sao Paulo,SP,2023-05-13,14.6,20.0,11.6,0.1,0.1,1.0,19.0,7.9,83
sao_paulo,Sao Paulo,SP,2023-05-14,15.2,21.5,11.1,0.0,0.0,0.0,14.7,5.8,80
sao_paulo,Sao Paulo,SP,2023-05-15,15.0,21.2,10.2,0.0,0.0,0.0,11.5,4.6,77
sao_paulo,Sao Paulo,SP,2023-05-16,14.9,21.5,9.1,0.0,0.0,0.0,17.2,8.6,75
sao_paulo,Sao Paulo,SP,2023-05-17,14.7,19.5,11.4,0.4,0.4,4.0,17.9,9.8,82
sao_paulo,Sao Paulo,SP,2023-05-18,13.9,20.5,9.9,0.0,0.0,0.0,14.6,10.1,85
sao_paulo,Sao Paulo,SP,2023-05-19,14.0,21.5,9.2,0.0,0.0,0.0,14.5,9.8,84
sao_paulo,Sao Paulo,SP,2023-05-20,15.3,23.2,9.8,0.0,0.0,0.0,12.2,7.6,76
sao_paulo,Sao Paulo,SP,2023-05-21,15.8,23.9,9.9,0.0,0.0,0.0,13.3,5.7,73
sao_paulo,Sao Paulo,SP,2023-05-22,17.3,23.6,11.4,0.0,0.0,0.0,14.5,7.0,70
sao_paulo,Sao Paulo,SP,2023-05-23,16.6,23.9,10.5,0.0,0.0,0.0,15.6,6.7,75
sao_paulo,Sao Paulo,SP,2023-05-24,17.2,23.6,11.3,0.0,0.0,0.0,17.1,11.2,77
sao_paulo,Sao Paulo,SP,2023-05-25,18.7,25.2,14.1,0.0,0.0,0.0,14.5,10.2,80
sao_paulo,Sao Paulo,SP,2023-05-26,19.0,26.0,13.1,0.0,0.0,0.0,12.9,9.4,67
sao_paulo,Sao Paulo,SP,2023-05-27,19.2,26.1,12.4,0.0,0.0,0.0,17.4,9.2,67
sao_paulo,Sao Paulo,SP,2023-05-28,17.8,22.6,14.8,2.2,2.2,8.0,25.5,10.4,81
sao_paulo,Sao Paulo,SP,2023-05-29,15.9,18.0,14.5,0.5,0.5,5.0,20.2,16.6,87
sao_paulo,Sao Paulo,SP,2023-05-30,16.1,20.2,14.1,1.5,1.5,2.0,23.1,15.5,82
sao_paulo,Sao Paulo,SP,2023-05-31,15.7,19.3,14.1,35.1,35.1,18.0,13.7,8.9,93
sao_paulo,Sao Paulo,SP,2023-06-01,16.2,20.0,14.2,1.1,1.1,8.0,11.4,7.9,90
sao_paulo,Sao Paulo,SP,2023-06-02,15.4,20.0,13.3,0.0,0.0,0.0,13.0,9.7,89
sao_paulo,Sao Paulo,SP,2023-06-03,16.3,22.5,12.8,0.0,0.0,0.0,13.8,9.5,83
sao_paulo,Sao Paulo,SP,2023-06-04,15.5,22.6,7.9,0.0,0.0,0.0,10.7,5.6,79
sao_paulo,Sao Paulo,SP,2023-06-05,15.5,21.5,11.5,0.0,0.0,0.0,14.7,5.6,79
sao_paulo,Sao Paulo,SP,2023-06-06,14.7,20.3,11.2,0.0,0.0,0.0,11.8,8.1,86
sao_paulo,Sao Paulo,SP,2023-06-07,15.4,22.4,10.9,0.0,0.0,0.0,11.2,6.3,78
sao_paulo,Sao Paulo,SP,2023-06-08,15.3,22.5,9.4,0.0,0.0,0.0,7.1,3.9,76
sao_paulo,Sao Paulo,SP,2023-06-09,16.3,23.6,9.4,0.0,0.0,0.0,17.7,10.2,70
sao_paulo,Sao Paulo,SP,2023-06-10,17.2,23.9,11.8,0.0,0.0,0.0,20.4,12.4,66
sao_paulo,Sao Paulo,SP,2023-06-11,18.8,25.4,14.4,0.0,0.0,0.0,26.6,14.9,62
sao_paulo,Sao Paulo,SP,2023-06-12,18.3,26.0,12.9,0.0,0.0,0.0,21.2,8.3,76
sao_paulo,Sao Paulo,SP,2023-06-13,15.9,16.8,15.2,1.9,1.9,11.0,20.5,17.2,91
sao_paulo,Sao Paulo,SP,2023-06-14,15.7,17.6,14.9,15.0,15.0,24.0,13.7,9.2,94
sao_paulo,Sao Paulo,SP,2023-06-15,15.6,17.0,13.9,11.0,11.0,13.0,17.3,10.1,95
sao_paulo,Sao Paulo,SP,2023-06-16,13.3,15.8,10.0,0.0,0.0,0.0,25.0,17.5,88
sao_paulo,Sao Paulo,SP,2023-06-17,11.7,17.0,7.4,0.1,0.1,1.0,14.9,8.8,84
sao_paulo,Sao Paulo,SP,2023-06-18,12.3,17.5,9.4,0.0,0.0,0.0,14.0,6.0,89
sao_paulo,Sao Paulo,SP,2023-06-19,13.2,18.0,10.0,0.0,0.0,0.0,16.0,11.9,88
sao_paulo,Sao Paulo,SP,2023-06-20,14.6,20.6,11.1,0.0,0.0,0.0,15.9,10.2,84
sao_paulo,Sao Paulo,SP,2023-06-21,14.9,22.1,8.5,0.0,0.0,0.0,13.0,7.8,75
sao_paulo,Sao Paulo,SP,2023-06-22,15.9,22.9,10.4,0.0,0.0,0.0,15.6,8.5,72
sao_paulo,Sao Paulo,SP,2023-06-23,16.5,23.5,10.4,0.0,0.0,0.0,15.8,8.4,71
sao_paulo,Sao Paulo,SP,2023-06-24,17.2,23.8,12.5,0.0,0.0,0.0,13.2,9.9,71
sao_paulo,Sao Paulo,SP,2023-06-25,17.3,24.4,11.5,0.0,0.0,0.0,11.2,7.2,71
sao_paulo,Sao Paulo,SP,2023-06-26,17.0,24.8,10.4,0.0,0.0,0.0,11.6,5.7,73
sao_paulo,Sao Paulo,SP,2023-06-27,16.9,23.5,10.8,0.0,0.0,0.0,19.4,12.5,64
sao_paulo,Sao Paulo,SP,2023-06-28,17.2,24.2,11.6,0.0,0.0,0.0,22.6,11.8,68
sao_paulo,Sao Paulo,SP,2023-06-29,16.0,21.0,12.0,0.2,0.2,2.0,19.2,10.6,81
sao_paulo,Sao Paulo,SP,2023-06-30,16.3,21.3,14.4,0.0,0.0,0.0,15.3,9.4,86
sao_paulo,Sao Paulo,SP,2023-07-01,16.6,22.5,13.6,0.8,0.8,5.0,17.1,8.0,84
sao_paulo,Sao Paulo,SP,2023-07-02,15.2,20.2,12.8,0.0,0.0,0.0,16.6,8.2,86
sao_paulo,Sao Paulo,SP,2023-07-03,14.1,19.1,10.4,0.1,0.1,1.0,18.0,11.9,83
sao_paulo,Sao Paulo,SP,2023-07-04,12.9,20.0,7.8,0.0,0.0,0.0,16.6,10.3,82
sao_paulo,Sao Paulo,SP,2023-07-05,14.1,22.3,6.9,0.0,0.0,0.0,14.3,8.4,74
sao_paulo,Sao Paulo,SP,2023-07-06,14.9,22.3,7.6,0.0,0.0,0.0,13.8,8.9,65
sao_paulo,Sao Paulo,SP,2023-07-07,16.2,23.2,9.5,0.0,0.0,0.0,16.0,10.5,60
sao_paulo,Sao Paulo,SP,2023-07-08,17.7,25.0,9.8,3.0,3.0,2.0,29.3,15.3,58
sao_paulo,Sao Paulo,SP,2023-07-09,16.2,18.3,13.8,10.9,10.9,13.0,9.4,5.0,88
sao_paulo,Sao Paulo,SP,2023-07-10,17.6,23.4,13.4,0.4,0.4,1.0,16.6,8.8,85
sao_paulo,Sao Paulo,SP,2023-07-11,18.9,25.9,13.6,0.0,0.0,0.0,16.8,9.1,79
sao_paulo,Sao Paulo,SP,2023-07-12,20.0,26.8,14.7,0.0,0.0,0.0,27.4,13.3,70
sao_paulo,Sao Paulo,SP,2023-07-13,19.9,23.2,16.0,0.0,0.0,0.0,43.1,28.7,49
sao_paulo,Sao Paulo,SP,2023-07-14,12.3,16.2,8.8,0.0,0.0,0.0,16.2,10.8,69
sao_paulo,Sao Paulo,SP,2023-07-15,12.7,18.4,9.1,0.0,0.0,0.0,18.1,10.4,81
sao_paulo,Sao Paulo,SP,2023-07-16,15.2,23.7,9.3,0.0,0.0,0.0,14.2,6.9,72
sao_paulo,Sao Paulo,SP,2023-07-17,16.7,23.5,12.3,0.0,0.0,0.0,15.4,7.2,76
sao_paulo,Sao Paulo,SP,2023-07-18,15.3,18.2,13.8,0.7,0.7,7.0,20.1,11.7,92
sao_paulo,Sao Paulo,SP,2023-07-19,14.9,17.0,13.6,2.7,2.7,8.0,21.1,16.9,89
sao_paulo,Sao Paulo,SP,2023-07-20,15.8,21.4,13.3,0.0,0.0,0.0,25.8,18.1,83
sao_paulo,Sao Paulo,SP,2023-07-21,16.3,22.5,12.9,0.0,0.0,0.0,18.8,12.4,85
sao_paulo,Sao Paulo,SP,2023-07-22,16.3,22.2,12.5,0.0,0.0,0.0,14.0,9.8,81
sao_paulo,Sao Paulo,SP,2023-07-23,17.4,24.8,10.1,0.0,0.0,0.0,9.7,7.1,69
sao_paulo,Sao Paulo,SP,2023-07-24,18.5,25.2,12.8,0.0,0.0,0.0,12.1,7.3,65
sao_paulo,Sao Paulo,SP,2023-07-25,18.8,25.4,12.9,0.0,0.0,0.0,11.2,7.3,63
sao_paulo,Sao Paulo,SP,2023-07-26,19.3,26.5,12.4,0.0,0.0,0.0,16.5,9.0,64
sao_paulo,Sao Paulo,SP,2023-07-27,17.6,24.9,12.6,0.2,0.2,2.0,19.2,9.7,77
sao_paulo,Sao Paulo,SP,2023-07-28,19.4,26.9,14.9,1.1,1.1,2.0,21.7,10.9,76
sao_paulo,Sao Paulo,SP,2023-07-29,14.7,16.5,12.7,0.3,0.3,3.0,21.2,17.7,85
sao_paulo,Sao Paulo,SP,2023-07-30,14.7,19.9,12.4,0.0,0.0,0.0,15.1,11.7,83
sao_paulo,Sao Paulo,SP,2023-07-31,16.7,23.9,12.4,0.0,0.0,0.0,12.3,8.0,82
sao_paulo,Sao Paulo,SP,2023-08-01,17.1,23.0,14.1,0.0,0.0,0.0,14.9,9.0,85
sao_paulo,Sao Paulo,SP,2023-08-02,18.9,27.2,12.9,0.0,0.0,0.0,8.4,6.3,71
sao_paulo,Sao Paulo,SP,2023-08-03,18.5,27.1,12.0,0.0,0.0,0.0,19.2,8.5,63
sao_paulo,Sao Paulo,SP,2023-08-04,16.3,23.6,10.0,0.0,0.0,0.0,10.7,5.9,81
sao_paulo,Sao Paulo,SP,2023-08-05,17.8,26.5,12.1,0.0,0.0,0.0,16.1,6.0,71
sao_paulo,Sao Paulo,SP,2023-08-06,19.5,29.0,11.8,0.0,0.0,0.0,11.4,7.6,59
sao_paulo,Sao Paulo,SP,2023-08-07,21.8,29.0,15.4,0.0,0.0,0.0,25.9,15.2,46
sao_paulo,Sao Paulo,SP,2023-08-08,16.7,19.3,15.4,0.7,0.7,5.0,22.7,18.1,86
sao_paulo,Sao Paulo,SP,2023-08-09,18.0,26.4,14.7,15.6,15.6,8.0,27.7,16.6,83
sao_paulo,Sao Paulo,SP,2023-08-10,19.4,27.2,13.9,0.1,0.1,1.0,13.7,9.3,77
sao_paulo,Sao Paulo,SP,2023-08-11,20.2,28.9,15.5,0.0,0.0,0.0,19.8,12.3,68
sao_paulo,Sao Paulo,SP,2023-08-12,18.1,26.1,13.6,0.7,0.7,4.0,19.4,8.8,82
sao_paulo,Sao Paulo,SP,2023-08-13,15.2,17.0,13.1,0.2,0.2,2.0,22.9,16.8,90
sao_paulo,Sao Paulo,SP,2023-08-14,15.6,19.2,13.1,0.0,0.0,0.0,16.4,12.4,90
sao_paulo,Sao Paulo,SP,2023-08-15,18.0,23.8,15.4,0.0,0.0,0.0,19.5,11.3,87
sao_paulo,Sao Paulo,SP,2023-08-16,19.3,24.6,16.0,0.1,0.1,1.0,13.9,9.1,85
sao_paulo,Sao Paulo,SP,2023-08-17,19.8,26.4,13.8,0.0,0.0,0.0,12.8,7.2,71
sao_paulo,Sao Paulo,SP,2023-08-18,21.3,27.5,15.8,0.0,0.0,0.0,21.7,12.9,57
sao_paulo,Sao Paulo,SP,2023-08-19,20.3,24.6,16.3,0.0,0.0,0.0,25.8,14.7,61
sao_paulo,Sao Paulo,SP,2023-08-20,18.7,24.9,13.3,0.0,0.0,0.0,18.1,9.4,71
sao_paulo,Sao Paulo,SP,2023-08-21,19.7,25.4,15.6,0.0,0.0,0.0,25.4,16.5,65
sao_paulo,Sao Paulo,SP,2023-08-22,20.6,28.8,12.2,0.0,0.0,0.0,21.3,12.5,55
sao_paulo,Sao Paulo,SP,2023-08-23,24.6,31.5,18.5,0.0,0.0,0.0,28.9,17.5,40
sao_paulo,Sao Paulo,SP,2023-08-24,25.1,31.3,20.1,0.2,0.2,1.0,33.7,18.0,41
sao_paulo,Sao Paulo,SP,2023-08-25,18.0,24.1,14.2,4.3,4.3,4.0,25.3,13.5,84
sao_paulo,Sao Paulo,SP,2023-08-26,13.2,14.7,11.6,6.6,6.6,19.0,23.9,20.3,90
sao_paulo,Sao Paulo,SP,2023-08-27,11.5,12.9,10.9,5.0,5.0,18.0,20.7,17.6,90
sao_paulo,Sao Paulo,SP,2023-08-28,12.8,15.1,11.1,0.6,0.6,5.0,18.4,14.6,91
sao_paulo,Sao Paulo,SP,2023-08-29,14.6,20.1,10.8,1.0,1.0,5.0,19.6,10.9,89
sao_paulo,Sao Paulo,SP,2023-08-30,16.4,24.1,12.4,0.0,0.0,0.0,20.0,7.9,85
sao_paulo,Sao Paulo,SP,2023-08-31,16.1,23.8,10.9,0.0,0.0,0.0,16.1,6.5,81
sao_paulo,Sao Paulo,SP,2023-09-01,16.0,25.5,8.0,0.0,0.0,0.0,18.9,8.2,86
sao_paulo,Sao Paulo,SP,2023-09-02,21.1,29.1,15.3,6.0,6.0,7.0,24.3,12.8,77
sao_paulo,Sao Paulo,SP,2023-09-03,23.5,29.4,18.2,3.7,3.7,8.0,22.7,12.2,74
sao_paulo,Sao Paulo,SP,2023-09-04,25.0,30.6,18.9,0.0,0.0,0.0,30.8,15.6,65
sao_paulo,Sao Paulo,SP,2023-09-05,20.0,24.4,15.4,0.5,0.5,3.0,23.0,17.3,80
sao_paulo,Sao Paulo,SP,2023-09-06,16.5,19.8,14.9,1.1,1.1,10.0,25.2,20.9,85
sao_paulo,Sao Paulo,SP,2023-09-07,18.0,25.1,14.6,0.0,0.0,0.0,22.6,16.0,80
sao_paulo,Sao Paulo,SP,2023-09-08,21.4,29.1,14.8,0.0,0.0,0.0,23.4,12.0,65
sao_paulo,Sao Paulo,SP,2023-09-09,21.3,26.6,16.2,0.4,0.4,2.0,29.2,12.3,63
sao_paulo,Sao Paulo,SP,2023-09-10,19.5,26.2,14.9,0.0,0.0,0.0,17.9,10.5,80
sao_paulo,Sao Paulo,SP,2023-09-11,21.5,28.4,16.1,0.0,0.0,0.0,14.3,9.7,74
sao_paulo,Sao Paulo,SP,2023-09-12,23.7,29.8,16.1,0.0,0.0,0.0,15.9,9.9,42
sao_paulo,Sao Paulo,SP,2023-09-13,24.7,32.5,14.7,0.0,0.0,0.0,25.9,14.2,43
sao_paulo,Sao Paulo,SP,2023-09-14,19.3,25.5,12.9,6.5,6.5,9.0,25.3,15.4,76
sao_paulo,Sao Paulo,SP,2023-09-15,15.0,21.5,11.9,0.3,0.3,3.0,25.4,12.9,83
sao_paulo,Sao Paulo,SP,2023-09-16,19.3,28.0,12.6,0.0,0.0,0.0,20.1,9.7,74
sao_paulo,Sao Paulo,SP,2023-09-17,22.3,31.0,15.1,0.0,0.0,0.0,15.4,8.5,68
sao_paulo,Sao Paulo,SP,2023-09-18,23.9,31.3,17.0,0.0,0.0,0.0,16.0,8.5,61
sao_paulo,Sao Paulo,SP,2023-09-19,23.1,30.5,17.5,0.0,0.0,0.0,17.4,8.0,64
sao_paulo,Sao Paulo,SP,2023-09-20,21.0,29.9,14.9,0.0,0.0,0.0,17.1,9.4,76
sao_paulo,Sao Paulo,SP,2023-09-21,21.3,31.5,15.6,0.2,0.2,2.0,19.4,8.1,79
sao_paulo,Sao Paulo,SP,2023-09-22,24.3,33.9,17.7,0.0,0.0,0.0,19.8,9.5,68
sao_paulo,Sao Paulo,SP,2023-09-23,23.8,33.0,16.1,0.2,0.2,1.0,18.5,6.8,70
sao_paulo,Sao Paulo,SP,2023-09-24,27.1,35.7,18.2,0.0,0.0,0.0,18.1,9.7,53
sao_paulo,Sao Paulo,SP,2023-09-25,22.6,31.7,19.0,1.0,1.0,1.0,20.3,12.0,80
sao_paulo,Sao Paulo,SP,2023-09-26,26.0,34.2,18.9,2.9,2.9,3.0,22.3,11.7,64
sao_paulo,Sao Paulo,SP,2023-09-27,25.0,31.1,17.0,9.0,9.0,9.0,39.0,19.9,66
sao_paulo,Sao Paulo,SP,2023-09-28,15.4,16.8,14.0,8.3,8.3,14.0,24.5,21.2,85
sao_paulo,Sao Paulo,SP,2023-09-29,17.1,22.5,13.5,0.0,0.0,0.0,20.5,14.6,82
sao_paulo,Sao Paulo,SP,2023-09-30,19.9,28.8,15.3,9.5,9.5,7.0,25.6,11.5,85
sao_paulo,Sao Paulo,SP,2023-10-01,19.7,23.4,16.5,49.3,49.3,22.0,22.9,14.2,91
sao_paulo,Sao Paulo,SP,2023-10-02,18.0,23.9,15.5,1.2,1.2,4.0,18.5,8.9,92
sao_paulo,Sao Paulo,SP,2023-10-03,20.0,26.1,15.9,0.1,0.1,1.0,12.0,8.3,88
sao_paulo,Sao Paulo,SP,2023-10-04,23.2,28.1,18.3,0.4,0.4,2.0,27.1,11.9,79
sao_paulo,Sao Paulo,SP,2023-10-05,21.9,28.2,17.4,3.1,3.1,7.0,25.0,13.4,84
sao_paulo,Sao Paulo,SP,2023-10-06,23.9,30.1,17.3,0.0,0.0,0.0,20.3,9.6,80
sao_paulo,Sao Paulo,SP,2023-10-07,24.6,29.6,20.1,1.9,1.9,3.0,34.5,16.6,76
sao_paulo,Sao Paulo,SP,2023-10-08,22.0,26.7,19.8,30.6,30.6,24.0,14.9,9.5,88
sao_paulo,Sao Paulo,SP,2023-10-09,19.9,22.9,15.8,19.3,19.3,17.0,19.0,13.5,87
sao_paulo,Sao Paulo,SP,2023-10-10,18.5,23.9,15.8,0.4,0.4,4.0,21.9,14.8,85
sao_paulo,Sao Paulo,SP,2023-10-11,22.5,30.5,15.8,0.0,0.0,0.0,21.3,12.3,76
sao_paulo,Sao Paulo,SP,2023-10-12,22.6,29.5,18.2,13.3,13.3,12.0,22.9,11.6,82
sao_paulo,Sao Paulo,SP,2023-10-13,16.4,18.3,13.9,4.9,4.9,20.0,21.6,17.4,91
sao_paulo,Sao Paulo,SP,2023-10-14,15.9,19.2,13.9,1.1,1.1,6.0,20.9,17.3,90
sao_paulo,Sao Paulo,SP,2023-10-15,18.0,23.4,14.9,0.0,0.0,0.0,17.9,13.7,89
sao_paulo,Sao Paulo,SP,2023-10-16,22.7,30.1,17.1,0.0,0.0,0.0,14.3,9.2,81
sao_paulo,Sao Paulo,SP,2023-10-17,20.9,24.9,18.5,7.6,7.6,10.0,25.1,12.4,88
sao_paulo,Sao Paulo,SP,2023-10-18,18.8,22.8,16.4,1.5,1.5,10.0,21.6,13.9,88
sao_paulo,Sao Paulo,SP,2023-10-19,17.2,20.2,15.4,0.9,0.9,8.0,19.7,16.4,88
sao_paulo,Sao Paulo,SP,2023-10-20,16.7,20.8,14.9,0.4,0.4,4.0,22.3,14.1,90
sao_paulo,Sao Paulo,SP,2023-10-21,17.4,21.9,15.2,1.2,1.2,7.0,21.4,14.1,88
sao_paulo,Sao Paulo,SP,2023-10-22,18.6,25.5,15.1,0.0,0.0,0.0,19.8,12.6,86
sao_paulo,Sao Paulo,SP,2023-10-23,20.9,30.4,15.8,0.0,0.0,0.0,22.5,10.1,84
sao_paulo,Sao Paulo,SP,2023-10-24,24.1,31.7,18.1,2.7,2.7,3.0,26.3,10.9,73
sao_paulo,Sao Paulo,SP,2023-10-25,20.2,23.8,17.2,5.1,5.1,11.0,17.4,10.0,87
sao_paulo,Sao Paulo,SP,2023-10-26,19.1,23.8,16.4,14.3,14.3,16.0,17.9,10.2,89
sao_paulo,Sao Paulo,SP,2023-10-27,20.0,26.3,16.1,4.6,4.6,9.0,17.9,10.4,89
sao_paulo,Sao Paulo,SP,2023-10-28,23.4,27.4,18.9,0.4,0.4,2.0,32.0,17.3,77
sao_paulo,Sao Paulo,SP,2023-10-29,23.4,27.4,20.9,13.7,13.7,12.0,33.7,19.5,81
sao_paulo,Sao Paulo,SP,2023-10-30,23.5,28.0,20.3,2.2,2.2,3.0,19.7,11.7,81
sao_paulo,Sao Paulo,SP,2023-10-31,22.6,28.2,19.4,8.2,8.2,8.0,26.2,9.6,84
sao_paulo,Sao Paulo,SP,2023-11-01,19.2,21.8,16.0,8.2,8.2,15.0,23.6,15.5,90
sao_paulo,Sao Paulo,SP,2023-11-02,18.4,22.5,15.5,0.3,0.3,3.0,20.6,13.5,87
sao_paulo,Sao Paulo,SP,2023-11-03,22.4,29.6,16.5,12.4,12.4,6.0,32.9,17.7,82
sao_paulo,Sao Paulo,SP,2023-11-04,20.9,25.4,15.4,1.0,1.0,6.0,23.0,15.2,72
sao_paulo,Sao Paulo,SP,2023-11-05,16.8,22.4,12.9,0.0,0.0,0.0,20.5,11.9,80
sao_paulo,Sao Paulo,SP,2023-11-06,16.1,22.4,12.1,0.0,0.0,0.0,22.4,14.3,81
sao_paulo,Sao Paulo,SP,2023-11-07,17.9,25.6,12.5,0.0,0.0,0.0,18.4,12.9,81
sao_paulo,Sao Paulo,SP,2023-11-08,22.2,31.0,13.4,0.0,0.0,0.0,13.2,9.1,68
sao_paulo,Sao Paulo,SP,2023-11-09,24.1,31.6,15.9,0.6,0.6,4.0,18.8,9.1,64
sao_paulo,Sao Paulo,SP,2023-11-10,22.3,30.0,18.4,10.0,10.0,4.0,15.6,10.2,83
sao_paulo,Sao Paulo,SP,2023-11-11,26.3,33.2,19.5,0.0,0.0,0.0,21.8,11.0,64
sao_paulo,Sao Paulo,SP,2023-11-12,27.7,35.2,20.9,0.0,0.0,0.0,17.1,9.5,52
sao_paulo,Sao Paulo,SP,2023-11-13,28.4,36.5,21.2,0.0,0.0,0.0,21.7,11.4,54
sao_paulo,Sao Paulo,SP,2023-11-14,26.0,36.0,20.2,1.8,1.8,5.0,28.5,14.0,70
sao_paulo,Sao Paulo,SP,2023-11-15,26.8,34.2,20.8,3.4,3.4,3.0,23.5,13.4,63
sao_paulo,Sao Paulo,SP,2023-11-16,26.1,31.5,19.0,1.4,1.4,3.0,29.5,12.6,65
sao_paulo,Sao Paulo,SP,2023-11-17,28.0,34.6,20.9,0.2,0.2,1.0,21.1,10.8,58
sao_paulo,Sao Paulo,SP,2023-11-18,28.0,33.5,22.5,7.3,7.3,6.0,32.7,16.8,60
sao_paulo,Sao Paulo,SP,2023-11-19,22.2,26.1,18.6,8.5,8.5,13.0,21.9,13.3,85
sao_paulo,Sao Paulo,SP,2023-11-20,20.9,25.4,18.5,3.3,3.3,8.0,23.3,15.0,86
sao_paulo,Sao Paulo,SP,2023-11-21,22.6,29.4,18.1,8.8,8.8,8.0,15.8,11.3,82
sao_paulo,Sao Paulo,SP,2023-11-22,24.5,28.6,20.4,4.8,4.8,6.0,26.1,14.6,77
sao_paulo,Sao Paulo,SP,2023-11-23,23.0,27.2,20.0,21.9,21.9,13.0,24.7,16.3,82
sao_paulo,Sao Paulo,SP,2023-11-24,18.1,19.9,15.0,8.4,8.4,17.0,27.4,18.9,87
sao_paulo,Sao Paulo,SP,2023-11-25,16.0,19.2,14.4,1.7,1.7,8.0,18.2,14.4,84
sao_paulo,Sao Paulo,SP,2023-11-26,18.4,22.6,14.9,2.0,2.0,8.0,19.2,12.2,86
sao_paulo,Sao Paulo,SP,2023-11-27,20.4,25.4,17.0,14.6,14.6,12.0,14.7,9.1,87
sao_paulo,Sao Paulo,SP,2023-11-28,22.2,28.4,18.0,9.2,9.2,9.0,19.2,9.6,84
sao_paulo,Sao Paulo,SP,2023-11-29,22.2,26.4,19.5,6.6,6.6,7.0,29.6,18.6,82
sao_paulo,Sao Paulo,SP,2023-11-30,22.9,27.6,19.5,0.6,0.6,5.0,21.9,15.2,83
sao_paulo,Sao Paulo,SP,2023-12-01,22.7,28.8,19.5,0.2,0.2,2.0,19.0,7.5,85
sao_paulo,Sao Paulo,SP,2023-12-02,23.5,31.0,17.9,0.0,0.0,0.0,16.9,6.0,79
sao_paulo,Sao Paulo,SP,2023-12-03,24.2,32.2,18.1,0.0,0.0,0.0,21.1,6.7,77
sao_paulo,Sao Paulo,SP,2023-12-04,23.3,30.5,18.5,0.3,0.3,3.0,22.1,9.4,80
sao_paulo,Sao Paulo,SP,2023-12-05,22.8,27.7,20.0,3.1,3.1,9.0,19.8,9.6,81
sao_paulo,Sao Paulo,SP,2023-12-06,24.1,29.7,19.1,1.2,1.2,1.0,16.4,7.9,80
sao_paulo,Sao Paulo,SP,2023-12-07,25.9,32.2,21.2,17.2,17.2,4.0,19.5,11.0,69
sao_paulo,Sao Paulo,SP,2023-12-08,22.7,30.0,18.6,7.8,7.8,13.0,26.6,14.1,80
sao_paulo,Sao Paulo,SP,2023-12-09,19.1,21.4,17.2,1.2,1.2,10.0,23.3,17.4,86
sao_paulo,Sao Paulo,SP,2023-12-10,19.7,25.3,15.1,0.7,0.7,5.0,20.8,13.2,83
sao_paulo,Sao Paulo,SP,2023-12-11,20.7,26.4,17.1,8.5,8.5,15.0,24.7,13.3,85
sao_paulo,Sao Paulo,SP,2023-12-12,19.3,23.5,16.5,0.4,0.4,3.0,19.3,12.4,84
sao_paulo,Sao Paulo,SP,2023-12-13,20.8,29.0,15.8,0.0,0.0,0.0,21.4,9.5,81
sao_paulo,Sao Paulo,SP,2023-12-14,23.0,31.5,17.5,0.0,0.0,0.0,20.5,10.4,80
sao_paulo,Sao Paulo,SP,2023-12-15,24.6,32.9,19.3,0.0,0.0,0.0,23.1,8.5,77
sao_paulo,Sao Paulo,SP,2023-12-16,24.8,31.8,19.3,0.8,0.8,3.0,14.7,7.4,76
sao_paulo,Sao Paulo,SP,2023-12-17,24.6,30.5,20.4,1.2,1.2,5.0,17.3,9.4,75
sao_paulo,Sao Paulo,SP,2023-12-18,23.3,30.9,18.8,0.1,0.1,1.0,23.4,10.2,77
sao_paulo,Sao Paulo,SP,2023-12-19,22.3,30.6,17.4,1.1,1.1,1.0,27.2,13.7,76
sao_paulo,Sao Paulo,SP,2023-12-20,21.2,28.7,16.1,0.0,0.0,0.0,27.4,15.3,75
sao_paulo,Sao Paulo,SP,2023-12-21,22.5,29.6,17.0,3.4,3.4,9.0,18.1,11.3,74
sao_paulo,Sao Paulo,SP,2023-12-22,23.9,31.2,19.0,9.0,9.0,9.0,19.4,10.6,79
sao_paulo,Sao Paulo,SP,2023-12-23,23.2,29.1,19.1,11.5,11.5,11.0,17.3,8.9,81
sao_paulo,Sao Paulo,SP,2023-12-24,24.0,28.6,20.1,0.8,0.8,8.0,21.6,12.3,77
sao_paulo,Sao Paulo,SP,2023-12-25,25.5,31.5,18.9,0.0,0.0,0.0,21.2,12.2,66
sao_paulo,Sao Paulo,SP,2023-12-26,22.7,26.2,18.9,11.4,11.4,8.0,22.7,13.0,79
sao_paulo,Sao Paulo,SP,2023-12-27,20.2,25.4,16.4,0.2,0.2,2.0,22.9,14.2,78
sao_paulo,Sao Paulo,SP,2023-12-28,21.7,30.5,15.0,0.0,0.0,0.0,20.4,10.6,76
sao_paulo,Sao Paulo,SP,2023-12-29,25.9,34.0,16.4,0.0,0.0,0.0,25.4,12.0,61
sao_paulo,Sao Paulo,SP,2023-12-30,21.8,24.4,19.0,1.0,1.0,7.0,24.8,16.6,75
sao_paulo,Sao Paulo,SP,2023-12-31,20.6,26.2,15.9,1.1,1.1,5.0,24.2,15.5,71
sao_paulo,Sao Paulo,SP,2024-01-01,21.3,26.9,17.2,0.3,0.3,3.0,21.0,14.7,73
sao_paulo,Sao Paulo,SP,2024-01-02,22.0,28.5,17.5,2.5,2.5,9.0,19.7,11.8,77
sao_paulo,Sao Paulo,SP,2024-01-03,22.0,28.9,18.9,32.7,32.7,7.0,16.6,9.6,86
sao_paulo,Sao Paulo,SP,2024-01-04,21.5,25.1,19.4,3.4,3.4,21.0,26.1,16.0,88
sao_paulo,Sao Paulo,SP,2024-01-05,21.0,25.0,18.7,1.5,1.5,7.0,22.7,12.5,86
sao_paulo,Sao Paulo,SP,2024-01-06,21.4,26.4,18.2,0.3,0.3,3.0,18.3,10.3,83
sao_paulo,Sao Paulo,SP,2024-01-07,22.8,29.7,16.9,0.4,0.4,3.0,17.4,9.8,80
sao_paulo,Sao Paulo,SP,2024-01-08,25.3,31.8,19.3,0.2,0.2,1.0,18.2,9.0,70
sao_paulo,Sao Paulo,SP,2024-01-09,24.8,31.5,19.4,1.2,1.2,2.0,13.9,6.6,72
sao_paulo,Sao Paulo,SP,2024-01-10,24.1,30.7,18.8,17.5,17.5,8.0,15.1,7.9,77
sao_paulo,Sao Paulo,SP,2024-01-11,25.0,30.2,21.1,8.0,8.0,10.0,25.5,13.5,74
sao_paulo,Sao Paulo,SP,2024-01-12,22.7,25.6,20.8,18.0,18.0,11.0,22.2,14.4,85
sao_paulo,Sao Paulo,SP,2024-01-13,20.3,22.6,18.0,22.4,22.4,15.0,23.6,18.0,89
sao_paulo,Sao Paulo,SP,2024-01-14,22.3,28.8,16.1,0.5,0.5,4.0,10.5,7.7,82
sao_paulo,Sao Paulo,SP,2024-01-15,24.6,29.2,20.2,0.0,0.0,0.0,24.5,12.8,75
sao_paulo,Sao Paulo,SP,2024-01-16,25.6,30.6,21.0,1.2,1.2,7.0,22.5,12.8,70
sao_paulo,Sao Paulo,SP,2024-01-17,25.6,31.8,21.4,1.0,1.0,3.0,22.8,10.7,73
sao_paulo,Sao Paulo,SP,2024-01-18,25.3,31.9,20.0,0.4,0.4,2.0,17.6,9.1,78
sao_paulo,Sao Paulo,SP,2024-01-19,24.5,29.6,21.2,17.3,17.3,11.0,23.9,12.3,81
sao_paulo,Sao Paulo,SP,2024-01-20,23.4,29.0,21.1,7.7,7.7,14.0,26.9,19.3,84
sao_paulo,Sao Paulo,SP,2024-01-21,22.0,25.8,19.6,9.1,9.1,20.0,26.3,18.0,87
sao_paulo,Sao Paulo,SP,2024-01-22,20.4,24.5,18.1,0.9,0.9,7.0,22.8,15.5,86
sao_paulo,Sao Paulo,SP,2024-01-23,18.4,20.2,16.5,11.1,11.1,17.0,27.5,15.9,92
sao_paulo,Sao Paulo,SP,2024-01-24,18.2,22.8,13.9,10.8,10.8,10.0,21.0,14.0,88
sao_paulo,Sao Paulo,SP,2024-01-25,18.1,21.2,16.3,11.1,11.1,17.0,28.5,19.3,90
sao_paulo,Sao Paulo,SP,2024-01-26,18.2,21.6,15.9,2.2,2.2,15.0,22.6,16.3,87
sao_paulo,Sao Paulo,SP,2024-01-27,19.7,24.1,17.0,2.3,2.3,9.0,15.9,9.2,87
sao_paulo,Sao Paulo,SP,2024-01-28,20.1,25.1,17.0,5.3,5.3,8.0,15.1,8.7,88
sao_paulo,Sao Paulo,SP,2024-01-29,22.1,27.6,17.0,0.2,0.2,1.0,23.3,10.3,80
sao_paulo,Sao Paulo,SP,2024-01-30,23.2,28.5,17.2,0.3,0.3,3.0,16.9,9.0,73
sao_paulo,Sao Paulo,SP,2024-01-31,22.1,27.3,18.4,6.9,6.9,5.0,12.7,5.2,82
sao_paulo,Sao Paulo,SP,2024-02-01,20.5,25.0,17.4,3.6,3.6,7.0,17.1,8.0,87
sao_paulo,Sao Paulo,SP,2024-02-02,20.2,25.1,18.0,13.7,13.7,8.0,16.0,10.3,90
sao_paulo,Sao Paulo,SP,2024-02-03,21.5,25.1,17.8,0.3,0.3,2.0,12.0,8.2,86
sao_paulo,Sao Paulo,SP,2024-02-04,21.7,27.2,18.2,5.4,5.4,5.0,25.3,6.4,85
sao_paulo,Sao Paulo,SP,2024-02-05,21.9,27.8,15.8,0.2,0.2,2.0,16.1,7.1,79
sao_paulo,Sao Paulo,SP,2024-02-06,22.0,27.5,16.6,0.3,0.3,3.0,17.1,7.6,78
sao_paulo,Sao Paulo,SP,2024-02-07,22.5,29.6,17.2,0.0,0.0,0.0,23.5,7.8,82
sao_paulo,Sao Paulo,SP,2024-02-08,22.4,29.0,17.1,0.0,0.0,0.0,20.2,7.4,81
sao_paulo,Sao Paulo,SP,2024-02-09,23.2,30.6,18.1,0.0,0.0,0.0,22.9,10.0,80
sao_paulo,Sao Paulo,SP,2024-02-10,23.5,30.4,19.0,0.0,0.0,0.0,22.3,12.3,77
sao_paulo,Sao Paulo,SP,2024-02-11,23.9,30.6,18.1,0.1,0.1,1.0,22.6,7.6,76
sao_paulo,Sao Paulo,SP,2024-02-12,24.6,30.5,20.5,2.1,2.1,4.0,23.2,13.8,73
sao_paulo,Sao Paulo,SP,2024-02-13,25.3,32.7,21.1,17.1,17.1,6.0,28.9,15.8,69
sao_paulo,Sao Paulo,SP,2024-02-14,21.8,24.5,19.6,28.7,28.7,20.0,19.3,13.7,89
sao_paulo,Sao Paulo,SP,2024-02-15,19.8,21.9,18.0,8.5,8.5,18.0,20.9,15.6,91
sao_paulo,Sao Paulo,SP,2024-02-16,20.0,25.0,16.2,0.3,0.3,3.0,19.0,8.0,86
sao_paulo,Sao Paulo,SP,2024-02-17,20.0,26.0,16.0,4.1,4.1,7.0,15.7,6.5,88
sao_paulo,Sao Paulo,SP,2024-02-18,20.5,26.0,17.4,6.3,6.3,7.0,14.2,5.9,89
sao_paulo,Sao Paulo,SP,2024-02-19,21.6,27.3,18.6,2.1,2.1,6.0,16.9,8.3,84
sao_paulo,Sao Paulo,SP,2024-02-20,20.5,24.5,17.9,26.8,26.8,14.0,15.9,8.7,90
sao_paulo,Sao Paulo,SP,2024-02-21,20.8,25.8,18.5,23.4,23.4,15.0,22.4,9.2,89
sao_paulo,Sao Paulo,SP,2024-02-22,22.5,27.9,18.3,2.8,2.8,7.0,17.1,9.6,84
sao_paulo,Sao Paulo,SP,2024-02-23,23.8,29.5,20.3,5.8,5.8,9.0,18.4,10.5,79
sao_paulo,Sao Paulo,SP,2024-02-24,23.3,28.6,20.4,6.1,6.1,8.0,16.6,8.5,85
sao_paulo,Sao Paulo,SP,2024-02-25,22.7,27.2,20.2,3.1,3.1,6.0,18.9,9.7,90
sao_paulo,Sao Paulo,SP,2024-02-26,22.5,26.2,19.7,2.3,2.3,9.0,19.1,11.6,88
sao_paulo,Sao Paulo,SP,2024-02-27,24.5,29.8,19.7,0.0,0.0,0.0,21.7,11.3,80
sao_paulo,Sao Paulo,SP,2024-02-28,24.2,29.6,21.5,5.3,5.3,6.0,19.9,10.0,83
sao_paulo,Sao Paulo,SP,2024-02-29,23.6,29.2,20.5,6.3,6.3,11.0,15.9,7.4,89
sao_paulo,Sao Paulo,SP,2024-03-01,22.5,26.9,20.2,8.0,8.0,13.0,20.9,11.2,90
sao_paulo,Sao Paulo,SP,2024-03-02,20.9,26.3,17.9,0.0,0.0,0.0,18.4,11.7,84
sao_paulo,Sao Paulo,SP,2024-03-03,22.3,29.2,17.2,0.0,0.0,0.0,16.6,8.4,82
sao_paulo,Sao Paulo,SP,2024-03-04,23.3,29.4,17.5,0.0,0.0,0.0,18.4,8.7,79
sao_paulo,Sao Paulo,SP,2024-03-05,22.9,28.2,19.9,24.3,24.3,11.0,21.2,9.7,86
sao_paulo,Sao Paulo,SP,2024-03-06,21.2,24.5,19.4,17.5,17.5,18.0,19.7,10.2,90
sao_paulo,Sao Paulo,SP,2024-03-07,22.0,26.7,19.2,2.6,2.6,6.0,19.8,12.5,88
sao_paulo,Sao Paulo,SP,2024-03-08,22.7,27.5,20.0,10.4,10.4,6.0,20.3,11.1,86
sao_paulo,Sao Paulo,SP,2024-03-09,23.9,28.2,20.4,3.2,3.2,10.0,25.1,12.7,85
sao_paulo,Sao Paulo,SP,2024-03-10,23.1,26.9,20.5,3.5,3.5,14.0,17.4,12.5,88
sao_paulo,Sao Paulo,SP,2024-03-11,21.5,26.6,17.4,0.2,0.2,2.0,19.7,11.5,84
sao_paulo,Sao Paulo,SP,2024-03-12,20.1,27.0,16.3,0.0,0.0,0.0,22.0,8.9,86
sao_paulo,Sao Paulo,SP,2024-03-13,22.7,30.2,18.5,0.0,0.0,0.0,20.4,9.9,86
sao_paulo,Sao Paulo,SP,2024-03-14,24.2,30.5,19.4,0.0,0.0,0.0,16.3,8.4,82
sao_paulo,Sao Paulo,SP,2024-03-15,25.3,31.8,19.5,0.0,0.0,0.0,16.1,7.8,77
sao_paulo,Sao Paulo,SP,2024-03-16,25.9,30.7,20.6,0.0,0.0,0.0,16.7,7.4,71
sao_paulo,Sao Paulo,SP,2024-03-17,25.8,31.5,22.0,9.9,9.9,6.0,20.7,11.4,73
sao_paulo,Sao Paulo,SP,2024-03-18,23.6,29.3,20.0,9.5,9.5,6.0,18.8,6.6,86
sao_paulo,Sao Paulo,SP,2024-03-19,23.7,29.8,20.0,1.0,1.0,4.0,20.4,7.5,87
sao_paulo,Sao Paulo,SP,2024-03-20,24.5,29.8,20.0,0.5,0.5,2.0,13.6,7.6,82
sao_paulo,Sao Paulo,SP,2024-03-21,25.3,30.8,22.1,10.3,10.3,5.0,29.6,16.1,77
sao_paulo,Sao Paulo,SP,2024-03-22,19.9,22.2,17.1,5.6,5.6,20.0,28.5,20.4,92
sao_paulo,Sao Paulo,SP,2024-03-23,17.7,19.5,16.6,9.1,9.1,24.0,26.0,19.1,91
sao_paulo,Sao Paulo,SP,2024-03-24,19.2,23.6,16.5,11.2,11.2,14.0,16.3,12.5,88
sao_paulo,Sao Paulo,SP,2024-03-25,20.2,25.9,16.8,0.3,0.3,3.0,20.0,8.8,88
sao_paulo,Sao Paulo,SP,2024-03-26,19.3,25.1,15.2,0.8,0.8,4.0,19.5,9.7,87
sao_paulo,Sao Paulo,SP,2024-03-27,19.2,22.1,17.2,1.1,1.1,7.0,15.8,11.2,87
sao_paulo,Sao Paulo,SP,2024-03-28,19.1,22.0,17.2,8.5,8.5,17.0,12.1,8.8,92
sao_paulo,Sao Paulo,SP,2024-03-29,20.3,25.9,16.5,4.6,4.6,8.0,12.9,7.1,89
sao_paulo,Sao Paulo,SP,2024-03-30,20.7,25.9,17.4,0.3,0.3,3.0,16.6,9.1,87
sao_paulo,Sao Paulo,SP,2024-03-31,20.1,26.6,15.1,0.0,0.0,0.0,15.1,4.4,82
sao_paulo,Sao Paulo,SP,2024-04-01,20.2,26.4,15.7,0.0,0.0,0.0,17.0,8.1,77
sao_paulo,Sao Paulo,SP,2024-04-02,22.0,27.1,17.3,0.1,0.1,1.0,10.6,7.0,76
sao_paulo,Sao Paulo,SP,2024-04-03,21.6,27.6,17.1,0.0,0.0,0.0,15.9,6.5,83
sao_paulo,Sao Paulo,SP,2024-04-04,22.2,28.9,17.5,0.0,0.0,0.0,15.7,7.7,83
sao_paulo,Sao Paulo,SP,2024-04-05,21.6,28.9,16.5,0.0,0.0,0.0,17.5,7.5,81
sao_paulo,Sao Paulo,SP,2024-04-06,19.5,24.2,16.1,1.1,1.1,6.0,17.9,9.9,88
sao_paulo,Sao Paulo,SP,2024-04-07,21.1,27.0,17.5,1.1,1.1,8.0,19.7,11.7,83
sao_paulo,Sao Paulo,SP,2024-04-08,21.1,25.7,17.0,3.0,3.0,5.0,11.8,6.6,84
sao_paulo,Sao Paulo,SP,2024-04-09,21.7,26.1,18.5,3.7,3.7,10.0,16.6,8.4,83
sao_paulo,Sao Paulo,SP,2024-04-10,21.3,27.0,17.0,0.0,0.0,0.0,15.9,6.6,84
sao_paulo,Sao Paulo,SP,2024-04-11,20.6,26.6,17.9,4.0,4.0,4.0,19.3,8.2,90
sao_paulo,Sao Paulo,SP,2024-04-12,20.7,26.4,17.2,0.1,0.1,1.0,19.2,10.9,87
sao_paulo,Sao Paulo,SP,2024-04-13,21.0,26.7,16.4,0.1,0.1,1.0,15.8,10.4,84
sao_paulo,Sao Paulo,SP,2024-04-14,21.5,25.8,18.0,4.4,4.4,9.0,10.8,7.1,85
sao_paulo,Sao Paulo,SP,2024-04-15,21.5,25.5,19.2,5.8,5.8,11.0,13.7,9.8,87
sao_paulo,Sao Paulo,SP,2024-04-16,23.5,28.6,19.5,0.1,0.1,1.0,15.5,8.0,77
sao_paulo,Sao Paulo,SP,2024-04-17,22.4,27.4,19.5,28.2,28.2,9.0,22.6,10.7,80
sao_paulo,Sao Paulo,SP,2024-04-18,17.7,19.5,14.9,2.0,2.0,6.0,17.2,14.9,88
sao_paulo,Sao Paulo,SP,2024-04-19,15.7,21.7,11.6,0.0,0.0,0.0,18.4,10.9,83
sao_paulo,Sao Paulo,SP,2024-04-20,17.4,24.0,13.1,0.0,0.0,0.0,18.8,11.5,85
sao_paulo,Sao Paulo,SP,2024-04-21,19.1,25.6,14.6,0.0,0.0,0.0,9.4,6.4,82
sao_paulo,Sao Paulo,SP,2024-04-22,19.9,27.0,14.2,0.0,0.0,0.0,16.4,7.5,77
sao_paulo,Sao Paulo,SP,2024-04-23,20.8,28.0,14.1,0.0,0.0,0.0,17.4,8.1,66
sao_paulo,Sao Paulo,SP,2024-04-24,21.3,28.5,14.8,0.0,0.0,0.0,15.2,8.6,66
sao_paulo,Sao Paulo,SP,2024-04-25,21.1,26.4,18.9,0.4,0.4,4.0,17.1,10.7,86
sao_paulo,Sao Paulo,SP,2024-04-26,21.8,26.9,18.9,0.1,0.1,1.0,14.6,9.6,83
sao_paulo,Sao Paulo,SP,2024-04-27,23.1,29.7,17.5,0.0,0.0,0.0,17.4,10.1,72
sao_paulo,Sao Paulo,SP,2024-04-28,23.6,29.8,19.0,0.0,0.0,0.0,22.4,11.6,67
sao_paulo,Sao Paulo,SP,2024-04-29,23.2,29.9,18.0,0.1,0.1,1.0,10.0,7.1,74
sao_paulo,Sao Paulo,SP,2024-04-30,23.6,30.5,17.2,0.0,0.0,0.0,13.0,7.0,62
sao_paulo,Sao Paulo,SP,2024-05-01,23.6,30.1,17.1,0.0,0.0,0.0,14.8,9.0,57
sao_paulo,Sao Paulo,SP,2024-05-02,24.1,30.6,18.8,0.0,0.0,0.0,25.3,13.7,54
sao_paulo,Sao Paulo,SP,2024-05-03,23.1,29.9,16.9,0.0,0.0,0.0,11.7,6.7,66
sao_paulo,Sao Paulo,SP,2024-05-04,23.2,31.0,16.5,0.0,0.0,0.0,18.2,8.5,64
sao_paulo,Sao Paulo,SP,2024-05-05,22.4,30.4,15.8,0.0,0.0,0.0,13.7,7.7,64
sao_paulo,Sao Paulo,SP,2024-05-06,22.2,29.4,15.1,0.0,0.0,0.0,15.3,8.7,58
sao_paulo,Sao Paulo,SP,2024-05-07,23.4,29.8,17.5,0.0,0.0,0.0,13.7,8.9,57
sao_paulo,Sao Paulo,SP,2024-05-08,24.1,29.6,19.4,0.0,0.0,0.0,25.0,14.6,52
sao_paulo,Sao Paulo,SP,2024-05-09,22.5,29.2,17.7,0.1,0.1,1.0,22.5,11.3,64
sao_paulo,Sao Paulo,SP,2024-05-10,22.8,28.6,19.5,0.2,0.2,2.0,14.5,9.2,68
sao_paulo,Sao Paulo,SP,2024-05-11,22.9,29.0,16.8,0.0,0.0,0.0,21.7,11.6,57
sao_paulo,Sao Paulo,SP,2024-05-12,23.3,29.4,18.1,0.0,0.0,0.0,21.9,13.3,55
sao_paulo,Sao Paulo,SP,2024-05-13,23.9,29.6,19.9,0.0,0.0,0.0,34.9,20.3,46
sao_paulo,Sao Paulo,SP,2024-05-14,19.0,21.5,17.0,2.7,2.7,11.0,17.4,9.3,88
sao_paulo,Sao Paulo,SP,2024-05-15,17.2,19.3,16.0,1.7,1.7,10.0,15.3,10.9,87
sao_paulo,Sao Paulo,SP,2024-05-16,21.1,28.6,15.3,0.0,0.0,0.0,23.0,11.9,73
sao_paulo,Sao Paulo,SP,2024-05-17,23.4,29.5,18.8,0.0,0.0,0.0,25.9,13.3,55
sao_paulo,Sao Paulo,SP,2024-05-18,21.6,29.4,16.0,0.0,0.0,0.0,16.3,9.1,66
sao_paulo,Sao Paulo,SP,2024-05-19,20.4,25.1,18.4,0.2,0.2,2.0,15.7,8.1,82
sao_paulo,Sao Paulo,SP,2024-05-20,19.9,25.4,17.0,1.6,1.6,5.0,18.2,8.8,85
sao_paulo,Sao Paulo,SP,2024-05-21,18.9,24.2,16.1,0.0,0.0,0.0,14.9,11.7,85
sao_paulo,Sao Paulo,SP,2024-05-22,20.7,27.3,16.4,0.0,0.0,0.0,14.3,7.9,77
sao_paulo,Sao Paulo,SP,2024-05-23,20.9,27.0,15.4,0.0,0.0,0.0,22.0,12.5,55
sao_paulo,Sao Paulo,SP,2024-05-24,20.5,25.5,17.4,0.4,0.4,2.0,30.6,18.6,64
sao_paulo,Sao Paulo,SP,2024-05-25,16.8,20.8,13.9,1.1,1.1,7.0,21.6,13.2,85
sao_paulo,Sao Paulo,SP,2024-05-26,15.0,17.5,13.5,11.6,11.6,14.0,16.5,14.2,90
sao_paulo,Sao Paulo,SP,2024-05-27,17.1,21.3,14.5,18.6,18.6,15.0,19.3,12.4,90
sao_paulo,Sao Paulo,SP,2024-05-28,17.2,19.0,12.8,0.2,0.2,2.0,31.0,21.5,84
sao_paulo,Sao Paulo,SP,2024-05-29,12.6,18.1,8.5,0.0,0.0,0.0,13.0,9.8,81
sao_paulo,Sao Paulo,SP,2024-05-30,11.8,17.6,6.5,0.0,0.0,0.0,16.8,8.6,87
sao_paulo,Sao Paulo,SP,2024-05-31,14.0,19.1,11.2,0.0,0.0,0.0,17.3,13.2,87
sao_paulo,Sao Paulo,SP,2024-06-01,15.4,22.1,11.3,0.0,0.0,0.0,17.1,10.5,81
sao_paulo,Sao Paulo,SP,2024-06-02,16.3,24.0,9.5,0.0,0.0,0.0,13.8,7.5,73
sao_paulo,Sao Paulo,SP,2024-06-03,16.9,22.8,11.4,0.1,0.1,1.0,15.4,7.9,78
sao_paulo,Sao Paulo,SP,2024-06-04,15.6,17.0,14.1,0.5,0.5,5.0,22.9,15.0,92
sao_paulo,Sao Paulo,SP,2024-06-05,16.9,21.2,14.6,0.6,0.6,6.0,15.8,9.5,84
sao_paulo,Sao Paulo,SP,2024-06-06,16.5,23.9,10.7,0.0,0.0,0.0,10.5,5.9,83
sao_paulo,Sao Paulo,SP,2024-06-07,16.7,24.0,11.1,0.0,0.0,0.0,11.4,7.3,79
sao_paulo,Sao Paulo,SP,2024-06-08,17.7,24.4,12.1,0.0,0.0,0.0,12.3,8.6,76
sao_paulo,Sao Paulo,SP,2024-06-09,18.3,26.0,11.1,0.0,0.0,0.0,17.0,9.5,70
sao_paulo,Sao Paulo,SP,2024-06-10,19.8,26.1,14.7,0.0,0.0,0.0,19.4,10.3,61
sao_paulo,Sao Paulo,SP,2024-06-11,18.3,24.9,13.6,0.0,0.0,0.0,10.5,5.3,69
sao_paulo,Sao Paulo,SP,2024-06-12,18.5,26.1,12.6,0.0,0.0,0.0,12.7,7.9,69
sao_paulo,Sao Paulo,SP,2024-06-13,17.4,25.4,10.0,0.0,0.0,0.0,20.3,9.6,63
sao_paulo,Sao Paulo,SP,2024-06-14,19.5,26.1,15.1,0.0,0.0,0.0,25.1,14.1,48
sao_paulo,Sao Paulo,SP,2024-06-15,20.3,26.8,14.4,0.0,0.0,0.0,22.0,12.6,58
sao_paulo,Sao Paulo,SP,2024-06-16,19.3,26.5,12.6,0.0,0.0,0.0,13.0,7.6,64
sao_paulo,Sao Paulo,SP,2024-06-17,20.1,25.8,15.8,0.0,0.0,0.0,24.7,14.9,48
sao_paulo,Sao Paulo,SP,2024-06-18,18.9,25.0,14.2,0.0,0.0,0.0,25.4,13.9,49
sao_paulo,Sao Paulo,SP,2024-06-19,18.6,25.6,12.6,0.0,0.0,0.0,24.2,12.0,51
sao_paulo,Sao Paulo,SP,2024-06-20,17.7,25.8,10.5,0.0,0.0,0.0,11.2,5.7,61
sao_paulo,Sao Paulo,SP,2024-06-21,17.6,24.9,12.1,0.0,0.0,0.0,14.0,8.8,61
sao_paulo,Sao Paulo,SP,2024-06-22,18.9,26.0,11.8,0.0,0.0,0.0,23.6,12.3,56
sao_paulo,Sao Paulo,SP,2024-06-23,21.5,27.4,17.0,0.0,0.0,0.0,24.9,14.2,49
sao_paulo,Sao Paulo,SP,2024-06-24,20.8,27.4,14.7,0.0,0.0,0.0,25.0,12.6,57
sao_paulo,Sao Paulo,SP,2024-06-25,17.6,21.0,15.9,0.4,0.4,4.0,18.6,12.3,89
sao_paulo,Sao Paulo,SP,2024-06-26,20.9,27.5,15.2,0.0,0.0,0.0,30.2,15.0,66
sao_paulo,Sao Paulo,SP,2024-06-27,19.4,23.2,16.4,1.0,1.0,5.0,22.1,9.3,73
sao_paulo,Sao Paulo,SP,2024-06-28,19.9,25.5,15.0,0.0,0.0,0.0,29.1,13.5,66
sao_paulo,Sao Paulo,SP,2024-06-29,18.0,24.9,14.5,2.4,2.4,10.0,19.0,10.2,77
sao_paulo,Sao Paulo,SP,2024-06-30,13.6,15.6,11.8,1.0,1.0,8.0,15.8,13.4,89
sao_paulo,Sao Paulo,SP,2024-07-01,13.5,17.2,11.6,0.2,0.2,2.0,16.3,9.3,88
sao_paulo,Sao Paulo,SP,2024-07-02,16.0,24.0,11.2,0.0,0.0,0.0,11.3,7.7,77
sao_paulo,Sao Paulo,SP,2024-07-03,17.5,24.8,11.8,0.0,0.0,0.0,17.5,7.0,65
sao_paulo,Sao Paulo,SP,2024-07-04,18.6,25.4,11.9,0.0,0.0,0.0,14.0,6.9,62
sao_paulo,Sao Paulo,SP,2024-07-05,18.1,25.3,10.6,0.0,0.0,0.0,13.7,6.2,61
sao_paulo,Sao Paulo,SP,2024-07-06,16.5,21.7,14.4,0.2,0.2,2.0,18.9,11.8,84
sao_paulo,Sao Paulo,SP,2024-07-07,17.9,26.1,12.9,0.0,0.0,0.0,21.4,11.1,77
sao_paulo,Sao Paulo,SP,2024-07-08,14.7,19.0,12.9,2.1,2.1,8.0,16.1,12.6,89
sao_paulo,Sao Paulo,SP,2024-07-09,13.4,15.0,11.7,24.3,24.3,19.0,10.2,6.0,94
sao_paulo,Sao Paulo,SP,2024-07-10,16.8,21.2,13.1,5.4,5.4,8.0,23.9,11.2,85
sao_paulo,Sao Paulo,SP,2024-07-11,18.1,25.5,13.1,0.0,0.0,0.0,10.9,6.9,87
sao_paulo,Sao Paulo,SP,2024-07-12,16.4,20.4,14.1,0.7,0.7,4.0,23.7,14.9,92
sao_paulo,Sao Paulo,SP,2024-07-13,13.5,15.2,12.2,0.1,0.1,1.0,19.2,15.0,96
sao_paulo,Sao Paulo,SP,2024-07-14,17.1,24.0,13.3,0.0,0.0,0.0,19.9,11.3,81
sao_paulo,Sao Paulo,SP,2024-07-15,15.8,20.5,13.4,0.1,0.1,1.0,15.4,7.9,88
sao_paulo,Sao Paulo,SP,2024-07-16,15.8,20.8,13.6,0.0,0.0,0.0,18.0,9.5,89
sao_paulo,Sao Paulo,SP,2024-07-17,16.7,22.4,12.8,0.2,0.2,2.0,8.7,4.7,82
sao_paulo,Sao Paulo,SP,2024-07-18,16.1,22.8,12.2,0.0,0.0,0.0,16.8,7.1,80
sao_paulo,Sao Paulo,SP,2024-07-19,14.0,20.0,10.4,0.0,0.0,0.0,11.2,7.2,86
sao_paulo,Sao Paulo,SP,2024-07-20,13.7,20.0,10.1,0.0,0.0,0.0,11.6,7.9,87
sao_paulo,Sao Paulo,SP,2024-07-21,15.5,22.1,10.9,0.0,0.0,0.0,17.5,9.4,81
sao_paulo,Sao Paulo,SP,2024-07-22,15.8,24.5,9.1,0.0,0.0,0.0,17.1,6.7,78
sao_paulo,Sao Paulo,SP,2024-07-23,14.8,23.0,6.3,0.0,0.0,0.0,11.9,6.8,72
sao_paulo,Sao Paulo,SP,2024-07-24,15.9,23.0,10.2,0.0,0.0,0.0,15.2,10.1,66
sao_paulo,Sao Paulo,SP,2024-07-25,17.1,24.8,9.1,0.0,0.0,0.0,15.8,7.4,62
sao_paulo,Sao Paulo,SP,2024-07-26,17.9,24.7,11.2,0.0,0.0,0.0,9.7,5.6,60
sao_paulo,Sao Paulo,SP,2024-07-27,18.5,25.7,12.5,0.0,0.0,0.0,10.9,7.2,61
sao_paulo,Sao Paulo,SP,2024-07-28,19.1,27.5,11.2,0.0,0.0,0.0,20.7,9.6,62
sao_paulo,Sao Paulo,SP,2024-07-29,17.6,26.4,13.4,0.5,0.5,4.0,24.1,10.0,78
sao_paulo,Sao Paulo,SP,2024-07-30,14.5,16.2,13.4,3.1,3.1,11.0,20.1,15.9,90
sao_paulo,Sao Paulo,SP,2024-07-31,16.2,22.0,13.2,0.0,0.0,0.0,24.7,15.9,85
sao_paulo,Sao Paulo,SP,2024-08-01,17.0,24.1,12.8,0.0,0.0,0.0,15.0,11.0,82
sao_paulo,Sao Paulo,SP,2024-08-02,17.4,24.9,11.8,0.0,0.0,0.0,14.8,11.5,74
sao_paulo,Sao Paulo,SP,2024-08-03,18.8,26.8,12.1,0.0,0.0,0.0,14.7,9.5,62
sao_paulo,Sao Paulo,SP,2024-08-04,19.6,27.0,12.7,0.0,0.0,0.0,19.7,10.4,65
sao_paulo,Sao Paulo,SP,2024-08-05,20.4,27.7,14.4,0.0,0.0,0.0,12.0,7.1,67
sao_paulo,Sao Paulo,SP,2024-08-06,20.4,27.6,13.4,0.0,0.0,0.0,19.8,8.2,59
sao_paulo,Sao Paulo,SP,2024-08-07,21.9,27.5,16.5,0.0,0.0,0.0,25.8,13.9,45
sao_paulo,Sao Paulo,SP,2024-08-08,22.8,30.9,17.9,0.0,0.0,0.0,25.2,14.2,44
sao_paulo,Sao Paulo,SP,2024-08-09,17.8,19.5,14.6,12.1,12.1,13.0,15.5,7.5,82
sao_paulo,Sao Paulo,SP,2024-08-10,11.1,14.6,6.4,33.0,33.0,13.0,20.1,12.1,88
sao_paulo,Sao Paulo,SP,2024-08-11,11.5,19.5,5.8,0.0,0.0,0.0,13.6,6.7,70
sao_paulo,Sao Paulo,SP,2024-08-12,12.3,18.6,7.8,0.0,0.0,0.0,19.8,12.3,66
sao_paulo,Sao Paulo,SP,2024-08-13,9.1,13.8,6.1,0.1,0.1,1.0,18.9,11.7,86
sao_paulo,Sao Paulo,SP,2024-08-14,12.3,20.8,6.1,0.0,0.0,0.0,15.6,8.8,86
sao_paulo,Sao Paulo,SP,2024-08-15,16.8,27.0,8.6,0.0,0.0,0.0,12.1,7.8,72
sao_paulo,Sao Paulo,SP,2024-08-16,19.4,28.3,11.2,0.0,0.0,0.0,11.0,6.8,65
sao_paulo,Sao Paulo,SP,2024-08-17,20.1,28.9,13.2,0.0,0.0,0.0,11.1,7.3,61
sao_paulo,Sao Paulo,SP,2024-08-18,20.9,29.2,12.9,0.0,0.0,0.0,12.5,9.6,50
sao_paulo,Sao Paulo,SP,2024-08-19,20.9,29.7,12.4,0.0,0.0,0.0,13.0,7.6,51
sao_paulo,Sao Paulo,SP,2024-08-20,19.6,29.0,13.4,0.0,0.0,0.0,17.6,7.3,63
sao_paulo,Sao Paulo,SP,2024-08-21,19.3,27.5,13.9,0.0,0.0,0.0,18.4,11.2,72
sao_paulo,Sao Paulo,SP,2024-08-22,21.1,30.3,12.6,0.0,0.0,0.0,20.0,11.3,53
sao_paulo,Sao Paulo,SP,2024-08-23,23.2,32.1,15.1,0.0,0.0,0.0,29.8,16.9,45
sao_paulo,Sao Paulo,SP,2024-08-24,17.1,22.6,14.5,6.3,6.3,7.0,31.5,12.9,84
sao_paulo,Sao Paulo,SP,2024-08-25,12.0,14.9,8.9,6.7,6.7,21.0,17.3,13.5,91
sao_paulo,Sao Paulo,SP,2024-08-26,9.8,15.1,5.4,0.0,0.0,0.0,15.8,9.2,76
sao_paulo,Sao Paulo,SP,2024-08-27,8.7,18.1,1.4,0.0,0.0,0.0,20.0,11.4,79
sao_paulo,Sao Paulo,SP,2024-08-28,12.0,20.4,6.1,0.0,0.0,0.0,17.7,12.9,85
sao_paulo,Sao Paulo,SP,2024-08-29,16.5,25.3,11.1,0.0,0.0,0.0,15.2,10.3,83
sao_paulo,Sao Paulo,SP,2024-08-30,18.6,27.2,11.1,0.0,0.0,0.0,8.7,5.4,69
sao_paulo,Sao Paulo,SP,2024-08-31,19.0,27.6,11.7,0.0,0.0,0.0,14.3,8.2,67
sao_paulo,Sao Paulo,SP,2024-09-01,21.2,30.8,12.8,0.0,0.0,0.0,19.7,9.6,55
sao_paulo,Sao Paulo,SP,2024-09-02,19.5,29.9,14.3,0.0,0.0,0.0,22.1,8.7,64
sao_paulo,Sao Paulo,SP,2024-09-03,21.0,31.6,13.9,0.0,0.0,0.0,20.6,7.7,70
sao_paulo,Sao Paulo,SP,2024-09-04,23.0,31.3,16.0,0.0,0.0,0.0,24.0,14.8,50
sao_paulo,Sao Paulo,SP,2024-09-05,19.6,25.7,15.4,0.3,0.3,3.0,24.2,15.8,68
sao_paulo,Sao Paulo,SP,2024-09-06,17.8,23.9,14.9,0.1,0.1,1.0,21.7,17.3,82
sao_paulo,Sao Paulo,SP,2024-09-07,23.3,32.6,15.6,0.0,0.0,0.0,13.4,7.6,62
sao_paulo,Sao Paulo,SP,2024-09-08,24.6,32.2,16.5,0.0,0.0,0.0,15.3,8.7,47
sao_paulo,Sao Paulo,SP,2024-09-09,24.4,32.7,16.8,0.0,0.0,0.0,19.1,9.3,46
sao_paulo,Sao Paulo,SP,2024-09-10,24.5,32.8,15.1,0.0,0.0,0.0,19.5,8.6,42
sao_paulo,Sao Paulo,SP,2024-09-11,25.5,32.5,18.1,0.0,0.0,0.0,17.7,9.6,32
sao_paulo,Sao Paulo,SP,2024-09-12,26.1,32.8,19.0,0.0,0.0,0.0,19.2,9.7,28
sao_paulo,Sao Paulo,SP,2024-09-13,26.2,33.3,17.9,0.0,0.0,0.0,20.2,11.2,29
sao_paulo,Sao Paulo,SP,2024-09-14,24.6,33.1,19.8,0.0,0.0,0.0,24.3,12.4,41
sao_paulo,Sao Paulo,SP,2024-09-15,18.4,21.5,16.8,0.8,0.8,7.0,23.4,19.9,84
sao_paulo,Sao Paulo,SP,2024-09-16,16.4,17.9,13.9,8.5,8.5,19.0,22.8,14.4,90
sao_paulo,Sao Paulo,SP,2024-09-17,15.2,19.1,12.6,1.2,1.2,8.0,24.7,19.2,84
sao_paulo,Sao Paulo,SP,2024-09-18,16.4,21.9,13.1,0.0,0.0,0.0,25.1,15.5,84
sao_paulo,Sao Paulo,SP,2024-09-19,19.1,27.0,14.4,0.6,0.6,2.0,17.0,10.1,85
sao_paulo,Sao Paulo,SP,2024-09-20,22.7,32.4,15.1,0.1,0.1,1.0,20.9,12.0,70
sao_paulo,Sao Paulo,SP,2024-09-21,21.1,27.6,16.9,0.8,0.8,2.0,18.9,7.5,75
sao_paulo,Sao Paulo,SP,2024-09-22,22.3,31.1,16.0,0.0,0.0,0.0,18.6,7.9,74
sao_paulo,Sao Paulo,SP,2024-09-23,23.5,32.2,16.4,0.0,0.0,0.0,23.7,9.0,65
sao_paulo,Sao Paulo,SP,2024-09-24,23.2,33.8,16.7,0.0,0.0,0.0,22.7,8.8,67
sao_paulo,Sao Paulo,SP,2024-09-25,25.9,35.1,17.2,0.0,0.0,0.0,17.8,10.1,55
sao_paulo,Sao Paulo,SP,2024-09-26,27.8,35.8,18.6,0.0,0.0,0.0,15.2,9.6,43
sao_paulo,Sao Paulo,SP,2024-09-27,20.8,27.7,15.8,1.8,1.8,9.0,27.1,15.1,76
sao_paulo,Sao Paulo,SP,2024-09-28,17.8,23.5,14.4,0.0,0.0,0.0,23.9,18.7,72
sao_paulo,Sao Paulo,SP,2024-09-29,19.4,29.0,15.3,0.0,0.0,0.0,22.6,14.8,77
sao_paulo,Sao Paulo,SP,2024-09-30,22.1,32.3,15.1,0.1,0.1,1.0,25.7,11.1,71
sao_paulo,Sao Paulo,SP,2024-10-01,26.5,34.3,17.8,0.0,0.0,0.0,19.7,10.6,44
sao_paulo,Sao Paulo,SP,2024-10-02,25.9,36.3,18.4,0.0,0.0,0.0,21.7,13.9,47
sao_paulo,Sao Paulo,SP,2024-10-03,18.9,23.1,15.0,7.2,7.2,15.0,31.4,19.2,82
sao_paulo,Sao Paulo,SP,2024-10-04,15.7,19.0,14.1,4.5,4.5,11.0,23.7,18.5,89
sao_paulo,Sao Paulo,SP,2024-10-05,17.2,23.6,14.1,0.2,0.2,2.0,21.5,15.6,84
sao_paulo,Sao Paulo,SP,2024-10-06,17.6,25.2,13.6,0.0,0.0,0.0,20.2,11.9,84
sao_paulo,Sao Paulo,SP,2024-10-07,17.8,26.5,12.8,0.0,0.0,0.0,18.6,13.4,80
sao_paulo,Sao Paulo,SP,2024-10-08,20.2,33.7,13.5,0.0,0.0,0.0,19.8,10.2,78
sao_paulo,Sao Paulo,SP,2024-10-09,18.2,23.5,14.3,0.4,0.4,3.0,25.1,15.5,84
sao_paulo,Sao Paulo,SP,2024-10-10,20.0,27.4,16.5,10.7,10.7,15.0,19.1,10.7,85
sao_paulo,Sao Paulo,SP,2024-10-11,21.8,27.3,18.8,7.4,7.4,16.0,27.9,13.8,84
sao_paulo,Sao Paulo,SP,2024-10-12,21.0,26.8,16.1,2.4,2.4,11.0,31.1,19.5,80
sao_paulo,Sao Paulo,SP,2024-10-13,18.7,24.9,15.7,0.2,0.2,2.0,25.6,17.6,83
sao_paulo,Sao Paulo,SP,2024-10-14,18.6,25.1,15.4,0.2,0.2,2.0,22.7,17.7,83
sao_paulo,Sao Paulo,SP,2024-10-15,19.6,27.8,14.6,0.0,0.0,0.0,19.3,12.4,78
sao_paulo,Sao Paulo,SP,2024-10-16,21.0,27.5,15.1,2.6,2.6,5.0,21.8,9.7,79
sao_paulo,Sao Paulo,SP,2024-10-17,20.6,29.2,15.9,0.0,0.0,0.0,22.8,9.1,81
sao_paulo,Sao Paulo,SP,2024-10-18,19.7,28.7,14.9,0.0,0.0,0.0,23.7,11.6,83
sao_paulo,Sao Paulo,SP,2024-10-19,17.4,19.5,14.1,8.7,8.7,14.0,23.7,15.6,90
sao_paulo,Sao Paulo,SP,2024-10-20,16.8,20.2,14.1,8.4,8.4,16.0,21.3,17.2,91
sao_paulo,Sao Paulo,SP,2024-10-21,20.5,25.9,16.7,0.3,0.3,3.0,20.8,15.0,83
sao_paulo,Sao Paulo,SP,2024-10-22,22.9,29.4,17.6,4.4,4.4,4.0,14.9,8.9,80
sao_paulo,Sao Paulo,SP,2024-10-23,22.3,27.0,18.5,13.9,13.9,12.0,11.2,5.4,86
sao_paulo,Sao Paulo,SP,2024-10-24,23.4,28.0,20.1,8.4,8.4,9.0,29.5,16.7,80
sao_paulo,Sao Paulo,SP,2024-10-25,22.7,26.0,20.5,4.7,4.7,7.0,41.9,26.9,79
sao_paulo,Sao Paulo,SP,2024-10-26,22.1,28.9,17.6,2.6,2.6,4.0,25.0,17.4,82
sao_paulo,Sao Paulo,SP,2024-10-27,17.2,19.5,15.8,1.3,1.3,5.0,21.6,17.8,87
sao_paulo,Sao Paulo,SP,2024-10-28,18.1,22.1,14.8,0.0,0.0,0.0,17.1,12.2,85
sao_paulo,Sao Paulo,SP,2024-10-29,18.8,23.4,15.7,0.9,0.9,5.0,20.0,11.3,89
sao_paulo,Sao Paulo,SP,2024-10-30,19.2,25.0,15.6,0.1,0.1,1.0,21.1,13.8,83
sao_paulo,Sao Paulo,SP,2024-10-31,18.4,24.8,14.1,1.8,1.8,5.0,21.5,13.9,82
sao_paulo,Sao Paulo,SP,2024-11-01,19.8,27.5,14.6,1.4,1.4,3.0,17.0,12.3,80
sao_paulo,Sao Paulo,SP,2024-11-02,21.4,29.1,17.3,13.3,13.3,6.0,16.5,9.0,82
sao_paulo,Sao Paulo,SP,2024-11-03,19.9,22.0,18.8,19.9,19.9,23.0,17.0,10.5,91
sao_paulo,Sao Paulo,SP,2024-11-04,20.5,23.2,18.5,7.0,7.0,15.0,16.6,12.6,90
sao_paulo,Sao Paulo,SP,2024-11-05,21.1,25.2,18.0,17.6,17.6,13.0,16.4,7.8,88
sao_paulo,Sao Paulo,SP,2024-11-06,21.5,25.9,19.1,25.8,25.8,22.0,14.8,8.3,88
sao_paulo,Sao Paulo,SP,2024-11-07,20.7,23.5,19.1,16.3,16.3,14.0,28.8,19.1,89
sao_paulo,Sao Paulo,SP,2024-11-08,19.7,23.0,17.1,40.7,40.7,23.0,26.3,17.3,91
sao_paulo,Sao Paulo,SP,2024-11-09,18.0,21.0,15.1,0.8,0.8,8.0,19.2,13.4,88
sao_paulo,Sao Paulo,SP,2024-11-10,16.8,22.2,12.6,0.1,0.1,1.0,17.4,11.1,86
sao_paulo,Sao Paulo,SP,2024-11-11,20.4,27.5,13.5,0.0,0.0,0.0,19.2,10.1,75
sao_paulo,Sao Paulo,SP,2024-11-12,21.9,31.2,14.8,2.0,2.0,6.0,14.7,9.9,67
sao_paulo,Sao Paulo,SP,2024-11-13,17.6,21.0,15.0,11.1,11.1,11.0,12.5,9.3,84
sao_paulo,Sao Paulo,SP,2024-11-14,17.6,21.3,14.5,0.1,0.1,1.0,12.6,10.0,83
sao_paulo,Sao Paulo,SP,2024-11-15,20.0,26.8,16.1,4.9,4.9,6.0,14.3,9.3,81
sao_paulo,Sao Paulo,SP,2024-11-16,20.6,24.0,18.5,18.5,18.5,18.0,7.6,4.8,87
sao_paulo,Sao Paulo,SP,2024-11-17,20.9,25.8,17.1,0.4,0.4,3.0,10.4,4.8,81
sao_paulo,Sao Paulo,SP,2024-11-18,23.1,29.5,16.2,0.0,0.0,0.0,10.0,5.6,70
sao_paulo,Sao Paulo,SP,2024-11-19,22.9,30.6,17.1,0.0,0.0,0.0,14.4,6.6,67
sao_paulo,Sao Paulo,SP,2024-11-20,23.7,31.0,17.1,1.9,1.9,6.0,11.9,7.1,68
sao_paulo,Sao Paulo,SP,2024-11-21,21.9,26.6,19.0,1.0,1.0,5.0,16.1,11.0,74
sao_paulo,Sao Paulo,SP,2024-11-22,20.6,23.5,18.5,2.0,2.0,9.0,14.7,11.9,76
sao_paulo,Sao Paulo,SP,2024-11-23,20.0,24.0,16.9,2.5,2.5,8.0,17.5,11.7,75
sao_paulo,Sao Paulo,SP,2024-11-24,18.8,24.6,14.9,0.2,0.2,2.0,13.8,10.6,71
sao_paulo,Sao Paulo,SP,2024-11-25,21.5,29.2,14.6,0.2,0.2,2.0,10.2,7.5,64
sao_paulo,Sao Paulo,SP,2024-11-26,25.4,31.4,17.5,0.0,0.0,0.0,13.4,8.1,51
sao_paulo,Sao Paulo,SP,2024-11-27,27.8,33.5,20.9,0.0,0.0,0.0,13.6,7.0,44
sao_paulo,Sao Paulo,SP,2024-11-28,26.9,33.9,22.0,5.8,5.8,8.0,17.5,8.6,54
sao_paulo,Sao Paulo,SP,2024-11-29,23.1,26.6,20.5,4.2,4.2,11.0,14.5,6.8,82
sao_paulo,Sao Paulo,SP,2024-11-30,23.0,28.3,20.4,1.7,1.7,10.0,13.2,6.7,83
sao_paulo,Sao Paulo,SP,2024-12-01,23.4,30.4,18.9,0.2,0.2,2.0,13.0,7.4,78
sao_paulo,Sao Paulo,SP,2024-12-02,24.3,30.6,20.8,6.2,6.2,9.0,21.6,10.7,78
sao_paulo,Sao Paulo,SP,2024-12-03,21.4,24.1,19.5,20.3,20.3,22.0,15.6,10.3,91
sao_paulo,Sao Paulo,SP,2024-12-04,18.7,20.7,17.1,2.3,2.3,8.0,15.1,12.5,86
sao_paulo,Sao Paulo,SP,2024-12-05,21.2,27.5,16.9,15.6,15.6,15.0,13.2,6.8,84
sao_paulo,Sao Paulo,SP,2024-12-06,24.6,29.6,19.6,2.6,2.6,4.0,17.8,9.7,77
sao_paulo,Sao Paulo,SP,2024-12-07,26.2,31.2,21.9,0.2,0.2,2.0,20.2,11.1,65
sao_paulo,Sao Paulo,SP,2024-12-08,23.3,28.2,20.6,4.4,4.4,9.0,8.5,4.3,77
sao_paulo,Sao Paulo,SP,2024-12-09,23.2,27.2,20.5,3.5,3.5,9.0,12.6,5.1,78
sao_paulo,Sao Paulo,SP,2024-12-10,21.9,26.9,17.4,21.9,21.9,16.0,19.2,11.6,85
sao_paulo,Sao Paulo,SP,2024-12-11,19.2,23.3,16.1,1.2,1.2,10.0,15.9,10.7,83
sao_paulo,Sao Paulo,SP,2024-12-12,19.7,25.5,15.6,0.1,0.1,1.0,14.5,8.5,79
sao_paulo,Sao Paulo,SP,2024-12-13,21.4,26.5,16.8,1.3,1.3,6.0,11.7,6.7,77
sao_paulo,Sao Paulo,SP,2024-12-14,21.5,25.5,19.2,4.0,4.0,11.0,23.4,12.7,83
sao_paulo,Sao Paulo,SP,2024-12-15,21.8,26.2,19.0,7.0,7.0,16.0,22.2,16.6,81
sao_paulo,Sao Paulo,SP,2024-12-16,23.3,28.5,18.9,0.6,0.6,5.0,23.4,15.4,63
sao_paulo,Sao Paulo,SP,2024-12-17,22.3,30.0,18.0,0.8,0.8,2.0,15.2,8.5,63
sao_paulo,Sao Paulo,SP,2024-12-18,21.8,29.4,16.6,0.2,0.2,2.0,13.5,8.2,66
sao_paulo,Sao Paulo,SP,2024-12-19,24.8,31.6,17.7,0.0,0.0,0.0,12.0,7.9,59
sao_paulo,Sao Paulo,SP,2024-12-20,24.4,31.2,21.0,8.1,8.1,11.0,19.3,9.8,70
sao_paulo,Sao Paulo,SP,2024-12-21,22.4,28.0,19.1,18.0,18.0,16.0,15.6,7.4,81
sao_paulo,Sao Paulo,SP,2024-12-22,21.7,26.2,18.6,14.0,14.0,13.0,11.8,5.0,86
sao_paulo,Sao Paulo,SP,2024-12-23,21.0,24.5,18.8,4.6,4.6,18.0,16.9,8.7,86
sao_paulo,Sao Paulo,SP,2024-12-24,21.0,25.9,17.0,2.8,2.8,10.0,14.8,10.8,80
sao_paulo,Sao Paulo,SP,2024-12-25,23.2,30.1,18.1,9.3,9.3,6.0,10.5,7.1,76
sao_paulo,Sao Paulo,SP,2024-12-26,21.3,25.1,20.2,37.7,37.7,23.0,13.3,7.0,91
sao_paulo,Sao Paulo,SP,2024-12-27,21.6,25.5,19.8,30.1,30.1,20.0,15.1,6.8,88
sao_paulo,Sao Paulo,SP,2024-12-28,22.4,28.1,19.0,3.6,3.6,9.0,14.0,7.3,84
sao_paulo,Sao Paulo,SP,2024-12-29,21.9,27.8,19.3,4.8,4.8,13.0,16.1,8.2,82
sao_paulo,Sao Paulo,SP,2024-12-30,21.1,26.5,18.4,5.9,5.9,6.0,15.0,7.7,82
sao_paulo,Sao Paulo,SP,2024-12-31,21.9,28.0,17.8,4.2,4.2,4.0,10.5,6.5,79
sao_paulo,Sao Paulo,SP,2025-01-01,22.3,28.5,18.0,5.1,5.1,2.0,11.7,5.9,79
sao_paulo,Sao Paulo,SP,2025-01-02,23.3,28.6,19.0,1.4,1.4,3.0,15.0,7.7,74
sao_paulo,Sao Paulo,SP,2025-01-03,22.5,27.6,19.4,4.3,4.3,6.0,15.6,10.8,80
sao_paulo,Sao Paulo,SP,2025-01-04,22.3,27.0,18.5,14.4,14.4,4.0,12.9,9.4,80
sao_paulo,Sao Paulo,SP,2025-01-05,22.5,29.5,17.3,3.6,3.6,10.0,16.1,9.4,73
sao_paulo,Sao Paulo,SP,2025-01-06,23.2,30.7,18.6,1.7,1.7,7.0,15.3,8.9,70
sao_paulo,Sao Paulo,SP,2025-01-07,21.7,29.4,19.1,9.7,9.7,7.0,13.0,7.5,79
sao_paulo,Sao Paulo,SP,2025-01-08,21.3,27.5,18.5,9.1,9.1,9.0,15.6,8.7,81
sao_paulo,Sao Paulo,SP,2025-01-09,20.5,25.0,17.9,1.6,1.6,5.0,15.5,10.1,79
sao_paulo,Sao Paulo,SP,2025-01-10,20.7,27.1,16.6,0.0,0.0,0.0,12.9,7.5,71
sao_paulo,Sao Paulo,SP,2025-01-11,21.2,29.6,15.7,0.7,0.7,3.0,15.0,7.0,69
sao_paulo,Sao Paulo,SP,2025-01-12,20.5,25.9,17.3,1.4,1.4,4.0,16.1,9.5,73
sao_paulo,Sao Paulo,SP,2025-01-13,20.0,25.8,16.0,0.0,0.0,0.0,16.3,9.7,70
sao_paulo,Sao Paulo,SP,2025-01-14,19.8,24.5,15.4,1.1,1.1,2.0,14.8,9.6,76
sao_paulo,Sao Paulo,SP,2025-01-15,22.2,28.6,17.5,1.8,1.8,7.0,14.8,10.1,70
sao_paulo,Sao Paulo,SP,2025-01-16,23.0,29.2,19.5,11.1,11.1,12.0,13.2,9.3,81
sao_paulo,Sao Paulo,SP,2025-01-17,23.5,27.1,20.5,4.6,4.6,6.0,17.1,7.2,81
sao_paulo,Sao Paulo,SP,2025-01-18,25.1,29.4,20.0,2.7,2.7,5.0,18.1,10.2,72
sao_paulo,Sao Paulo,SP,2025-01-19,25.9,31.4,21.3,3.0,3.0,5.0,11.2,6.5,70
sao_paulo,Sao Paulo,SP,2025-01-20,26.3,31.1,21.6,0.0,0.0,0.0,16.9,12.1,64
sao_paulo,Sao Paulo,SP,2025-01-21,27.2,31.9,22.9,0.2,0.2,2.0,20.4,11.8,58
sao_paulo,Sao Paulo,SP,2025-01-22,26.2,33.5,21.6,8.8,8.8,5.0,10.1,5.3,65
sao_paulo,Sao Paulo,SP,2025-01-23,23.9,30.5,21.4,10.4,10.4,5.0,12.1,4.7,80
sao_paulo,Sao Paulo,SP,2025-01-24,23.5,29.9,20.2,22.5,22.5,7.0,11.0,3.8,83
sao_paulo,Sao Paulo,SP,2025-01-25,24.1,30.5,19.2,13.7,13.7,7.0,12.8,6.7,78
sao_paulo,Sao Paulo,SP,2025-01-26,22.9,29.4,20.5,23.2,23.2,11.0,11.3,6.1,84
sao_paulo,Sao Paulo,SP,2025-01-27,21.8,25.8,18.9,14.5,14.5,11.0,8.3,4.3,87
sao_paulo,Sao Paulo,SP,2025-01-28,21.9,26.5,19.2,13.7,13.7,12.0,8.7,4.7,88
sao_paulo,Sao Paulo,SP,2025-01-29,22.0,26.2,20.4,51.8,51.8,23.0,8.4,4.7,88
sao_paulo,Sao Paulo,SP,2025-01-30,21.6,25.5,20.0,47.5,47.5,24.0,12.7,5.8,90
sao_paulo,Sao Paulo,SP,2025-01-31,21.2,25.0,19.5,24.3,24.3,24.0,17.8,8.4,89
sao_paulo,Sao Paulo,SP,2025-02-01,21.0,23.6,19.6,19.6,19.6,24.0,13.5,8.2,90
sao_paulo,Sao Paulo,SP,2025-02-02,22.0,26.4,19.2,18.8,18.8,18.0,18.1,8.2,87
sao_paulo,Sao Paulo,SP,2025-02-03,22.3,25.6,20.5,6.5,6.5,14.0,19.9,11.1,82
sao_paulo,Sao Paulo,SP,2025-02-04,23.3,28.2,19.8,5.4,5.4,7.0,16.3,8.4,77
sao_paulo,Sao Paulo,SP,2025-02-05,23.6,28.5,19.5,1.4,1.4,5.0,12.3,7.7,77
sao_paulo,Sao Paulo,SP,2025-02-06,24.5,29.4,19.4,1.0,1.0,4.0,10.3,5.0,73
sao_paulo,Sao Paulo,SP,2025-02-07,24.5,30.9,19.5,1.7,1.7,6.0,9.5,4.8,71
sao_paulo,Sao Paulo,SP,2025-02-08,23.6,29.2,20.8,3.9,3.9,9.0,14.4,8.5,77
sao_paulo,Sao Paulo,SP,2025-02-09,24.3,32.0,19.3,1.9,1.9,3.0,14.4,5.4,68
sao_paulo,Sao Paulo,SP,2025-02-10,24.8,31.0,19.5,2.2,2.2,7.0,7.2,4.8,66
sao_paulo,Sao Paulo,SP,2025-02-11,26.0,32.0,19.6,0.0,0.0,0.0,10.6,6.1,62
sao_paulo,Sao Paulo,SP,2025-02-12,26.7,32.0,21.1,0.8,0.8,4.0,13.4,7.6,55
sao_paulo,Sao Paulo,SP,2025-02-13,24.5,31.8,20.5,14.2,14.2,6.0,11.0,5.4,74
sao_paulo,Sao Paulo,SP,2025-02-14,23.2,29.0,20.2,2.9,2.9,7.0,9.1,3.9,82
sao_paulo,Sao Paulo,SP,2025-02-15,23.7,28.9,19.4,1.0,1.0,5.0,6.5,4.5,81
sao_paulo,Sao Paulo,SP,2025-02-16,26.7,32.0,21.1,0.1,0.1,1.0,13.8,7.8,67
sao_paulo,Sao Paulo,SP,2025-02-17,28.5,33.6,21.8,0.0,0.0,0.0,13.9,9.0,43
sao_paulo,Sao Paulo,SP,2025-02-18,26.0,33.1,21.9,10.2,10.2,5.0,10.8,5.1,62
sao_paulo,Sao Paulo,SP,2025-02-19,25.0,31.0,20.4,9.3,9.3,5.0,12.4,5.7,74
sao_paulo,Sao Paulo,SP,2025-02-20,25.1,31.1,20.8,9.9,9.9,2.0,12.1,4.5,77
sao_paulo,Sao Paulo,SP,2025-02-21,24.5,29.9,21.8,2.4,2.4,7.0,12.5,6.7,81
sao_paulo,Sao Paulo,SP,2025-02-22,23.5,28.1,20.6,2.8,2.8,8.0,10.9,6.5,81
sao_paulo,Sao Paulo,SP,2025-02-23,23.6,29.5,20.1,3.9,3.9,5.0,9.9,5.8,77
sao_paulo,Sao Paulo,SP,2025-02-24,24.7,30.5,19.9,2.2,2.2,3.0,9.2,6.5,70
sao_paulo,Sao Paulo,SP,2025-02-25,25.8,32.8,20.0,0.3,0.3,1.0,12.6,7.5,63
sao_paulo,Sao Paulo,SP,2025-02-26,26.0,33.3,20.4,0.1,0.1,1.0,11.2,6.1,63
sao_paulo,Sao Paulo,SP,2025-02-27,26.1,33.2,21.0,0.3,0.3,2.0,12.1,6.4,61
sao_paulo,Sao Paulo,SP,2025-02-28,25.3,32.0,20.5,1.1,1.1,2.0,11.1,6.2,66
sao_paulo,Sao Paulo,SP,2025-03-01,25.6,33.2,20.4,0.0,0.0,0.0,16.1,7.4,65
sao_paulo,Sao Paulo,SP,2025-03-02,26.3,34.3,21.0,0.0,0.0,0.0,17.0,7.0,61
sao_paulo,Sao Paulo,SP,2025-03-03,25.2,32.8,20.2,0.0,0.0,0.0,16.6,8.1,64
sao_paulo,Sao Paulo,SP,2025-03-04,25.3,31.9,20.1,0.0,0.0,0.0,12.7,9.6,58
sao_paulo,Sao Paulo,SP,2025-03-05,24.4,30.4,20.0,0.7,0.7,6.0,11.6,7.5,67
sao_paulo,Sao Paulo,SP,2025-03-06,23.7,31.1,19.2,0.8,0.8,2.0,14.5,9.1,67
sao_paulo,Sao Paulo,SP,2025-03-07,23.8,31.6,18.9,0.0,0.0,0.0,15.8,9.4,67
sao_paulo,Sao Paulo,SP,2025-03-08,24.3,32.5,19.0,0.8,0.8,2.0,13.5,6.0,66
sao_paulo,Sao Paulo,SP,2025-03-09,25.5,32.8,19.2,0.0,0.0,0.0,14.0,5.8,62
sao_paulo,Sao Paulo,SP,2025-03-10,23.2,31.0,20.0,14.1,14.1,8.0,11.2,6.8,72
sao_paulo,Sao Paulo,SP,2025-03-11,22.7,30.5,19.9,14.0,14.0,9.0,8.5,4.7,81
sao_paulo,Sao Paulo,SP,2025-03-12,23.5,29.2,19.6,2.6,2.6,6.0,11.0,6.4,80
sao_paulo,Sao Paulo,SP,2025-03-13,23.0,28.5,20.0,4.7,4.7,10.0,11.5,4.8,85
sao_paulo,Sao Paulo,SP,2025-03-14,22.1,27.0,19.0,6.0,6.0,10.0,10.7,4.7,86
sao_paulo,Sao Paulo,SP,2025-03-15,22.1,27.8,19.6,6.1,6.1,12.0,15.4,7.8,83
sao_paulo,Sao Paulo,SP,2025-03-16,20.8,24.5,18.5,14.7,14.7,12.0,16.4,9.5,86
sao_paulo,Sao Paulo,SP,2025-03-17,21.2,26.5,17.9,1.9,1.9,6.0,9.4,6.4,84
sao_paulo,Sao Paulo,SP,2025-03-18,22.4,29.8,19.4,9.1,9.1,7.0,8.7,5.4,81
sao_paulo,Sao Paulo,SP,2025-03-19,20.5,24.9,18.1,2.3,2.3,11.0,16.0,8.1,84
sao_paulo,Sao Paulo,SP,2025-03-20,20.0,25.2,16.9,0.1,0.1,1.0,13.2,8.6,79
sao_paulo,Sao Paulo,SP,2025-03-21,20.3,27.9,16.1,0.1,0.1,1.0,16.4,8.4,76
sao_paulo,Sao Paulo,SP,2025-03-22,23.1,30.8,18.1,0.0,0.0,0.0,16.1,7.4,69
sao_paulo,Sao Paulo,SP,2025-03-23,21.8,27.5,18.6,8.2,8.2,5.0,10.9,6.7,81
sao_paulo,Sao Paulo,SP,2025-03-24,21.9,27.0,18.0,2.8,2.8,4.0,9.0,5.1,81
sao_paulo,Sao Paulo,SP,2025-03-25,22.0,27.8,18.0,0.7,0.7,4.0,11.4,5.1,83
sao_paulo,Sao Paulo,SP,2025-03-26,20.7,25.2,19.0,10.0,10.0,5.0,10.6,7.3,88
sao_paulo,Sao Paulo,SP,2025-03-27,21.5,27.3,17.4,0.4,0.4,3.0,12.0,6.9,80
sao_paulo,Sao Paulo,SP,2025-03-28,22.5,29.1,18.4,2.4,2.4,4.0,14.1,6.9,77
sao_paulo,Sao Paulo,SP,2025-03-29,22.8,29.1,18.5,1.6,1.6,4.0,9.6,5.8,79
sao_paulo,Sao Paulo,SP,2025-03-30,22.9,29.6,18.6,0.4,0.4,2.0,11.5,6.4,74
sao_paulo,Sao Paulo,SP,2025-03-31,22.0,28.0,19.0,11.0,11.0,8.0,14.4,5.4,83
sao_paulo,Sao Paulo,SP,2025-04-01,22.6,28.0,18.9,2.0,2.0,6.0,9.5,4.7,84
sao_paulo,Sao Paulo,SP,2025-04-02,23.5,29.8,19.6,7.7,7.7,9.0,10.7,6.9,79
sao_paulo,Sao Paulo,SP,2025-04-03,22.8,27.5,19.9,9.0,9.0,14.0,9.7,5.3,84
sao_paulo,Sao Paulo,SP,2025-04-04,21.9,27.1,18.9,6.5,6.5,15.0,17.0,8.5,83
sao_paulo,Sao Paulo,SP,2025-04-05,17.3,18.6,15.5,4.0,4.0,17.0,18.4,15.1,85
sao_paulo,Sao Paulo,SP,2025-04-06,17.3,21.0,14.8,1.0,1.0,4.0,19.3,13.1,80
sao_paulo,Sao Paulo,SP,2025-04-07,18.0,22.0,15.6,0.1,0.1,1.0,17.3,11.2,80
sao_paulo,Sao Paulo,SP,2025-04-08,20.2,27.5,14.4,0.3,0.3,2.0,9.3,6.3,74
sao_paulo,Sao Paulo,SP,2025-04-09,21.8,28.8,17.3,11.7,11.7,8.0,15.7,7.2,76
sao_paulo,Sao Paulo,SP,2025-04-10,20.1,25.2,17.5,6.1,6.1,8.0,14.0,6.4,86
sao_paulo,Sao Paulo,SP,2025-04-11,20.2,25.5,17.4,0.6,0.6,3.0,12.0,6.6,79
sao_paulo,Sao Paulo,SP,2025-04-12,20.7,26.1,17.4,0.4,0.4,3.0,11.5,7.2,77
sao_paulo,Sao Paulo,SP,2025-04-13,22.1,28.2,17.9,3.2,3.2,3.0,14.2,7.2,71
sao_paulo,Sao Paulo,SP,2025-04-14,19.9,23.2,17.4,2.5,2.5,12.0,13.4,8.7,83
sao_paulo,Sao Paulo,SP,2025-04-15,19.8,25.2,16.5,0.0,0.0,0.0,11.2,5.8,80
sao_paulo,Sao Paulo,SP,2025-04-16,20.6,25.5,17.4,2.6,2.6,9.0,8.9,3.5,82
sao_paulo,Sao Paulo,SP,2025-04-17,20.8,25.9,17.1,0.5,0.5,3.0,10.1,5.8,82
sao_paulo,Sao Paulo,SP,2025-04-18,20.8,27.4,17.8,16.8,16.8,6.0,10.2,5.2,84
sao_paulo,Sao Paulo,SP,2025-04-19,20.6,25.8,17.3,5.7,5.7,14.0,15.9,6.5,85
sao_paulo,Sao Paulo,SP,2025-04-20,19.6,22.9,17.8,2.2,2.2,17.0,13.7,10.2,86
sao_paulo,Sao Paulo,SP,2025-04-21,18.2,22.0,15.8,1.1,1.1,8.0,13.1,9.0,85
sao_paulo,Sao Paulo,SP,2025-04-22,17.5,22.9,14.2,0.1,0.1,1.0,10.9,7.5,83
sao_paulo,Sao Paulo,SP,2025-04-23,18.6,25.2,14.1,0.0,0.0,0.0,13.0,6.3,83
sao_paulo,Sao Paulo,SP,2025-04-24,20.0,26.0,16.5,25.8,25.8,9.0,11.1,5.2,85
sao_paulo,Sao Paulo,SP,2025-04-25,18.9,22.1,17.7,20.3,20.3,21.0,9.7,5.1,93
sao_paulo,Sao Paulo,SP,2025-04-26,19.8,24.8,16.5,2.0,2.0,8.0,9.0,4.6,87
sao_paulo,Sao Paulo,SP,2025-04-27,20.9,25.6,17.5,0.2,0.2,2.0,7.6,4.1,83
sao_paulo,Sao Paulo,SP,2025-04-28,19.9,24.0,18.0,6.5,6.5,14.0,11.8,7.2,88
sao_paulo,Sao Paulo,SP,2025-04-29,18.1,22.1,15.7,0.3,0.3,3.0,11.2,6.9,83
sao_paulo,Sao Paulo,SP,2025-04-30,16.8,21.6,14.3,0.0,0.0,0.0,12.4,7.3,81
sao_paulo,Sao Paulo,SP,2025-05-01,16.7,22.4,13.2,0.0,0.0,0.0,11.8,7.1,83
sao_paulo,Sao Paulo,SP,2025-05-02,17.8,23.5,14.3,0.0,0.0,0.0,10.1,7.1,81
sao_paulo,Sao Paulo,SP,2025-05-03,18.5,25.5,13.2,0.0,0.0,0.0,10.4,5.9,77
sao_paulo,Sao Paulo,SP,2025-05-04,18.6,24.5,14.5,0.0,0.0,0.0,10.7,6.6,78
sao_paulo,Sao Paulo,SP,2025-05-05,18.7,24.4,13.7,0.0,0.0,0.0,8.9,6.4,73
sao_paulo,Sao Paulo,SP,2025-05-06,19.6,25.5,14.4,0.0,0.0,0.0,9.0,5.4,74
sao_paulo,Sao Paulo,SP,2025-05-07,21.1,28.0,15.4,0.0,0.0,0.0,7.9,5.1,68
sao_paulo,Sao Paulo,SP,2025-05-08,22.7,29.0,16.0,0.0,0.0,0.0,9.5,5.8,62
sao_paulo,Sao Paulo,SP,2025-05-09,24.1,29.0,19.3,0.0,0.0,0.0,15.6,11.7,53
sao_paulo,Sao Paulo,SP,2025-05-10,21.7,27.9,17.1,7.8,7.8,9.0,16.0,11.3,69
sao_paulo,Sao Paulo,SP,2025-05-11,16.7,18.0,15.1,0.5,0.5,5.0,14.3,10.6,87
sao_paulo,Sao Paulo,SP,2025-05-12,16.9,21.4,14.1,0.0,0.0,0.0,15.0,10.0,85
sao_paulo,Sao Paulo,SP,2025-05-13,17.3,21.9,14.4,0.3,0.3,3.0,10.7,7.9,85
sao_paulo,Sao Paulo,SP,2025-05-14,16.7,22.2,12.9,0.0,0.0,0.0,12.8,7.9,83
sao_paulo,Sao Paulo,SP,2025-05-15,16.8,22.2,12.1,0.0,0.0,0.0,9.6,8.0,77
sao_paulo,Sao Paulo,SP,2025-05-16,18.4,24.9,13.4,0.0,0.0,0.0,10.0,5.8,76
sao_paulo,Sao Paulo,SP,2025-05-17,19.5,26.5,13.5,0.0,0.0,0.0,8.1,5.2,73
sao_paulo,Sao Paulo,SP,2025-05-18,20.5,26.6,14.3,0.0,0.0,0.0,9.8,5.9,65
sao_paulo,Sao Paulo,SP,2025-05-19,21.1,26.8,14.9,0.0,0.0,0.0,7.6,4.5,60
sao_paulo,Sao Paulo,SP,2025-05-20,21.1,26.5,15.1,0.0,0.0,0.0,8.5,4.9,61
sao_paulo,Sao Paulo,SP,2025-05-21,20.6,26.1,16.5,0.3,0.3,2.0,9.4,3.8,70
sao_paulo,Sao Paulo,SP,2025-05-22,19.7,25.5,17.5,11.2,11.2,5.0,9.9,4.5,80
sao_paulo,Sao Paulo,SP,2025-05-23,18.3,21.1,16.4,0.8,0.8,5.0,11.6,8.6,83
sao_paulo,Sao Paulo,SP,2025-05-24,17.8,22.1,15.3,0.8,0.8,5.0,14.9,9.8,81
sao_paulo,Sao Paulo,SP,2025-05-25,18.8,25.5,13.2,0.0,0.0,0.0,11.9,7.7,71
sao_paulo,Sao Paulo,SP,2025-05-26,19.7,26.0,13.5,0.0,0.0,0.0,9.9,6.1,69
sao_paulo,Sao Paulo,SP,2025-05-27,20.4,25.5,15.8,0.0,0.0,0.0,16.7,9.1,62
sao_paulo,Sao Paulo,SP,2025-05-28,21.0,25.0,18.9,0.8,0.8,6.0,29.4,16.8,61
sao_paulo,Sao Paulo,SP,2025-05-29,15.4,18.6,11.9,2.0,2.0,7.0,20.9,13.9,66
sao_paulo,Sao Paulo,SP,2025-05-30,13.5,19.7,8.4,0.0,0.0,0.0,9.9,4.8,70
sao_paulo,Sao Paulo,SP,2025-05-31,16.8,23.4,11.9,0.0,0.0,0.0,11.5,6.4,71
sao_paulo,Sao Paulo,SP,2025-06-01,16.8,23.4,12.4,0.1,0.1,1.0,11.0,4.9,77
sao_paulo,Sao Paulo,SP,2025-06-02,18.5,23.5,15.6,0.0,0.0,0.0,12.3,7.7,76
sao_paulo,Sao Paulo,SP,2025-06-03,17.8,22.6,14.8,1.8,1.8,5.0,10.9,6.4,81
sao_paulo,Sao Paulo,SP,2025-06-04,20.0,25.4,14.6,0.0,0.0,0.0,15.8,7.3,70
sao_paulo,Sao Paulo,SP,2025-06-05,19.9,26.0,16.5,4.8,4.8,6.0,17.2,8.2,75
sao_paulo,Sao Paulo,SP,2025-06-06,17.6,19.5,16.4,2.2,2.2,8.0,9.8,6.4,87
sao_paulo,Sao Paulo,SP,2025-06-07,17.6,20.7,15.2,0.0,0.0,0.0,8.4,4.8,87
sao_paulo,Sao Paulo,SP,2025-06-08,17.5,21.9,14.8,4.0,4.0,8.0,15.0,6.7,86
sao_paulo,Sao Paulo,SP,2025-06-09,15.6,18.8,14.2,8.1,8.1,17.0,11.4,4.1,90
sao_paulo,Sao Paulo,SP,2025-06-10,14.5,17.3,12.9,1.8,1.8,12.0,9.0,6.2,87
sao_paulo,Sao Paulo,SP,2025-06-11,12.9,15.8,10.2,0.4,0.4,4.0,12.7,7.7,86
sao_paulo,Sao Paulo,SP,2025-06-12,11.7,14.9,9.8,0.4,0.4,4.0,14.0,9.4,83
sao_paulo,Sao Paulo,SP,2025-06-13,12.6,17.5,8.9,0.0,0.0,0.0,14.4,10.4,83
sao_paulo,Sao Paulo,SP,2025-06-14,13.8,20.5,9.1,0.0,0.0,0.0,13.3,10.1,75
sao_paulo,Sao Paulo,SP,2025-06-15,15.4,19.8,12.1,1.1,1.1,3.0,12.8,10.2,69
sao_paulo,Sao Paulo,SP,2025-06-16,16.7,22.5,10.9,0.0,0.0,0.0,9.1,4.4,77
sao_paulo,Sao Paulo,SP,2025-06-17,17.3,23.8,11.7,0.0,0.0,0.0,9.3,6.4,71
sao_paulo,Sao Paulo,SP,2025-06-18,17.4,22.6,11.8,0.0,0.0,0.0,12.9,7.4,62
sao_paulo,Sao Paulo,SP,2025-06-19,18.9,24.9,13.0,0.0,0.0,0.0,8.4,5.5,61
sao_paulo,Sao Paulo,SP,2025-06-20,19.1,24.9,12.5,0.0,0.0,0.0,13.9,7.2,61
sao_paulo,Sao Paulo,SP,2025-06-21,18.7,23.2,16.0,2.8,2.8,4.0,14.1,8.4,69
sao_paulo,Sao Paulo,SP,2025-06-22,19.2,23.5,16.0,1.3,1.3,3.0,11.9,6.6,72
sao_paulo,Sao Paulo,SP,2025-06-23,19.3,24.6,16.9,7.9,7.9,10.0,23.7,16.5,68
sao_paulo,Sao Paulo,SP,2025-06-24,13.5,16.7,7.8,4.6,4.6,5.0,16.9,11.2,73
sao_paulo,Sao Paulo,SP,2025-06-25,11.0,17.1,5.4,0.0,0.0,0.0,10.7,7.2,76
sao_paulo,Sao Paulo,SP,2025-06-26,17.8,24.9,10.7,0.0,0.0,0.0,15.7,9.8,68
sao_paulo,Sao Paulo,SP,2025-06-27,18.2,23.6,15.7,7.6,7.6,8.0,13.5,8.1,82
sao_paulo,Sao Paulo,SP,2025-06-28,19.0,24.9,15.4,0.0,0.0,0.0,12.3,7.6,81
sao_paulo,Sao Paulo,SP,2025-06-29,21.0,25.4,17.7,0.0,0.0,0.0,21.4,14.2,62
sao_paulo,Sao Paulo,SP,2025-06-30,17.0,21.6,14.8,0.1,0.1,1.0,13.2,8.2,85
sao_paulo,Sao Paulo,SP,2025-07-01,13.6,14.9,11.4,0.4,0.4,4.0,11.6,10.5,89
sao_paulo,Sao Paulo,SP,2025-07-02,11.3,12.5,10.6,0.6,0.6,6.0,12.0,10.8,89
sao_paulo,Sao Paulo,SP,2025-07-03,12.0,14.2,10.6,2.0,2.0,9.0,10.6,8.9,88
sao_paulo,Sao Paulo,SP,2025-07-04,13.8,18.5,11.8,0.4,0.4,3.0,11.2,8.3,85
sao_paulo,Sao Paulo,SP,2025-07-05,14.8,20.4,11.2,0.0,0.0,0.0,8.4,5.4,79
sao_paulo,Sao Paulo,SP,2025-07-06,13.6,19.3,10.1,0.0,0.0,0.0,12.7,4.9,81
sao_paulo,Sao Paulo,SP,2025-07-07,14.1,19.5,10.6,0.0,0.0,0.0,9.9,7.0,79
sao_paulo,Sao Paulo,SP,2025-07-08,15.9,22.2,11.4,0.0,0.0,0.0,11.8,6.0,70
sao_paulo,Sao Paulo,SP,2025-07-09,13.9,20.0,9.1,0.0,0.0,0.0,12.2,7.1,78
sao_paulo,Sao Paulo,SP,2025-07-10,15.2,21.4,11.6,0.0,0.0,0.0,12.0,7.9,76
sao_paulo,Sao Paulo,SP,2025-07-11,16.6,22.0,12.1,0.1,0.1,1.0,9.1,5.2,74
sao_paulo,Sao Paulo,SP,2025-07-12,17.6,22.9,13.6,0.0,0.0,0.0,13.1,7.8,66
sao_paulo,Sao Paulo,SP,2025-07-13,16.9,22.5,14.0,0.0,0.0,0.0,12.1,8.4,64
sao_paulo,Sao Paulo,SP,2025-07-14,15.8,21.8,11.6,0.0,0.0,0.0,11.0,5.5,68
sao_paulo,Sao Paulo,SP,2025-07-15,15.9,22.5,9.3,0.0,0.0,0.0,8.5,4.8,63
sao_paulo,Sao Paulo,SP,2025-07-16,16.7,22.9,10.9,0.0,0.0,0.0,9.2,6.1,54
sao_paulo,Sao Paulo,SP,2025-07-17,17.6,23.8,10.4,0.0,0.0,0.0,13.4,7.4,48
sao_paulo,Sao Paulo,SP,2025-07-18,18.1,24.0,13.6,0.0,0.0,0.0,20.2,9.9,57
sao_paulo,Sao Paulo,SP,2025-07-19,14.4,20.5,10.2,0.0,0.0,0.0,9.3,5.5,68
sao_paulo,Sao Paulo,SP,2025-07-20,14.3,21.2,9.2,0.0,0.0,0.0,9.4,6.6,76
sao_paulo,Sao Paulo,SP,2025-07-21,17.1,24.9,11.6,0.0,0.0,0.0,10.6,5.7,73
sao_paulo,Sao Paulo,SP,2025-07-22,18.8,25.2,13.3,0.0,0.0,0.0,13.7,6.0,65
sao_paulo,Sao Paulo,SP,2025-07-23,16.7,21.5,12.9,0.0,0.0,0.0,10.1,5.2,65
sao_paulo,Sao Paulo,SP,2025-07-24,16.0,22.0,12.5,0.1,0.1,1.0,13.8,8.8,79
sao_paulo,Sao Paulo,SP,2025-07-25,15.8,18.6,13.6,5.1,5.1,6.0,8.6,5.9,85
sao_paulo,Sao Paulo,SP,2025-07-26,17.4,23.8,12.4,0.0,0.0,0.0,8.4,6.6,71
sao_paulo,Sao Paulo,SP,2025-07-27,19.8,26.5,12.6,0.0,0.0,0.0,15.7,9.7,58
sao_paulo,Sao Paulo,SP,2025-07-28,20.2,23.2,17.2,1.7,1.7,6.0,30.4,20.1,63
sao_paulo,Sao Paulo,SP,2025-07-29,14.4,18.8,10.5,0.1,0.1,1.0,14.5,9.4,58
sao_paulo,Sao Paulo,SP,2025-07-30,11.4,16.4,7.6,0.0,0.0,0.0,9.9,7.2,69
sao_paulo,Sao Paulo,SP,2025-07-31,12.6,19.8,6.9,0.0,0.0,0.0,10.8,8.5,72
sao_paulo,Sao Paulo,SP,2025-08-01,15.8,23.7,9.2,0.0,0.0,0.0,11.1,8.2,68
sao_paulo,Sao Paulo,SP,2025-08-02,18.3,26.3,10.5,0.0,0.0,0.0,8.8,6.8,55
sao_paulo,Sao Paulo,SP,2025-08-03,18.9,25.2,12.1,0.0,0.0,0.0,14.8,7.1,45
sao_paulo,Sao Paulo,SP,2025-08-04,17.2,22.5,12.4,0.0,0.0,0.0,9.4,4.9,58
sao_paulo,Sao Paulo,SP,2025-08-05,15.9,20.0,13.4,0.8,0.8,6.0,12.3,7.0,79
sao_paulo,Sao Paulo,SP,2025-08-06,15.5,18.9,13.6,0.5,0.5,5.0,12.8,9.9,80
sao_paulo,Sao Paulo,SP,2025-08-07,17.6,25.2,12.7,0.0,0.0,0.0,10.0,5.0,69
sao_paulo,Sao Paulo,SP,2025-08-08,17.9,25.3,12.4,6.6,6.6,5.0,21.0,9.4,73
sao_paulo,Sao Paulo,SP,2025-08-09,14.1,18.2,10.1,2.3,2.3,10.0,15.4,8.9,73
sao_paulo,Sao Paulo,SP,2025-08-10,11.3,15.1,8.8,0.5,0.5,5.0,11.0,7.6,79
sao_paulo,Sao Paulo,SP,2025-08-11,11.3,17.1,7.2,0.0,0.0,0.0,13.0,6.5,80
sao_paulo,Sao Paulo,SP,2025-08-12,13.2,19.4,10.1,0.0,0.0,0.0,10.1,6.9,75
sao_paulo,Sao Paulo,SP,2025-08-13,16.6,24.9,9.6,0.0,0.0,0.0,10.3,5.7,60
sao_paulo,Sao Paulo,SP,2025-08-14,14.6,19.1,11.7,0.0,0.0,0.0,13.0,8.0,70
sao_paulo,Sao Paulo,SP,2025-08-15,14.8,20.6,10.6,0.0,0.0,0.0,14.4,11.0,74
sao_paulo,Sao Paulo,SP,2025-08-16,16.3,23.4,12.8,0.0,0.0,0.0,12.2,9.2,77
sao_paulo,Sao Paulo,SP,2025-08-17,17.9,25.5,13.6,0.0,0.0,0.0,8.9,6.2,75
sao_paulo,Sao Paulo,SP,2025-08-18,16.7,23.6,12.5,0.0,0.0,0.0,13.6,7.0,77
sao_paulo,Sao Paulo,SP,2025-08-19,18.6,26.8,12.5,0.0,0.0,0.0,13.9,10.5,69
sao_paulo,Sao Paulo,SP,2025-08-20,22.4,28.8,16.5,0.1,0.1,1.0,15.0,9.7,49
sao_paulo,Sao Paulo,SP,2025-08-21,23.1,29.8,18.4,0.4,0.4,3.0,12.3,7.2,56
sao_paulo,Sao Paulo,SP,2025-08-22,24.2,31.0,17.5,0.0,0.0,0.0,11.0,8.9,50
sao_paulo,Sao Paulo,SP,2025-08-23,25.0,31.2,19.1,0.0,0.0,0.0,16.0,10.6,34
sao_paulo,Sao Paulo,SP,2025-08-24,18.1,21.7,14.9,0.1,0.1,1.0,13.6,10.6,72
sao_paulo,Sao Paulo,SP,2025-08-25,18.2,28.2,14.2,0.0,0.0,0.0,13.3,7.6,76
sao_paulo,Sao Paulo,SP,2025-08-26,16.8,23.0,13.6,3.5,3.5,4.0,11.9,8.2,80
sao_paulo,Sao Paulo,SP,2025-08-27,16.9,21.5,14.1,5.0,5.0,5.0,11.6,7.3,87
sao_paulo,Sao Paulo,SP,2025-08-28,17.5,24.0,15.0,0.5,0.5,5.0,14.4,7.7,82
sao_paulo,Sao Paulo,SP,2025-08-29,16.6,21.2,13.9,8.8,8.8,5.0,9.4,6.1,86
sao_paulo,Sao Paulo,SP,2025-08-30,17.3,22.5,14.6,0.3,0.3,3.0,12.6,8.1,82
sao_paulo,Sao Paulo,SP,2025-08-31,17.3,24.2,13.2,0.0,0.0,0.0,13.5,10.0,80
sao_paulo,Sao Paulo,SP,2025-09-01,18.6,24.7,15.0,0.2,0.2,2.0,15.4,10.8,79
sao_paulo,Sao Paulo,SP,2025-09-02,19.7,25.0,15.4,2.2,2.2,2.0,14.1,9.8,73
sao_paulo,Sao Paulo,SP,2025-09-03,20.4,27.3,14.4,0.0,0.0,0.0,13.3,7.5,64
sao_paulo,Sao Paulo,SP,2025-09-04,21.2,27.7,14.4,0.0,0.0,0.0,10.2,6.1,51
sao_paulo,Sao Paulo,SP,2025-09-05,20.1,30.2,15.2,0.0,0.0,0.0,12.4,6.6,61
sao_paulo,Sao Paulo,SP,2025-09-06,16.2,18.5,14.9,0.3,0.3,3.0,13.6,12.0,81
sao_paulo,Sao Paulo,SP,2025-09-07,17.0,21.0,14.7,0.3,0.3,3.0,12.5,10.6,82
sao_paulo,Sao Paulo,SP,2025-09-08,21.3,29.2,15.4,0.0,0.0,0.0,12.0,9.1,69
sao_paulo,Sao Paulo,SP,2025-09-09,22.8,26.5,19.2,0.0,0.0,0.0,30.4,14.4,49
sao_paulo,Sao Paulo,SP,2025-09-10,19.1,26.6,14.1,0.0,0.0,0.0,11.4,5.2,64
sao_paulo,Sao Paulo,SP,2025-09-11,19.6,30.2,11.4,0.0,0.0,0.0,9.6,5.7,61
sao_paulo,Sao Paulo,SP,2025-09-12,17.0,21.9,13.6,0.0,0.0,0.0,13.5,10.7,69
sao_paulo,Sao Paulo,SP,2025-09-13,16.1,22.8,12.2,0.0,0.0,0.0,15.3,10.9,73
sao_paulo,Sao Paulo,SP,2025-09-14,17.2,25.5,13.6,0.0,0.0,0.0,15.7,10.4,74
sao_paulo,Sao Paulo,SP,2025-09-15,18.8,28.2,14.1,0.0,0.0,0.0,12.9,8.1,75
sao_paulo,Sao Paulo,SP,2025-09-16,19.7,25.9,14.9,1.5,1.5,1.0,19.2,5.5,74
sao_paulo,Sao Paulo,SP,2025-09-17,18.3,23.9,15.4,0.1,0.1,1.0,16.3,10.2,73
sao_paulo,Sao Paulo,SP,2025-09-18,18.2,24.5,14.5,0.0,0.0,0.0,12.6,10.0,73
sao_paulo,Sao Paulo,SP,2025-09-19,21.8,31.1,14.8,0.0,0.0,0.0,13.5,7.6,65
sao_paulo,Sao Paulo,SP,2025-09-20,25.2,31.1,19.9,0.0,0.0,0.0,15.6,8.9,50
sao_paulo,Sao Paulo,SP,2025-09-21,26.2,33.0,20.5,0.3,0.3,2.0,24.6,13.2,49
sao_paulo,Sao Paulo,SP,2025-09-22,21.6,24.6,18.3,9.1,9.1,10.0,26.8,17.0,77
sao_paulo,Sao Paulo,SP,2025-09-23,15.9,19.4,13.1,3.1,3.1,7.0,13.6,10.2,82
sao_paulo,Sao Paulo,SP,2025-09-24,15.5,19.2,13.4,0.5,0.5,5.0,16.5,12.2,84
sao_paulo,Sao Paulo,SP,2025-09-25,14.5,17.0,13.0,0.2,0.2,2.0,17.4,14.4,82
sao_paulo,Sao Paulo,SP,2025-09-26,14.3,18.0,12.1,0.5,0.5,5.0,17.2,13.0,76
sao_paulo,Sao Paulo,SP,2025-09-27,16.0,24.0,10.1,0.0,0.0,0.0,14.7,9.2,69
sao_paulo,Sao Paulo,SP,2025-09-28,19.5,29.6,11.4,0.0,0.0,0.0,12.5,8.8,62
sao_paulo,Sao Paulo,SP,2025-09-29,22.1,30.1,15.7,0.0,0.0,0.0,12.8,6.3,60
sao_paulo,Sao Paulo,SP,2025-09-30,24.1,33.0,16.4,0.0,0.0,0.0,13.2,8.1,53
sao_paulo,Sao Paulo,SP,2025-10-01,21.2,28.2,16.4,0.4,0.4,1.0,12.0,8.3,69
sao_paulo,Sao Paulo,SP,2025-10-02,19.9,26.6,16.6,0.0,0.0,0.0,12.7,8.7,75
sao_paulo,Sao Paulo,SP,2025-10-03,21.1,28.5,16.9,2.8,2.8,3.0,12.5,7.4,74
sao_paulo,Sao Paulo,SP,2025-10-04,20.1,23.9,17.4,2.7,2.7,5.0,10.4,4.8,77
sao_paulo,Sao Paulo,SP,2025-10-05,24.5,30.7,18.1,0.0,0.0,0.0,9.6,6.1,52
sao_paulo,Sao Paulo,SP,2025-10-06,27.5,33.8,20.5,0.0,0.0,0.0,12.4,8.3,38
sao_paulo,Sao Paulo,SP,2025-10-07,19.0,22.8,15.5,1.0,1.0,10.0,19.8,14.3,79
sao_paulo,Sao Paulo,SP,2025-10-08,15.4,18.5,13.6,13.8,13.8,15.0,16.9,14.8,82
sao_paulo,Sao Paulo,SP,2025-10-09,16.4,22.5,12.6,1.0,1.0,6.0,19.6,12.9,78
sao_paulo,Sao Paulo,SP,2025-10-10,17.1,22.5,14.4,18.5,18.5,13.0,13.2,7.7,88
sao_paulo,Sao Paulo,SP,2025-10-11,18.7,24.6,14.6,6.6,6.6,4.0,8.3,4.8,85
sao_paulo,Sao Paulo,SP,2025-10-12,21.5,28.5,16.4,2.4,2.4,4.0,13.8,8.7,73
sao_paulo,Sao Paulo,SP,2025-10-13,20.6,24.9,18.0,5.1,5.1,10.0,20.2,15.7,80
sao_paulo,Sao Paulo,SP,2025-10-14,19.6,23.5,16.9,0.6,0.6,4.0,15.1,10.0,82
sao_paulo,Sao Paulo,SP,2025-10-15,18.1,22.7,14.8,0.1,0.1,1.0,12.5,9.4,82
sao_paulo,Sao Paulo,SP,2025-10-16,20.7,30.1,16.2,0.0,0.0,0.0,13.6,6.5,78
sao_paulo,Sao Paulo,SP,2025-10-17,23.9,32.3,16.7,7.9,7.9,3.0,8.3,4.6,66
sao_paulo,Sao Paulo,SP,2025-10-18,19.6,21.6,16.0,26.3,26.3,21.0,23.1,11.7,90
sao_paulo,Sao Paulo,SP,2025-10-19,13.7,15.9,11.2,2.1,2.1,16.0,19.9,14.2,85
sao_paulo,Sao Paulo,SP,2025-10-20,13.2,16.8,10.3,0.3,0.3,3.0,17.6,13.7,77
sao_paulo,Sao Paulo,SP,2025-10-21,14.1,20.1,9.5,0.0,0.0,0.0,16.6,13.1,73
sao_paulo,Sao Paulo,SP,2025-10-22,15.3,22.3,10.4,0.0,0.0,0.0,14.1,11.7,71
sao_paulo,Sao Paulo,SP,2025-10-23,16.8,24.0,11.2,0.0,0.0,0.0,14.5,10.8,66
sao_paulo,Sao Paulo,SP,2025-10-24,18.9,26.8,12.5,0.0,0.0,0.0,13.7,9.8,62
sao_paulo,Sao Paulo,SP,2025-10-25,22.1,28.8,14.2,0.0,0.0,0.0,12.2,9.2,52
sao_paulo,Sao Paulo,SP,2025-10-26,24.1,32.2,16.7,0.0,0.0,0.0,10.6,5.7,49
sao_paulo,Sao Paulo,SP,2025-10-27,20.2,22.2,18.5,1.8,1.8,6.0,7.6,3.9,74
sao_paulo,Sao Paulo,SP,2025-10-28,19.6,22.9,17.5,13.7,13.7,19.0,8.7,4.8,88
sao_paulo,Sao Paulo,SP,2025-10-29,20.7,25.5,16.6,17.6,17.6,15.0,19.9,9.9,85
sao_paulo,Sao Paulo,SP,2025-10-30,16.4,19.2,15.0,7.6,7.6,14.0,10.5,8.7,86
sao_paulo,Sao Paulo,SP,2025-10-31,17.2,22.0,14.6,18.5,18.5,15.0,11.4,6.8,89
sao_paulo,Sao Paulo,SP,2025-11-01,20.8,26.9,16.4,1.1,1.1,5.0,10.8,6.5,80
sao_paulo,Sao Paulo,SP,2025-11-02,18.9,21.4,17.8,22.5,22.5,15.0,16.4,9.0,92
sao_paulo,Sao Paulo,SP,2025-11-03,20.6,25.9,18.1,9.1,9.1,7.0,17.0,10.3,82
sao_paulo,Sao Paulo,SP,2025-11-04,21.2,28.1,17.2,3.0,3.0,9.0,10.7,6.2,84
sao_paulo,Sao Paulo,SP,2025-11-05,23.0,28.4,18.9,4.8,4.8,3.0,19.0,10.4,78
sao_paulo,Sao Paulo,SP,2025-11-06,18.1,21.1,15.6,1.3,1.3,6.0,14.6,11.8,77
sao_paulo,Sao Paulo,SP,2025-11-07,20.0,28.9,13.9,0.8,0.8,3.0,12.9,8.8,72
sao_paulo,Sao Paulo,SP,2025-11-08,21.3,25.5,16.1,7.2,7.2,13.0,25.6,17.3,78
sao_paulo,Sao Paulo,SP,2025-11-09,16.6,21.0,14.1,0.4,0.4,4.0,15.1,11.8,76
sao_paulo,Sao Paulo,SP,2025-11-10,16.4,22.6,12.2,0.0,0.0,0.0,14.5,9.9,70
sao_paulo,Sao Paulo,SP,2025-11-11,18.0,26.8,11.9,0.0,0.0,0.0,14.3,8.9,67
sao_paulo,Sao Paulo,SP,2025-11-12,21.8,31.1,13.9,0.0,0.0,0.0,13.6,7.5,60
sao_paulo,Sao Paulo,SP,2025-11-13,22.5,28.0,18.5,1.3,1.3,3.0,9.2,4.2,61
sao_paulo,Sao Paulo,SP,2025-11-14,19.1,22.8,17.6,13.2,13.2,5.0,11.7,6.1,75
sao_paulo,Sao Paulo,SP,2025-11-15,20.4,25.2,16.6,0.0,0.0,0.0,11.9,8.0,73
sao_paulo,Sao Paulo,SP,2025-11-16,20.9,24.2,18.2,11.0,11.0,13.0,15.4,8.0,84
sao_paulo,Sao Paulo,SP,2025-11-17,21.6,26.5,19.0,21.6,21.6,13.0,13.8,9.3,85
sao_paulo,Sao Paulo,SP,2025-11-18,20.7,25.0,17.6,12.5,12.5,19.0,23.6,15.8,83
sao_paulo,Sao Paulo,SP,2025-11-19,18.5,24.4,14.8,0.1,0.1,1.0,13.7,10.6,70
sao_paulo,Sao Paulo,SP,2025-11-20,17.8,23.2,14.4,0.2,0.2,2.0,15.1,10.4,74
sao_paulo,Sao Paulo,SP,2025-11-21,21.7,30.4,13.4,0.0,0.0,0.0,14.2,8.7,57
sao_paulo,Sao Paulo,SP,2025-11-22,23.2,29.4,18.5,2.0,2.0,4.0,10.9,7.1,63
sao_paulo,Sao Paulo,SP,2025-11-23,20.1,25.5,17.5,13.1,13.1,8.0,14.6,7.7,81
sao_paulo,Sao Paulo,SP,2025-11-24,18.8,23.0,16.7,27.0,27.0,20.0,12.8,7.0,85
sao_paulo,Sao Paulo,SP,2025-11-25,18.0,22.7,15.1,1.0,1.0,9.0,12.5,8.8,80
sao_paulo,Sao Paulo,SP,2025-11-26,17.9,22.4,14.4,0.0,0.0,0.0,13.7,8.5,72
sao_paulo,Sao Paulo,SP,2025-11-27,18.0,26.6,12.0,0.0,0.0,0.0,14.3,8.5,73
sao_paulo,Sao Paulo,SP,2025-11-28,22.4,30.3,16.1,0.9,0.9,3.0,13.9,7.8,65
sao_paulo,Sao Paulo,SP,2025-11-29,24.2,31.6,17.3,0.0,0.0,0.0,13.2,6.5,50
sao_paulo,Sao Paulo,SP,2025-11-30,24.8,34.0,18.4,0.1,0.1,1.0,11.3,6.6,53
sao_paulo,Sao Paulo,SP,2025-12-01,23.8,33.5,19.2,0.3,0.3,1.0,11.9,6.7,68
sao_paulo,Sao Paulo,SP,2025-12-02,23.0,28.4,20.5,16.5,16.5,9.0,14.4,7.3,75
sao_paulo,Sao Paulo,SP,2025-12-03,22.5,29.3,18.5,5.6,5.6,7.0,13.4,5.1,76
sao_paulo,Sao Paulo,SP,2025-12-04,20.0,25.0,17.3,0.4,0.4,4.0,15.3,9.4,75
sao_paulo,Sao Paulo,SP,2025-12-05,21.1,30.4,15.9,0.2,0.2,2.0,16.9,9.0,70
sao_paulo,Sao Paulo,SP,2025-12-06,23.5,32.1,17.4,0.9,0.9,2.0,12.5,6.8,66
sao_paulo,Sao Paulo,SP,2025-12-07,25.0,32.1,19.9,1.6,1.6,3.0,10.8,6.1,63
sao_paulo,Sao Paulo,SP,2025-12-08,22.8,27.5,19.7,16.8,16.8,13.0,17.0,6.4,76
sao_paulo,Sao Paulo,SP,2025-12-09,20.4,21.6,18.9,15.4,15.4,23.0,28.7,18.2,89
sao_paulo,Sao Paulo,SP,2025-12-10,22.8,26.7,19.2,4.0,4.0,8.0,38.6,26.4,69
sao_paulo,Sao Paulo,SP,2025-12-11,24.1,29.2,20.0,0.0,0.0,0.0,21.6,17.3,53
sao_paulo,Sao Paulo,SP,2025-12-12,23.3,29.9,18.1,3.5,3.5,8.0,16.8,8.1,63
sao_paulo,Sao Paulo,SP,2025-12-13,21.6,26.9,18.9,24.5,24.5,23.0,19.2,13.5,85
sao_paulo,Sao Paulo,SP,2025-12-14,22.2,26.5,19.4,7.5,7.5,14.0,18.5,13.1,82
sao_paulo,Sao Paulo,SP,2025-12-15,24.2,28.4,20.2,2.2,2.2,5.0,14.5,8.3,76
sao_paulo,Sao Paulo,SP,2025-12-16,23.3,29.7,19.2,10.8,10.8,11.0,16.1,10.7,83
sao_paulo,Sao Paulo,SP,2025-12-17,17.0,19.0,15.2,7.4,7.4,13.0,19.1,14.2,84
sao_paulo,Sao Paulo,SP,2025-12-18,18.5,23.8,14.6,0.0,0.0,0.0,13.0,9.0,82
sao_paulo,Sao Paulo,SP,2025-12-19,20.2,24.5,17.5,0.4,0.4,3.0,12.9,8.2,85
sao_paulo,Sao Paulo,SP,2025-12-20,21.5,27.1,17.8,0.5,0.5,5.0,12.4,8.5,80
sao_paulo,Sao Paulo,SP,2025-12-21,24.5,33.2,18.3,0.3,0.3,2.0,13.3,7.6,63
sao_paulo,Sao Paulo,SP,2025-12-22,26.4,31.9,20.6,1.1,1.1,4.0,11.6,7.6,52
sao_paulo,Sao Paulo,SP,2025-12-23,27.7,32.8,22.8,0.2,0.2,2.0,12.5,8.3,47
sao_paulo,Sao Paulo,SP,2025-12-24,28.3,33.5,23.1,1.6,1.6,6.0,9.4,6.4,47
sao_paulo,Sao Paulo,SP,2025-12-25,28.7,33.8,23.0,1.4,1.4,4.0,9.3,4.7,51
sao_paulo,Sao Paulo,SP,2025-12-26,28.0,34.0,23.0,0.4,0.4,2.0,12.1,7.2,55
sao_paulo,Sao Paulo,SP,2025-12-27,27.1,35.0,22.7,4.4,4.4,2.0,9.7,4.2,66
sao_paulo,Sao Paulo,SP,2025-12-28,27.9,35.0,23.1,13.2,13.2,6.0,12.6,4.7,61
sao_paulo,Sao Paulo,SP,2025-12-29,26.2,33.3,22.6,5.0,5.0,7.0,13.6,6.0,71
sao_paulo,Sao Paulo,SP,2025-12-30,24.9,31.2,21.0,8.0,8.0,7.0,12.2,4.7,78
sao_paulo,Sao Paulo,SP,2025-12-31,23.9,29.5,20.1,8.0,8.0,10.0,14.9,7.4,81
sao_paulo,Sao Paulo,SP,2026-01-01,24.3,29.0,21.1,3.4,3.4,6.0,18.1,12.0,76
sao_paulo,Sao Paulo,SP,2026-01-02,22.8,26.7,20.5,17.5,17.5,21.0,18.3,12.1,83
sao_paulo,Sao Paulo,SP,2026-01-03,24.3,29.6,19.9,2.8,2.8,11.0,14.9,9.3,73
sao_paulo,Sao Paulo,SP,2026-01-04,21.0,24.2,18.0,2.0,2.0,11.0,14.4,10.8,79
sao_paulo,Sao Paulo,SP,2026-01-05,19.1,22.4,17.2,0.2,0.2,2.0,17.4,12.8,78
sao_paulo,Sao Paulo,SP,2026-01-06,21.1,27.0,16.2,1.2,1.2,7.0,15.2,9.4,72
sao_paulo,Sao Paulo,SP,2026-01-07,22.8,28.0,18.8,4.5,4.5,9.0,12.7,6.8,73
sao_paulo,Sao Paulo,SP,2026-01-08,22.9,29.4,19.0,14.7,14.7,12.0,13.6,7.1,74
sao_paulo,Sao Paulo,SP,2026-01-09,24.3,32.2,20.0,12.8,12.8,5.0,12.5,5.3,74
sao_paulo,Sao Paulo,SP,2026-01-10,26.4,32.8,20.5,6.1,6.1,3.0,13.5,7.7,61
sao_paulo,Sao Paulo,SP,2026-01-11,27.0,32.6,20.3,0.4,0.4,1.0,15.0,8.2,58
sao_paulo,Sao Paulo,SP,2026-01-12,26.8,33.8,20.4,6.3,6.3,4.0,14.5,7.3,56
sao_paulo,Sao Paulo,SP,2026-01-13,23.1,29.4,19.8,1.7,1.7,10.0,11.1,7.4,73
sao_paulo,Sao Paulo,SP,2026-01-14,22.2,28.5,19.2,18.6,18.6,12.0,10.2,6.5,79
sao_paulo,Sao Paulo,SP,2026-01-15,21.8,26.2,19.5,15.4,15.4,14.0,15.8,6.7,84
sao_paulo,Sao Paulo,SP,2026-01-16,22.2,28.5,19.2,21.5,21.5,15.0,10.9,5.7,83
sao_paulo,Sao Paulo,SP,2026-01-17,21.9,26.8,18.9,22.0,22.0,13.0,14.2,6.1,83
sao_paulo,Sao Paulo,SP,2026-01-18,22.2,25.8,19.5,16.6,16.6,18.0,16.7,9.4,82
sao_paulo,Sao Paulo,SP,2026-01-19,20.1,24.4,17.5,21.4,21.4,18.0,23.4,15.6,89
sao_paulo,Sao Paulo,SP,2026-01-20,17.8,20.5,15.6,1.3,1.3,8.0,16.2,13.2,81
sao_paulo,Sao Paulo,SP,2026-01-21,16.9,19.2,14.9,10.6,10.6,4.0,14.6,10.4,84
sao_paulo,Sao Paulo,SP,2026-01-22,17.5,20.8,15.4,13.2,13.2,13.0,14.2,9.0,86
sao_paulo,Sao Paulo,SP,2026-01-23,19.1,23.4,15.9,3.3,3.3,10.0,14.8,9.2,86
sao_paulo,Sao Paulo,SP,2026-01-24,20.1,24.1,17.5,3.3,3.3,12.0,13.4,8.9,85
sao_paulo,Sao Paulo,SP,2026-01-25,20.7,25.6,18.0,10.4,10.4,12.0,10.0,6.4,86
sao_paulo,Sao Paulo,SP,2026-01-26,20.9,26.0,17.1,6.2,6.2,7.0,9.6,5.7,85
sao_paulo,Sao Paulo,SP,2026-01-27,21.8,28.2,18.0,0.9,0.9,3.0,14.0,5.5,84
sao_paulo,Sao Paulo,SP,2026-01-28,22.1,27.6,18.0,6.3,6.3,11.0,8.7,5.2,81
sao_paulo,Sao Paulo,SP,2026-01-29,21.6,27.6,17.6,17.9,17.9,10.0,10.4,5.9,83
sao_paulo,Sao Paulo,SP,2026-01-30,20.5,25.4,18.2,19.0,19.0,15.0,14.8,9.0,85
sao_paulo,Sao Paulo,SP,2026-01-31,22.0,26.9,18.2,0.5,0.5,5.0,16.1,10.9,80
sao_paulo,Sao Paulo,SP,2026-02-01,22.2,27.0,19.7,3.7,3.7,11.0,22.5,14.0,82
sao_paulo,Sao Paulo,SP,2026-02-02,21.2,25.1,19.1,9.9,9.9,16.0,14.1,8.7,88
sao_paulo,Sao Paulo,SP,2026-02-03,21.8,25.6,19.5,27.1,27.1,23.0,13.4,7.3,88
sao_paulo,Sao Paulo,SP,2026-02-04,22.1,26.7,20.0,11.9,11.9,20.0,16.4,9.6,86
sao_paulo,Sao Paulo,SP,2026-02-05,21.7,25.0,19.5,4.7,4.7,14.0,12.2,7.0,87
sao_paulo,Sao Paulo,SP,2026-02-06,22.4,28.1,19.2,6.3,6.3,6.0,13.2,5.3,85
sao_paulo,Sao Paulo,SP,2026-02-07,22.1,27.1,19.5,16.8,16.8,14.0,8.7,5.3,89
sao_paulo,Sao Paulo,SP,2026-02-08,20.8,26.1,18.3,17.8,17.8,17.0,13.0,4.9,85
sao_paulo,Sao Paulo,SP,2026-02-09,19.8,23.2,18.3,19.2,19.2,17.0,8.0,3.8,92
sao_paulo,Sao Paulo,SP,2026-02-10,21.0,24.6,18.1,29.1,29.1,19.0,14.8,7.7,87
sao_paulo,Sao Paulo,SP,2026-02-11,22.2,25.9,19.6,12.3,12.3,16.0,18.4,12.7,81
sao_paulo,Sao Paulo,SP,2026-02-12,24.2,29.1,20.2,2.0,2.0,7.0,13.4,8.8,76
sao_paulo,Sao Paulo,SP,2026-02-13,25.9,31.6,21.2,1.8,1.8,5.0,11.8,6.1,66
sao_paulo,Sao Paulo,SP,2026-02-14,23.7,28.9,20.8,0.5,0.5,3.0,13.0,6.8,78
sao_paulo,Sao Paulo,SP,2026-02-15,24.5,32.2,19.5,0.0,0.0,0.0,12.4,6.9,69
sao_paulo,Sao Paulo,SP,2026-02-16,26.0,33.6,19.0,0.4,0.4,1.0,9.6,4.7,62
sao_paulo,Sao Paulo,SP,2026-02-17,26.2,31.5,21.3,4.3,4.3,5.0,11.8,6.5,61
sao_paulo,Sao Paulo,SP,2026-02-18,23.8,27.6,20.6,3.4,3.4,8.0,9.9,5.6,76
sao_paulo,Sao Paulo,SP,2026-02-19,23.0,27.5,20.3,2.9,2.9,11.0,11.4,6.0,81
sao_paulo,Sao Paulo,SP,2026-02-20,24.1,31.8,19.2,0.2,0.2,2.0,12.1,6.5,74
sao_paulo,Sao Paulo,SP,2026-02-21,23.4,29.8,20.0,15.0,15.0,8.0,14.5,8.3,78
sao_paulo,Sao Paulo,SP,2026-02-22,21.5,25.6,18.9,11.9,11.9,17.0,16.4,9.4,86
sao_paulo,Sao Paulo,SP,2026-02-23,21.3,23.8,19.3,9.7,9.7,14.0,12.9,7.3,90
sao_paulo,Sao Paulo,SP,2026-02-24,22.1,26.8,19.2,30.1,30.1,15.0,7.3,5.1,87
sao_paulo,Sao Paulo,SP,2026-02-25,22.7,27.5,19.6,23.0,23.0,15.0,10.5,5.2,87
sao_paulo,Sao Paulo,SP,2026-02-26,21.2,23.5,19.8,15.1,15.1,20.0,22.6,10.0,90
sao_paulo,Sao Paulo,SP,2026-02-27,19.9,22.6,17.9,1.5,1.5,13.0,15.1,11.3,85
sao_paulo,Sao Paulo,SP,2026-02-28,19.0,23.0,16.0,0.3,0.3,3.0,13.6,9.1,79
sao_paulo,Sao Paulo,SP,2026-03-01,18.7,22.8,15.6,0.0,0.0,0.0,13.0,9.3,76
sao_paulo,Sao Paulo,SP,2026-03-02,18.8,24.5,14.9,0.1,0.1,1.0,11.9,7.3,78
sao_paulo,Sao Paulo,SP,2026-03-03,20.2,27.0,16.3,0.0,0.0,0.0,12.5,6.7,75
sao_paulo,Sao Paulo,SP,2026-03-04,21.1,28.9,16.9,0.1,0.1,1.0,13.3,6.6,71
sao_paulo,Sao Paulo,SP,2026-03-05,22.5,30.4,18.0,1.3,1.3,3.0,12.3,6.9,73
sao_paulo,Sao Paulo,SP,2026-03-06,22.9,29.1,20.4,3.2,3.2,5.0,11.7,7.1,80
sao_paulo,Sao Paulo,SP,2026-03-07,22.1,27.2,19.6,25.4,25.4,13.0,14.8,8.3,88
sao_paulo,Sao Paulo,SP,2026-03-08,21.6,26.4,18.6,10.4,10.4,8.0,15.2,8.8,84
sao_paulo,Sao Paulo,SP,2026-03-09,19.8,21.9,18.1,13.7,13.7,13.0,13.0,7.2,92
sao_paulo,Sao Paulo,SP,2026-03-10,19.2,20.8,18.0,15.8,15.8,21.0,8.5,6.4,94
sao_paulo,Sao Paulo,SP,2026-03-11,19.7,21.8,18.5,18.5,18.5,24.0,9.2,6.8,94
sao_paulo,Sao Paulo,SP,2026-03-12,19.8,21.8,18.7,26.6,26.6,21.0,14.6,10.0,92
sao_paulo,Sao Paulo,SP,2026-03-13,20.2,24.5,17.5,3.2,3.2,9.0,10.6,6.0,87
sao_paulo,Sao Paulo,SP,2026-03-14,21.0,27.0,16.1,0.1,0.1,1.0,8.1,4.0,80
sao_paulo,Sao Paulo,SP,2026-03-15,23.1,28.5,17.8,0.9,0.9,4.0,10.9,5.0,73
sao_paulo,Sao Paulo,SP,2026-03-16,24.4,31.7,17.8,0.0,0.0,0.0,12.7,6.4,65
sao_paulo,Sao Paulo,SP,2026-03-17,23.8,31.6,17.5,0.4,0.4,1.0,12.9,6.3,68
sao_paulo,Sao Paulo,SP,2026-03-18,23.5,29.1,19.4,13.6,13.6,10.0,10.2,4.4,76
sao_paulo,Sao Paulo,SP,2026-03-19,22.2,25.2,19.6,8.3,8.3,12.0,9.1,5.5,82
sao_paulo,Sao Paulo,SP,2026-03-20,21.3,25.9,18.0,0.4,0.4,3.0,11.8,7.2,81
sao_paulo,Sao Paulo,SP,2026-03-21,22.9,30.0,18.6,0.0,0.0,0.0,12.3,6.0,74
sao_paulo,Sao Paulo,SP,2026-03-22,23.3,29.9,17.2,0.1,0.1,1.0,12.3,5.5,65
sao_paulo,Sao Paulo,SP,2026-03-23,22.9,29.8,18.8,0.4,0.4,3.0,14.7,7.0,66
sao_paulo,Sao Paulo,SP,2026-03-24,23.2,30.8,17.4,0.0,0.0,0.0,10.9,6.6,68
sao_paulo,Sao Paulo,SP,2026-03-25,23.7,28.2,20.1,2.8,2.8,9.0,9.9,5.8,69
sao_paulo,Sao Paulo,SP,2026-03-26,23.6,29.2,20.0,5.3,5.3,6.0,7.5,4.5,76
sao_paulo,Sao Paulo,SP,2026-03-27,23.5,29.9,19.4,0.0,0.0,0.0,14.1,7.3,72
sao_paulo,Sao Paulo,SP,2026-03-28,22.8,30.1,18.1,0.3,0.3,2.0,12.7,8.2,71
sao_paulo,Sao Paulo,SP,2026-03-29,23.2,30.8,18.4,0.0,0.0,0.0,12.0,7.5,70
sao_paulo,Sao Paulo,SP,2026-03-30,22.1,29.4,17.8,0.1,0.1,1.0,12.2,6.4,70
sao_paulo,Sao Paulo,SP,2026-03-31,20.2,24.8,17.8,20.1,20.1,15.0,9.8,4.8,79
sao_paulo,Sao Paulo,SP,2026-04-01,20.1,25.4,17.0,21.0,21.0,9.0,11.7,5.2,86
sao_paulo,Sao Paulo,SP,2026-04-02,21.7,27.2,18.4,6.5,6.5,15.0,13.2,6.3,81
sao_paulo,Sao Paulo,SP,2026-04-03,22.5,28.1,18.5,0.5,0.5,4.0,12.4,7.3,77
sao_paulo,Sao Paulo,SP,2026-04-04,22.3,28.4,18.9,6.9,6.9,5.0,10.4,5.6,83
sao_paulo,Sao Paulo,SP,2026-04-05,21.6,26.9,17.5,0.4,0.4,4.0,12.4,5.4,83
sao_paulo,Sao Paulo,SP,2026-04-06,22.2,27.5,18.7,0.5,0.5,4.0,12.4,7.4,81
sao_paulo,Sao Paulo,SP,2026-04-07,22.2,27.9,19.2,9.2,9.2,11.0,12.6,7.1,83
sao_paulo,Sao Paulo,SP,2026-04-08,22.1,24.8,19.9,1.6,1.6,5.0,16.5,12.0,80
sao_paulo,Sao Paulo,SP,2026-04-09,20.8,25.2,18.5,14.1,14.1,11.0,14.6,10.0,85
sao_paulo,Sao Paulo,SP,2026-04-10,18.3,21.0,16.8,1.5,1.5,6.0,10.3,7.8,85
sao_paulo,Sao Paulo,SP,2026-04-11,18.6,24.8,15.1,0.0,0.0,0.0,14.5,10.5,78
sao_paulo,Sao Paulo,SP,2026-04-12,19.4,26.4,14.6,0.0,0.0,0.0,12.1,8.2,78
sao_paulo,Sao Paulo,SP,2026-04-13,21.0,27.5,17.0,0.1,0.1,1.0,12.7,5.8,75
sao_paulo,Sao Paulo,SP,2026-04-14,20.3,26.9,16.5,0.0,0.0,0.0,14.8,7.4,74
sao_paulo,Sao Paulo,SP,2026-04-15,20.1,26.9,14.8,0.0,0.0,0.0,10.8,7.4,71
sao_paulo,Sao Paulo,SP,2026-04-16,21.2,28.0,15.7,0.0,0.0,0.0,10.3,5.7,72
sao_paulo,Sao Paulo,SP,2026-04-17,23.1,29.5,15.5,0.0,0.0,0.0,9.5,5.1,62
sao_paulo,Sao Paulo,SP,2026-04-18,23.1,27.6,19.7,3.1,3.1,7.0,14.4,7.6,64
sao_paulo,Sao Paulo,SP,2026-04-19,21.9,28.6,18.0,0.0,0.0,0.0,13.3,6.3,70
sao_paulo,Sao Paulo,SP,2026-04-20,20.0,26.9,15.9,0.0,0.0,0.0,11.2,7.2,69
sao_paulo,Sao Paulo,SP,2026-04-21,19.2,26.4,14.1,0.0,0.0,0.0,12.6,8.1,73
sao_paulo,Sao Paulo,SP,2026-04-22,20.4,27.3,15.9,0.0,0.0,0.0,13.0,7.4,71
sao_paulo,Sao Paulo,SP,2026-04-23,20.4,27.1,17.0,0.0,0.0,0.0,12.7,8.0,74
sao_paulo,Sao Paulo,SP,2026-04-24,22.0,29.1,16.8,0.0,0.0,0.0,10.3,6.7,67
sao_paulo,Sao Paulo,SP,2026-04-25,23.7,28.8,18.7,0.0,0.0,0.0,16.6,9.6,57
sao_paulo,Sao Paulo,SP,2026-04-26,24.7,29.9,18.8,0.0,0.0,0.0,17.1,9.8,57
sao_paulo,Sao Paulo,SP,2026-04-27,23.0,27.8,20.0,14.3,14.3,11.0,16.2,8.1,71
sao_paulo,Sao Paulo,SP,2026-04-28,21.4,27.0,19.1,12.2,12.2,10.0,10.6,5.7,86
sao_paulo,Sao Paulo,SP,2026-04-29,21.3,28.5,17.7,15.4,15.4,9.0,13.7,5.9,87
sao_paulo,Sao Paulo,SP,2026-04-30,20.3,27.4,17.2,3.3,3.3,7.0,14.2,6.8,85
sao_paulo,Sao Paulo,SP,2026-05-01,21.5,26.5,18.1,0.6,0.6,5.0,10.2,6.1,81
sao_paulo,Sao Paulo,SP,2026-05-02,22.2,27.5,19.0,0.2,0.2,1.0,15.5,8.2,71
sao_paulo,Sao Paulo,SP,2026-05-03,17.4,19.9,15.3,1.7,1.7,7.0,15.2,11.1,83
sao_paulo,Sao Paulo,SP,2026-05-04,19.0,25.0,14.2,2.2,2.2,5.0,13.9,7.4,81
sao_paulo,Sao Paulo,SP,2026-05-05,21.8,27.2,16.1,0.0,0.0,0.0,6.9,4.0,74
sao_paulo,Sao Paulo,SP,2026-05-06,22.8,28.7,17.5,0.0,0.0,0.0,10.4,6.7,66
sao_paulo,Sao Paulo,SP,2026-05-07,23.2,28.8,18.0,0.0,0.0,0.0,16.5,10.0,57
sao_paulo,Sao Paulo,SP,2026-05-08,24.1,28.1,20.8,0.1,0.1,1.0,22.3,14.7,54
sao_paulo,Sao Paulo,SP,2026-05-09,23.7,28.1,19.7,0.0,0.0,0.0,18.9,13.1,59
sao_paulo,Sao Paulo,SP,2026-05-10,15.4,18.9,12.9,12.6,12.6,19.0,10.8,7.0,88
sao_paulo,Sao Paulo,SP,2026-05-11,13.3,18.1,8.9,0.0,0.0,0.0,9.1,4.3,76
sao_paulo,Sao Paulo,SP,2026-05-12,13.5,19.7,8.4,0.0,0.0,0.0,9.0,4.9,77
sao_paulo,Sao Paulo,SP,2026-05-13,16.0,24.0,8.8,0.0,0.0,0.0,6.3,3.3,73
sao_paulo,Sao Paulo,SP,2026-05-14,18.3,25.6,12.8,0.0,0.0,0.0,10.0,4.5,74
sao_paulo,Sao Paulo,SP,2026-05-15,17.0,18.8,15.9,7.5,7.5,12.0,7.2,3.3,91
