date,target_date,month,temperature_2m_mean,temperature_range,precipitation_sum,rain_sum,precipitation_hours,wind_speed_10m_max,wind_speed_10m_mean,relative_humidity_2m_mean,rain_today,target_precipitation_tomorrow_mm,target_rain_tomorrow,predicted_probability,predicted_rain_tomorrow
2021-01-01,2021-01-02,1,23.100,9.200,0.300,0.300,3.000,17.400,8.000,73.000,0,4.200,1,0.3947,0
2021-01-02,2021-01-03,1,22.500,7.200,4.200,4.200,7.000,10.600,6.200,77.000,1,9.400,1,0.7321,1
2021-01-03,2021-01-04,1,22.400,9.500,9.400,9.400,6.000,16.500,7.100,76.000,1,4.800,1,0.7321,1
2021-01-04,2021-01-05,1,20.500,5.200,4.800,4.800,10.000,10.600,6.300,85.000,1,0.000,0,0.7321,1
2021-01-05,2021-01-06,1,22.900,9.200,0.000,0.000,0.000,8.000,5.000,73.000,0,0.300,0,0.3947,0
2021-01-06,2021-01-07,1,24.700,8.200,0.300,0.300,3.000,9.900,5.600,63.000,0,0.800,0,0.3947,0
2021-01-07,2021-01-08,1,23.400,7.900,0.800,0.800,3.000,11.200,6.400,75.000,0,1.100,1,0.3947,0
2021-01-08,2021-01-09,1,23.000,9.400,1.100,1.100,3.000,13.800,6.600,81.000,1,5.700,1,0.7321,1
2021-01-09,2021-01-10,1,23.700,8.000,5.700,5.700,9.000,7.300,4.900,74.000,1,11.500,1,0.7321,1
2021-01-10,2021-01-11,1,22.400,7.600,11.500,11.500,14.000,9.300,5.900,82.000,1,8.000,1,0.7321,1
2021-01-11,2021-01-12,1,22.300,8.200,8.000,8.000,7.000,14.500,7.400,83.000,1,10.100,1,0.7321,1
2021-01-12,2021-01-13,1,22.400,7.200,10.100,10.100,5.000,7.000,4.800,81.000,1,4.400,1,0.7321,1
2021-01-13,2021-01-14,1,23.200,8.100,4.400,4.400,7.000,14.000,5.400,78.000,1,4.300,1,0.7321,1
2021-01-14,2021-01-15,1,22.000,6.000,4.300,4.300,12.000,11.300,6.800,81.000,1,4.700,1,0.7321,1
2021-01-15,2021-01-16,1,22.100,6.600,4.700,4.700,13.000,14.900,7.600,81.000,1,24.900,1,0.7321,1
2021-01-16,2021-01-17,1,20.300,4.100,24.900,24.900,22.000,12.700,5.800,89.000,1,0.700,0,0.7321,1
2021-01-17,2021-01-18,1,21.700,6.300,0.700,0.700,3.000,9.300,5.000,75.000,0,4.600,1,0.3947,0
2021-01-18,2021-01-19,1,22.500,7.700,4.600,4.600,13.000,11.400,6.500,78.000,1,0.500,0,0.7321,1
2021-01-19,2021-01-20,1,22.600,9.300,0.500,0.500,4.000,12.000,6.400,70.000,0,0.000,0,0.3947,0
2021-01-20,2021-01-21,1,22.100,9.300,0.000,0.000,0.000,12.900,7.600,69.000,0,0.000,0,0.3947,0
2021-01-21,2021-01-22,1,22.900,8.800,0.000,0.000,0.000,14.200,9.800,63.000,0,0.400,0,0.3947,0
2021-01-22,2021-01-23,1,22.600,8.400,0.400,0.400,2.000,14.300,8.900,66.000,0,0.000,0,0.3947,0
2021-01-23,2021-01-24,1,22.700,9.600,0.000,0.000,0.000,13.700,9.500,64.000,0,0.000,0,0.3947,0
2021-01-24,2021-01-25,1,23.200,8.900,0.000,0.000,0.000,14.600,7.900,62.000,0,0.300,0,0.3947,0
2021-01-25,2021-01-26,1,23.200,8.400,0.300,0.300,2.000,12.100,7.000,62.000,0,5.100,1,0.3947,0
2021-01-26,2021-01-27,1,22.500,9.500,5.100,5.100,6.000,12.100,7.000,76.000,1,0.500,0,0.7321,1
2021-01-27,2021-01-28,1,22.800,8.700,0.500,0.500,3.000,13.100,6.900,71.000,0,0.000,0,0.3947,0
2021-01-28,2021-01-29,1,23.700,8.100,0.000,0.000,0.000,13.600,5.500,55.000,0,0.000,0,0.3947,0
2021-01-29,2021-01-30,1,23.700,9.300,0.000,0.000,0.000,10.700,7.000,54.000,0,0.500,0,0.3947,0
2021-01-30,2021-01-31,1,23.800,8.800,0.500,0.500,4.000,12.900,7.300,59.000,0,0.600,0,0.3947,0
2021-01-31,2021-02-01,1,24.500,8.200,0.600,0.600,6.000,8.700,4.500,60.000,0,0.100,0,0.3947,0
2021-02-01,2021-02-02,2,24.100,9.600,0.100,0.100,1.000,11.800,7.600,65.000,0,0.700,0,0.3919,0
2021-02-02,2021-02-03,2,24.000,9.300,0.700,0.700,4.000,15.200,8.700,67.000,0,3.600,1,0.3919,0
2021-02-03,2021-02-04,2,23.400,8.100,3.600,3.600,8.000,11.600,6.500,72.000,1,12.800,1,0.7292,1
2021-02-04,2021-02-05,2,22.800,9.100,12.800,12.800,12.000,10.600,3.800,76.000,1,8.300,1,0.7292,1
2021-02-05,2021-02-06,2,22.900,7.900,8.300,8.300,12.000,14.100,9.200,81.000,1,13.200,1,0.7292,1
2021-02-06,2021-02-07,2,20.700,2.900,13.200,13.200,19.000,18.500,11.900,89.000,1,24.300,1,0.7292,1
2021-02-07,2021-02-08,2,20.500,4.500,24.300,24.300,21.000,19.200,12.300,89.000,1,19.600,1,0.7292,1
2021-02-08,2021-02-09,2,20.500,6.400,19.600,19.600,22.000,14.800,8.300,87.000,1,0.900,0,0.7292,1
2021-02-09,2021-02-10,2,20.800,7.900,0.900,0.900,8.000,9.900,5.700,82.000,0,1.500,1,0.3919,0
2021-02-10,2021-02-11,2,22.300,7.600,1.500,1.500,11.000,7.500,4.300,73.000,1,3.100,1,0.7292,1
2021-02-11,2021-02-12,2,21.700,8.100,3.100,3.100,10.000,12.100,7.600,83.000,1,9.700,1,0.7292,1
2021-02-12,2021-02-13,2,21.000,5.400,9.700,9.700,16.000,10.100,5.500,88.000,1,8.700,1,0.7292,1
2021-02-13,2021-02-14,2,21.100,7.400,8.700,8.700,12.000,11.600,4.400,83.000,1,12.600,1,0.7292,1
2021-02-14,2021-02-15,2,21.500,6.400,12.600,12.600,16.000,10.100,4.300,84.000,1,35.600,1,0.7292,1
2021-02-15,2021-02-16,2,22.000,7.900,35.600,35.600,13.000,12.600,7.900,81.000,1,10.200,1,0.7292,1
2021-02-16,2021-02-17,2,21.100,6.000,10.200,10.200,16.000,14.800,7.600,87.000,1,8.300,1,0.7292,1
2021-02-17,2021-02-18,2,21.500,7.700,8.300,8.300,11.000,11.500,6.700,86.000,1,15.500,1,0.7292,1
2021-02-18,2021-02-19,2,21.800,6.700,15.500,15.500,19.000,14.000,8.500,86.000,1,1.700,1,0.7292,1
2021-02-19,2021-02-20,2,22.000,6.800,1.700,1.700,9.000,11.300,7.300,84.000,1,7.900,1,0.7292,1
2021-02-20,2021-02-21,2,21.500,6.500,7.900,7.900,15.000,14.600,7.400,85.000,1,8.400,1,0.7292,1
2021-02-21,2021-02-22,2,20.600,4.100,8.400,8.400,22.000,23.000,11.400,88.000,1,4.700,1,0.7292,1
2021-02-22,2021-02-23,2,21.500,7.600,4.700,4.700,15.000,12.200,7.300,84.000,1,4.800,1,0.7292,1
2021-02-23,2021-02-24,2,21.500,7.400,4.800,4.800,5.000,10.000,5.400,82.000,1,13.300,1,0.7292,1
2021-02-24,2021-02-25,2,21.800,7.500,13.300,13.300,8.000,11.000,5.600,82.000,1,9.900,1,0.7292,1
2021-02-25,2021-02-26,2,22.100,6.600,9.900,9.900,11.000,11.000,5.300,81.000,1,27.900,1,0.7292,1
2021-02-26,2021-02-27,2,20.600,4.400,27.900,27.900,19.000,11.100,5.600,88.000,1,18.400,1,0.7292,1
2021-02-27,2021-02-28,2,20.000,3.000,18.400,18.400,18.000,11.000,6.500,86.000,1,12.100,1,0.7292,1
2021-02-28,2021-03-01,2,19.900,4.100,12.100,12.100,19.000,14.700,8.300,87.000,1,0.500,0,0.7292,1
2021-03-01,2021-03-02,3,20.500,7.500,0.500,0.500,4.000,18.600,10.700,83.000,0,1.000,1,0.3100,0
2021-03-02,2021-03-03,3,21.200,6.900,1.000,1.000,6.000,18.500,8.700,82.000,1,0.400,0,0.6474,1
2021-03-03,2021-03-04,3,21.600,9.500,0.400,0.400,4.000,15.400,9.000,73.000,0,0.000,0,0.3100,0
2021-03-04,2021-03-05,3,22.600,8.600,0.000,0.000,0.000,10.000,6.600,67.000,0,0.000,0,0.3100,0
2021-03-05,2021-03-06,3,22.700,9.700,0.000,0.000,0.000,11.500,7.300,73.000,0,1.900,1,0.3100,0
2021-03-06,2021-03-07,3,22.300,9.200,1.900,1.900,5.000,15.600,7.600,76.000,1,1.000,1,0.6474,1
2021-03-07,2021-03-08,3,22.600,8.400,1.000,1.000,7.000,9.200,4.900,74.000,1,11.200,1,0.6474,1
2021-03-08,2021-03-09,3,21.500,7.800,11.200,11.200,12.000,14.300,5.600,82.000,1,4.900,1,0.6474,1
2021-03-09,2021-03-10,3,21.400,7.100,4.900,4.900,11.000,10.000,5.100,78.000,1,2.800,1,0.6474,1
2021-03-10,2021-03-11,3,21.200,6.300,2.800,2.800,11.000,12.100,6.300,83.000,1,0.000,0,0.6474,1
2021-03-11,2021-03-12,3,22.000,7.800,0.000,0.000,0.000,13.500,6.500,77.000,0,6.000,1,0.3100,0
2021-03-12,2021-03-13,3,21.700,7.900,6.000,6.000,8.000,13.100,4.400,83.000,1,2.500,1,0.6474,1
2021-03-13,2021-03-14,3,22.000,7.100,2.500,2.500,7.000,9.100,4.700,81.000,1,8.000,1,0.6474,1
2021-03-14,2021-03-15,3,21.200,8.000,8.000,8.000,10.000,11.100,5.400,84.000,1,3.800,1,0.6474,1
2021-03-15,2021-03-16,3,21.500,5.700,3.800,3.800,14.000,7.400,4.600,81.000,1,7.300,1,0.6474,1
2021-03-16,2021-03-17,3,21.100,3.500,7.300,7.300,14.000,7.400,3.800,83.000,1,3.100,1,0.6474,1
2021-03-17,2021-03-18,3,21.200,5.300,3.100,3.100,5.000,8.700,5.700,78.000,1,1.300,1,0.6474,1
2021-03-18,2021-03-19,3,22.100,5.900,1.300,1.300,6.000,14.400,6.200,75.000,1,5.500,1,0.6474,1
2021-03-19,2021-03-20,3,21.600,7.300,5.500,5.500,9.000,11.600,6.100,79.000,1,2.000,1,0.6474,1
2021-03-20,2021-03-21,3,21.500,8.100,2.000,2.000,8.000,14.300,7.800,79.000,1,1.200,1,0.6474,1
2021-03-21,2021-03-22,3,20.600,7.100,1.200,1.200,6.000,20.100,10.800,80.000,1,0.100,0,0.6474,1
2021-03-22,2021-03-23,3,20.900,8.900,0.100,0.100,1.000,21.300,11.200,75.000,0,0.000,0,0.3100,0
2021-03-23,2021-03-24,3,22.000,10.600,0.000,0.000,0.000,14.100,8.000,66.000,0,0.000,0,0.3100,0
2021-03-24,2021-03-25,3,21.900,11.100,0.000,0.000,0.000,14.800,9.800,66.000,0,0.000,0,0.3100,0
2021-03-25,2021-03-26,3,22.400,9.900,0.000,0.000,0.000,17.000,9.000,60.000,0,0.000,0,0.3100,0
2021-03-26,2021-03-27,3,22.700,9.700,0.000,0.000,0.000,12.100,6.100,54.000,0,0.000,0,0.3100,0
2021-03-27,2021-03-28,3,22.900,8.900,0.000,0.000,0.000,10.200,5.500,55.000,0,0.000,0,0.3100,0
2021-03-28,2021-03-29,3,24.100,8.500,0.000,0.000,0.000,9.700,5.500,49.000,0,0.000,0,0.3100,0
2021-03-29,2021-03-30,3,24.200,9.300,0.000,0.000,0.000,7.200,3.900,52.000,0,0.000,0,0.3100,0
2021-03-30,2021-03-31,3,23.200,11.000,0.000,0.000,0.000,9.100,6.200,58.000,0,0.100,0,0.3100,0
2021-03-31,2021-04-01,3,23.500,9.000,0.100,0.100,1.000,10.100,6.800,64.000,0,0.300,0,0.3100,0
2021-04-01,2021-04-02,4,23.400,10.200,0.300,0.300,2.000,9.000,5.500,65.000,0,13.100,1,0.2267,0
2021-04-02,2021-04-03,4,22.800,8.000,13.100,13.100,4.000,10.200,4.300,73.000,1,4.300,1,0.5641,1
2021-04-03,2021-04-04,4,21.800,7.100,4.300,4.300,12.000,11.500,6.200,83.000,1,0.500,0,0.5641,1
2021-04-04,2021-04-05,4,22.100,7.500,0.500,0.500,3.000,12.200,7.300,79.000,0,5.500,1,0.2267,0
2021-04-05,2021-04-06,4,21.400,8.900,5.500,5.500,7.000,19.500,10.600,84.000,1,4.400,1,0.5641,1
2021-04-06,2021-04-07,4,20.500,5.800,4.400,4.400,11.000,11.900,7.000,85.000,1,11.600,1,0.5641,1
2021-04-07,2021-04-08,4,20.100,6.200,11.600,11.600,14.000,14.200,7.400,89.000,1,1.500,1,0.5641,1
2021-04-08,2021-04-09,4,19.800,5.000,1.500,1.500,5.000,21.700,14.500,80.000,1,0.000,0,0.5641,1
2021-04-09,2021-04-10,4,19.700,7.600,0.000,0.000,0.000,20.900,13.500,75.000,0,0.000,0,0.2267,0
2021-04-10,2021-04-11,4,19.800,9.700,0.000,0.000,0.000,15.800,9.600,71.000,0,0.000,0,0.2267,0
2021-04-11,2021-04-12,4,20.600,10.300,0.000,0.000,0.000,9.600,6.100,68.000,0,0.000,0,0.2267,0
2021-04-12,2021-04-13,4,22.400,9.100,0.000,0.000,0.000,8.000,4.400,65.000,0,0.000,0,0.2267,0
2021-04-13,2021-04-14,4,22.600,8.400,0.000,0.000,0.000,10.200,6.600,64.000,0,0.000,0,0.2267,0
2021-04-14,2021-04-15,4,21.800,9.700,0.000,0.000,0.000,11.000,6.800,62.000,0,0.000,0,0.2267,0
2021-04-15,2021-04-16,4,21.500,8.800,0.000,0.000,0.000,11.200,7.700,66.000,0,0.000,0,0.2267,0
2021-04-16,2021-04-17,4,20.900,8.300,0.000,0.000,0.000,11.200,7.800,68.000,0,0.300,0,0.2267,0
2021-04-17,2021-04-18,4,21.100,8.700,0.300,0.300,2.000,8.200,5.300,66.000,0,1.600,1,0.2267,0
2021-04-18,2021-04-19,4,21.600,7.500,1.600,1.600,7.000,9.200,5.900,73.000,1,5.200,1,0.5641,1
2021-04-19,2021-04-20,4,20.600,6.300,5.200,5.200,9.000,11.200,5.600,81.000,1,0.700,0,0.5641,1
2021-04-20,2021-04-21,4,20.500,8.100,0.700,0.700,4.000,8.800,5.700,74.000,0,0.000,0,0.2267,0
2021-04-21,2021-04-22,4,20.500,9.600,0.000,0.000,0.000,9.700,6.300,63.000,0,0.000,0,0.2267,0
2021-04-22,2021-04-23,4,20.300,11.200,0.000,0.000,0.000,8.500,6.100,59.000,0,0.000,0,0.2267,0
2021-04-23,2021-04-24,4,20.700,12.300,0.000,0.000,0.000,7.900,4.600,61.000,0,0.000,0,0.2267,0
2021-04-24,2021-04-25,4,21.800,12.500,0.000,0.000,0.000,8.200,5.000,60.000,0,0.000,0,0.2267,0
2021-04-25,2021-04-26,4,22.400,10.100,0.000,0.000,0.000,9.500,6.100,64.000,0,0.900,0,0.2267,0
2021-04-26,2021-04-27,4,22.300,9.200,0.900,0.900,6.000,8.600,5.600,68.000,0,0.500,0,0.2267,0
2021-04-27,2021-04-28,4,21.800,7.200,0.500,0.500,4.000,9.400,4.000,70.000,0,1.600,1,0.2267,0
2021-04-28,2021-04-29,4,21.500,9.200,1.600,1.600,6.000,13.400,7.500,74.000,1,0.400,0,0.5641,1
2021-04-29,2021-04-30,4,20.800,5.400,0.400,0.400,3.000,15.000,7.900,80.000,0,9.900,1,0.2267,0
2021-04-30,2021-05-01,4,20.100,6.200,9.900,9.900,7.000,15.100,10.300,83.000,1,0.000,0,0.5641,1
2021-05-01,2021-05-02,5,19.700,7.400,0.000,0.000,0.000,16.700,12.500,75.000,0,0.000,0,0.0721,0
2021-05-02,2021-05-03,5,19.200,8.500,0.000,0.000,0.000,13.800,10.000,72.000,0,0.000,0,0.0721,0
2021-05-03,2021-05-04,5,18.700,10.900,0.000,0.000,0.000,12.500,8.400,67.000,0,0.000,0,0.0721,0
2021-05-04,2021-05-05,5,19.400,10.500,0.000,0.000,0.000,13.700,7.700,65.000,0,0.000,0,0.0721,0
2021-05-05,2021-05-06,5,19.600,10.000,0.000,0.000,0.000,14.200,7.000,69.000,0,0.300,0,0.0721,0
2021-05-06,2021-05-07,5,21.100,7.900,0.300,0.300,2.000,9.400,4.500,64.000,0,0.400,0,0.0721,0
2021-05-07,2021-05-08,5,21.600,9.400,0.400,0.400,3.000,10.000,4.600,64.000,0,0.000,0,0.0721,0
2021-05-08,2021-05-09,5,21.100,8.800,0.000,0.000,0.000,14.700,9.000,66.000,0,0.000,0,0.0721,0
2021-05-09,2021-05-10,5,20.500,8.600,0.000,0.000,0.000,19.600,11.900,65.000,0,0.000,0,0.0721,0
2021-05-10,2021-05-11,5,19.000,9.900,0.000,0.000,0.000,17.700,10.300,66.000,0,0.000,0,0.0721,0
2021-05-11,2021-05-12,5,18.600,10.100,0.000,0.000,0.000,12.500,7.900,65.000,0,0.000,0,0.0721,0
2021-05-12,2021-05-13,5,19.700,12.000,0.000,0.000,0.000,8.600,5.600,61.000,0,0.000,0,0.0721,0
2021-05-13,2021-05-14,5,20.900,8.500,0.000,0.000,0.000,12.100,5.900,56.000,0,0.000,0,0.0721,0
2021-05-14,2021-05-15,5,20.300,9.700,0.000,0.000,0.000,12.500,6.800,58.000,0,0.000,0,0.0721,0
2021-05-15,2021-05-16,5,20.000,9.800,0.000,0.000,0.000,11.500,7.300,61.000,0,0.000,0,0.0721,0
2021-05-16,2021-05-17,5,20.500,8.800,0.000,0.000,0.000,9.400,6.100,62.000,0,0.000,0,0.0721,0
2021-05-17,2021-05-18,5,20.300,8.900,0.000,0.000,0.000,10.400,6.500,63.000,0,0.000,0,0.0721,0
2021-05-18,2021-05-19,5,20.300,8.500,0.000,0.000,0.000,10.400,6.200,60.000,0,0.000,0,0.0721,0
2021-05-19,2021-05-20,5,20.200,10.300,0.000,0.000,0.000,9.000,5.600,59.000,0,0.000,0,0.0721,0
2021-05-20,2021-05-21,5,21.300,10.000,0.000,0.000,0.000,9.500,5.300,53.000,0,0.000,0,0.0721,0
2021-05-21,2021-05-22,5,21.200,12.200,0.000,0.000,0.000,9.600,5.800,58.000,0,0.000,0,0.0721,0
2021-05-22,2021-05-23,5,21.500,12.900,0.000,0.000,0.000,9.400,6.100,60.000,0,0.000,0,0.0721,0
2021-05-23,2021-05-24,5,22.200,11.300,0.000,0.000,0.000,12.100,6.700,63.000,0,0.100,0,0.0721,0
2021-05-24,2021-05-25,5,21.300,8.600,0.100,0.100,1.000,9.500,6.300,74.000,0,0.000,0,0.0721,0
2021-05-25,2021-05-26,5,21.700,11.400,0.000,0.000,0.000,9.700,7.100,70.000,0,0.000,0,0.0721,0
2021-05-26,2021-05-27,5,22.300,9.900,0.000,0.000,0.000,9.400,6.500,67.000,0,0.000,0,0.0721,0
2021-05-27,2021-05-28,5,22.800,8.400,0.000,0.000,0.000,10.200,6.300,62.000,0,0.000,0,0.0721,0
2021-05-28,2021-05-29,5,22.800,8.900,0.000,0.000,0.000,14.600,8.600,60.000,0,0.000,0,0.0721,0
2021-05-29,2021-05-30,5,22.300,9.300,0.000,0.000,0.000,9.700,5.800,61.000,0,0.000,0,0.0721,0
2021-05-30,2021-05-31,5,22.300,9.100,0.000,0.000,0.000,13.300,6.700,59.000,0,0.000,0,0.0721,0
2021-05-31,2021-06-01,5,21.800,9.100,0.000,0.000,0.000,11.400,5.800,61.000,0,0.000,0,0.0721,0
2021-06-01,2021-06-02,6,21.500,9.800,0.000,0.000,0.000,12.900,6.600,57.000,0,0.000,0,0.0725,0
2021-06-02,2021-06-03,6,21.200,11.100,0.000,0.000,0.000,10.400,7.200,60.000,0,0.000,0,0.0725,0
2021-06-03,2021-06-04,6,21.000,10.800,0.000,0.000,0.000,14.100,9.400,60.000,0,0.000,0,0.0725,0
2021-06-04,2021-06-05,6,19.900,10.700,0.000,0.000,0.000,22.100,12.200,58.000,0,0.000,0,0.0725,0
2021-06-05,2021-06-06,6,20.000,11.400,0.000,0.000,0.000,17.000,11.000,63.000,0,0.000,0,0.0725,0
2021-06-06,2021-06-07,6,20.400,8.500,0.000,0.000,0.000,13.000,10.000,67.000,0,0.000,0,0.0725,0
2021-06-07,2021-06-08,6,20.900,9.700,0.000,0.000,0.000,11.400,7.500,61.000,0,0.000,0,0.0725,0
2021-06-08,2021-06-09,6,21.400,10.000,0.000,0.000,0.000,12.900,7.100,57.000,0,0.000,0,0.0725,0
2021-06-09,2021-06-10,6,21.500,10.700,0.000,0.000,0.000,10.500,7.800,56.000,0,0.000,0,0.0725,0
2021-06-10,2021-06-11,6,20.900,10.600,0.000,0.000,0.000,15.500,8.800,60.000,0,0.000,0,0.0725,0
2021-06-11,2021-06-12,6,21.000,9.300,0.000,0.000,0.000,11.200,8.000,61.000,0,0.600,0,0.0725,0
2021-06-12,2021-06-13,6,20.500,7.800,0.600,0.600,4.000,10.300,4.900,71.000,0,0.100,0,0.0725,0
2021-06-13,2021-06-14,6,21.000,8.600,0.100,0.100,1.000,12.100,7.500,65.000,0,3.700,1,0.0725,0
2021-06-14,2021-06-15,6,19.700,6.900,3.700,3.700,9.000,13.200,7.400,76.000,1,3.500,1,0.4099,0
2021-06-15,2021-06-16,6,18.900,7.900,3.500,3.500,5.000,11.200,5.800,81.000,1,0.000,0,0.4099,0
2021-06-16,2021-06-17,6,19.700,11.200,0.000,0.000,0.000,10.500,6.100,66.000,0,0.000,0,0.0725,0
2021-06-17,2021-06-18,6,18.800,10.700,0.000,0.000,0.000,10.000,7.000,55.000,0,0.000,0,0.0725,0
2021-06-18,2021-06-19,6,19.600,9.000,0.000,0.000,0.000,14.000,7.800,55.000,0,0.000,0,0.0725,0
2021-06-19,2021-06-20,6,19.500,10.400,0.000,0.000,0.000,12.400,7.500,64.000,0,0.000,0,0.0725,0
2021-06-20,2021-06-21,6,20.900,10.400,0.000,0.000,0.000,7.600,5.600,60.000,0,0.000,0,0.0725,0
2021-06-21,2021-06-22,6,20.700,10.100,0.000,0.000,0.000,9.200,6.700,58.000,0,0.000,0,0.0725,0
2021-06-22,2021-06-23,6,21.300,9.200,0.000,0.000,0.000,11.400,7.000,49.000,0,0.000,0,0.0725,0
2021-06-23,2021-06-24,6,20.600,10.800,0.000,0.000,0.000,15.100,9.100,54.000,0,0.000,0,0.0725,0
2021-06-24,2021-06-25,6,20.300,11.000,0.000,0.000,0.000,15.000,7.900,60.000,0,0.000,0,0.0725,0
2021-06-25,2021-06-26,6,20.100,9.900,0.000,0.000,0.000,12.300,8.000,59.000,0,0.000,0,0.0725,0
2021-06-26,2021-06-27,6,18.600,10.800,0.000,0.000,0.000,17.400,10.300,52.000,0,0.000,0,0.0725,0
2021-06-27,2021-06-28,6,18.100,11.100,0.000,0.000,0.000,11.200,8.200,56.000,0,0.000,0,0.0725,0
2021-06-28,2021-06-29,6,18.100,9.900,0.000,0.000,0.000,10.400,6.900,58.000,0,0.000,0,0.0725,0
2021-06-29,2021-06-30,6,17.400,9.900,0.000,0.000,0.000,14.000,9.000,61.000,0,0.000,0,0.0725,0
2021-06-30,2021-07-01,6,15.700,12.500,0.000,0.000,0.000,10.700,8.800,61.000,0,0.000,0,0.0725,0
2021-07-01,2021-07-02,7,17.200,12.600,0.000,0.000,0.000,14.500,9.200,52.000,0,0.000,0,0.0600,0
2021-07-02,2021-07-03,7,18.100,11.400,0.000,0.000,0.000,14.600,10.100,64.000,0,0.000,0,0.0600,0
2021-07-03,2021-07-04,7,18.200,10.400,0.000,0.000,0.000,11.300,6.800,59.000,0,0.000,0,0.0600,0
2021-07-04,2021-07-05,7,17.000,10.300,0.000,0.000,0.000,17.600,9.700,54.000,0,0.000,0,0.0600,0
2021-07-05,2021-07-06,7,17.400,11.900,0.000,0.000,0.000,11.100,7.700,55.000,0,0.000,0,0.0600,0
2021-07-06,2021-07-07,7,18.300,11.400,0.000,0.000,0.000,10.500,6.600,55.000,0,0.000,0,0.0600,0
2021-07-07,2021-07-08,7,19.600,11.400,0.000,0.000,0.000,8.800,5.400,50.000,0,0.000,0,0.0600,0
2021-07-08,2021-07-09,7,19.600,11.000,0.000,0.000,0.000,9.400,5.700,51.000,0,0.000,0,0.0600,0
2021-07-09,2021-07-10,7,19.300,9.900,0.000,0.000,0.000,12.500,7.900,50.000,0,0.000,0,0.0600,0
2021-07-10,2021-07-11,7,18.400,11.000,0.000,0.000,0.000,12.800,8.300,50.000,0,0.000,0,0.0600,0
2021-07-11,2021-07-12,7,18.400,11.400,0.000,0.000,0.000,12.600,7.800,47.000,0,0.000,0,0.0600,0
2021-07-12,2021-07-13,7,18.600,12.000,0.000,0.000,0.000,13.300,9.000,51.000,0,0.000,0,0.0600,0
2021-07-13,2021-07-14,7,18.300,10.400,0.000,0.000,0.000,12.400,8.900,53.000,0,0.000,0,0.0600,0
2021-07-14,2021-07-15,7,18.800,11.200,0.000,0.000,0.000,15.100,8.400,51.000,0,0.000,0,0.0600,0
2021-07-15,2021-07-16,7,20.400,10.000,0.000,0.000,0.000,9.400,6.100,49.000,0,0.000,0,0.0600,0
2021-07-16,2021-07-17,7,21.100,10.800,0.000,0.000,0.000,10.600,6.700,50.000,0,0.000,0,0.0600,0
2021-07-17,2021-07-18,7,22.300,12.100,0.000,0.000,0.000,10.800,4.600,44.000,0,0.000,0,0.0600,0
2021-07-18,2021-07-19,7,22.400,11.000,0.000,0.000,0.000,16.600,8.500,41.000,0,0.000,0,0.0600,0
2021-07-19,2021-07-20,7,20.200,11.700,0.000,0.000,0.000,20.000,13.000,50.000,0,0.000,0,0.0600,0
2021-07-20,2021-07-21,7,19.500,13.000,0.000,0.000,0.000,12.100,9.500,30.000,0,0.000,0,0.0600,0
2021-07-21,2021-07-22,7,21.200,10.300,0.000,0.000,0.000,14.200,9.200,44.000,0,0.000,0,0.0600,0
2021-07-22,2021-07-23,7,20.300,10.600,0.000,0.000,0.000,19.200,11.400,53.000,0,0.000,0,0.0600,0
2021-07-23,2021-07-24,7,18.600,9.300,0.000,0.000,0.000,20.600,13.200,52.000,0,0.000,0,0.0600,0
2021-07-24,2021-07-25,7,17.400,11.900,0.000,0.000,0.000,17.100,11.500,53.000,0,0.000,0,0.0600,0
2021-07-25,2021-07-26,7,18.200,12.200,0.000,0.000,0.000,14.600,9.200,54.000,0,0.000,0,0.0600,0
2021-07-26,2021-07-27,7,18.900,11.600,0.000,0.000,0.000,11.400,8.100,54.000,0,0.000,0,0.0600,0
2021-07-27,2021-07-28,7,20.500,11.200,0.000,0.000,0.000,10.900,6.400,42.000,0,0.000,0,0.0600,0
2021-07-28,2021-07-29,7,21.800,13.700,0.000,0.000,0.000,16.200,9.100,42.000,0,0.000,0,0.0600,0
2021-07-29,2021-07-30,7,17.600,13.700,0.000,0.000,0.000,18.200,12.100,48.000,0,0.000,0,0.0600,0
2021-07-30,2021-07-31,7,18.500,14.200,0.000,0.000,0.000,10.300,8.000,35.000,0,0.000,0,0.0600,0
2021-07-31,2021-08-01,7,20.200,12.400,0.000,0.000,0.000,18.900,10.700,49.000,0,0.000,0,0.0600,0
2021-08-01,2021-08-02,8,19.500,11.100,0.000,0.000,0.000,14.800,11.100,59.000,0,0.000,0,0.0802,0
2021-08-02,2021-08-03,8,18.600,12.100,0.000,0.000,0.000,14.100,10.300,56.000,0,0.000,0,0.0802,0
2021-08-03,2021-08-04,8,20.600,11.600,0.000,0.000,0.000,10.500,7.100,48.000,0,0.000,0,0.0802,0
2021-08-04,2021-08-05,8,20.600,10.900,0.000,0.000,0.000,14.500,9.500,44.000,0,0.000,0,0.0802,0
2021-08-05,2021-08-06,8,19.100,9.700,0.000,0.000,0.000,19.300,13.600,45.000,0,0.100,0,0.0802,0
2021-08-06,2021-08-07,8,18.000,9.100,0.100,0.100,1.000,20.400,12.500,59.000,0,0.000,0,0.0802,0
2021-08-07,2021-08-08,8,18.100,8.900,0.000,0.000,0.000,15.900,11.700,58.000,0,0.000,0,0.0802,0
2021-08-08,2021-08-09,8,18.500,12.200,0.000,0.000,0.000,14.000,9.200,53.000,0,0.000,0,0.0802,0
2021-08-09,2021-08-10,8,19.500,11.300,0.000,0.000,0.000,15.000,9.000,53.000,0,0.000,0,0.0802,0
2021-08-10,2021-08-11,8,21.700,10.000,0.000,0.000,0.000,9.700,6.100,47.000,0,0.000,0,0.0802,0
2021-08-11,2021-08-12,8,22.500,10.700,0.000,0.000,0.000,15.800,6.200,42.000,0,0.000,0,0.0802,0
2021-08-12,2021-08-13,8,22.500,11.600,0.000,0.000,0.000,14.100,9.200,37.000,0,0.000,0,0.0802,0
2021-08-13,2021-08-14,8,21.200,11.600,0.000,0.000,0.000,17.100,10.800,41.000,0,0.000,0,0.0802,0
2021-08-14,2021-08-15,8,21.200,12.900,0.000,0.000,0.000,15.500,9.400,41.000,0,0.000,0,0.0802,0
2021-08-15,2021-08-16,8,22.500,12.200,0.000,0.000,0.000,14.500,9.800,38.000,0,0.000,0,0.0802,0
2021-08-16,2021-08-17,8,22.700,11.400,0.000,0.000,0.000,14.800,9.800,37.000,0,0.000,0,0.0802,0
2021-08-17,2021-08-18,8,22.300,12.300,0.000,0.000,0.000,19.200,12.400,40.000,0,0.000,0,0.0802,0
2021-08-18,2021-08-19,8,21.600,11.900,0.000,0.000,0.000,21.400,12.900,43.000,0,0.000,0,0.0802,0
2021-08-19,2021-08-20,8,20.200,11.000,0.000,0.000,0.000,20.100,13.200,45.000,0,0.000,0,0.0802,0
2021-08-20,2021-08-21,8,20.000,10.900,0.000,0.000,0.000,18.600,11.200,44.000,0,0.000,0,0.0802,0
2021-08-21,2021-08-22,8,20.700,12.400,0.000,0.000,0.000,21.000,10.300,47.000,0,0.000,0,0.0802,0
2021-08-22,2021-08-23,8,21.000,11.900,0.000,0.000,0.000,17.000,8.500,45.000,0,0.000,0,0.0802,0
2021-08-23,2021-08-24,8,22.400,12.900,0.000,0.000,0.000,14.600,8.200,39.000,0,0.000,0,0.0802,0
2021-08-24,2021-08-25,8,22.700,12.500,0.000,0.000,0.000,15.100,9.000,39.000,0,0.000,0,0.0802,0
2021-08-25,2021-08-26,8,23.200,12.000,0.000,0.000,0.000,14.500,8.300,36.000,0,0.000,0,0.0802,0
2021-08-26,2021-08-27,8,24.200,13.300,0.000,0.000,0.000,11.200,7.400,35.000,0,0.000,0,0.0802,0
2021-08-27,2021-08-28,8,24.400,11.700,0.000,0.000,0.000,17.500,11.400,37.000,0,0.000,0,0.0802,0
2021-08-28,2021-08-29,8,22.600,11.300,0.000,0.000,0.000,19.700,12.800,41.000,0,0.000,0,0.0802,0
2021-08-29,2021-08-30,8,22.000,11.400,0.000,0.000,0.000,18.400,12.900,51.000,0,0.000,0,0.0802,0
2021-08-30,2021-08-31,8,21.500,9.700,0.000,0.000,0.000,17.700,11.800,51.000,0,0.200,0,0.0802,0
2021-08-31,2021-09-01,8,21.300,10.600,0.200,0.200,2.000,20.900,11.800,50.000,0,0.300,0,0.0802,0
2021-09-01,2021-09-02,9,20.300,9.200,0.300,0.300,2.000,17.300,11.900,54.000,0,0.000,0,0.1142,0
2021-09-02,2021-09-03,9,21.300,12.100,0.000,0.000,0.000,13.700,8.400,50.000,0,0.000,0,0.1142,0
2021-09-03,2021-09-04,9,22.800,13.100,0.000,0.000,0.000,14.000,8.200,43.000,0,0.000,0,0.1142,0
2021-09-04,2021-09-05,9,24.200,11.300,0.000,0.000,0.000,14.500,7.500,34.000,0,0.000,0,0.1142,0
2021-09-05,2021-09-06,9,25.200,12.600,0.000,0.000,0.000,10.700,6.000,32.000,0,0.000,0,0.1142,0
2021-09-06,2021-09-07,9,26.000,14.000,0.000,0.000,0.000,8.300,5.100,28.000,0,0.000,0,0.1142,0
2021-09-07,2021-09-08,9,27.800,12.400,0.000,0.000,0.000,21.100,9.900,25.000,0,0.000,0,0.1142,0
2021-09-08,2021-09-09,9,26.200,11.400,0.000,0.000,0.000,16.100,9.500,33.000,0,0.000,0,0.1142,0
2021-09-09,2021-09-10,9,26.700,12.800,0.000,0.000,0.000,16.500,9.600,29.000,0,0.000,0,0.1142,0
2021-09-10,2021-09-11,9,26.100,14.500,0.000,0.000,0.000,9.500,5.700,30.000,0,0.000,0,0.1142,0
2021-09-11,2021-09-12,9,26.200,14.300,0.000,0.000,0.000,12.300,9.100,33.000,0,0.000,0,0.1142,0
2021-09-12,2021-09-13,9,26.400,12.300,0.000,0.000,0.000,19.100,10.700,29.000,0,0.000,0,0.1142,0
2021-09-13,2021-09-14,9,25.700,12.500,0.000,0.000,0.000,15.200,10.300,28.000,0,0.000,0,0.1142,0
2021-09-14,2021-09-15,9,26.000,14.200,0.000,0.000,0.000,15.600,8.500,30.000,0,0.000,0,0.1142,0
2021-09-15,2021-09-16,9,27.200,12.000,0.000,0.000,0.000,15.000,7.300,23.000,0,0.000,0,0.1142,0
2021-09-16,2021-09-17,9,26.700,12.700,0.000,0.000,0.000,17.900,11.700,26.000,0,0.000,0,0.1142,0
2021-09-17,2021-09-18,9,24.000,11.500,0.000,0.000,0.000,21.700,13.000,31.000,0,0.000,0,0.1142,0
2021-09-18,2021-09-19,9,23.800,13.800,0.000,0.000,0.000,18.800,11.100,30.000,0,0.000,0,0.1142,0
2021-09-19,2021-09-20,9,25.400,15.200,0.000,0.000,0.000,17.600,10.900,23.000,0,0.000,0,0.1142,0
2021-09-20,2021-09-21,9,27.300,13.900,0.000,0.000,0.000,15.500,9.900,26.000,0,0.000,0,0.1142,0
2021-09-21,2021-09-22,9,28.100,12.300,0.000,0.000,0.000,14.500,6.700,28.000,0,0.000,0,0.1142,0
2021-09-22,2021-09-23,9,28.900,13.100,0.000,0.000,0.000,14.800,8.100,25.000,0,0.000,0,0.1142,0
2021-09-23,2021-09-24,9,26.800,11.100,0.000,0.000,0.000,18.300,12.000,39.000,0,0.000,0,0.1142,0
2021-09-24,2021-09-25,9,25.800,10.700,0.000,0.000,0.000,15.600,7.900,48.000,0,7.400,1,0.1142,0
2021-09-25,2021-09-26,9,23.200,6.800,7.400,7.400,8.000,17.100,6.400,63.000,1,0.100,0,0.4516,1
2021-09-26,2021-09-27,9,23.900,9.100,0.100,0.100,1.000,16.700,6.200,58.000,0,0.000,0,0.1142,0
2021-09-27,2021-09-28,9,24.800,10.300,0.000,0.000,0.000,13.000,9.300,45.000,0,0.000,0,0.1142,0
2021-09-28,2021-09-29,9,25.100,11.200,0.000,0.000,0.000,14.700,9.200,43.000,0,0.000,0,0.1142,0
2021-09-29,2021-09-30,9,26.100,8.500,0.000,0.000,0.000,13.000,6.500,41.000,0,0.100,0,0.1142,0
2021-09-30,2021-10-01,9,25.300,10.400,0.100,0.100,1.000,10.400,6.500,48.000,0,0.400,0,0.1142,0
2021-10-01,2021-10-02,10,25.200,9.200,0.400,0.400,1.000,12.700,6.900,53.000,0,0.800,0,0.3140,0
2021-10-02,2021-10-03,10,23.300,10.600,0.800,0.800,2.000,11.200,6.600,65.000,0,0.400,0,0.3140,0
2021-10-03,2021-10-04,10,24.200,10.000,0.400,0.400,3.000,10.800,8.300,60.000,0,0.300,0,0.3140,0
2021-10-04,2021-10-05,10,25.600,9.800,0.300,0.300,2.000,12.100,8.000,56.000,0,0.000,0,0.3140,0
2021-10-05,2021-10-06,10,26.000,12.500,0.000,0.000,0.000,17.100,9.800,49.000,0,0.000,0,0.3140,0
2021-10-06,2021-10-07,10,26.700,12.700,0.000,0.000,0.000,18.100,10.000,42.000,0,0.000,0,0.3140,0
2021-10-07,2021-10-08,10,27.200,9.800,0.000,0.000,0.000,18.700,8.600,37.000,0,0.000,0,0.3140,0
2021-10-08,2021-10-09,10,26.400,12.500,0.000,0.000,0.000,18.700,12.100,48.000,0,0.900,0,0.3140,0
2021-10-09,2021-10-10,10,25.800,11.500,0.900,0.900,2.000,15.100,10.300,53.000,0,20.200,1,0.3140,0
2021-10-10,2021-10-11,10,23.600,9.600,20.200,20.200,10.000,11.600,6.400,66.000,1,15.800,1,0.6514,1
2021-10-11,2021-10-12,10,22.200,6.900,15.800,15.800,13.000,12.200,7.200,77.000,1,4.900,1,0.6514,1
2021-10-12,2021-10-13,10,22.800,7.700,4.900,4.900,9.000,12.700,7.200,76.000,1,8.500,1,0.6514,1
2021-10-13,2021-10-14,10,22.200,8.400,8.500,8.500,11.000,13.600,6.900,80.000,1,4.200,1,0.6514,1
2021-10-14,2021-10-15,10,22.200,6.200,4.200,4.200,11.000,17.300,9.100,80.000,1,0.600,0,0.6514,1
2021-10-15,2021-10-16,10,22.900,9.000,0.600,0.600,2.000,12.600,7.000,76.000,0,1.900,1,0.3140,0
2021-10-16,2021-10-17,10,22.200,7.500,1.900,1.900,5.000,12.300,6.400,78.000,1,1.600,1,0.6514,1
2021-10-17,2021-10-18,10,23.600,9.900,1.600,1.600,7.000,10.500,5.800,68.000,1,0.700,0,0.6514,1
2021-10-18,2021-10-19,10,22.200,7.600,0.700,0.700,7.000,8.800,5.900,77.000,0,2.900,1,0.3140,0
2021-10-19,2021-10-20,10,22.300,8.100,2.900,2.900,9.000,15.000,9.400,78.000,1,4.500,1,0.6514,1
2021-10-20,2021-10-21,10,22.800,10.900,4.500,4.500,11.000,15.700,7.700,74.000,1,8.800,1,0.6514,1
2021-10-21,2021-10-22,10,21.300,7.600,8.800,8.800,13.000,14.900,6.500,83.000,1,6.800,1,0.6514,1
2021-10-22,2021-10-23,10,22.000,8.800,6.800,6.800,5.000,12.700,5.900,80.000,1,1.500,1,0.6514,1
2021-10-23,2021-10-24,10,22.500,9.100,1.500,1.500,7.000,12.600,8.500,75.000,1,7.900,1,0.6514,1
2021-10-24,2021-10-25,10,22.800,10.600,7.900,7.900,5.000,15.500,10.400,75.000,1,13.500,1,0.6514,1
2021-10-25,2021-10-26,10,22.000,10.300,13.500,13.500,10.000,14.300,7.200,80.000,1,4.500,1,0.6514,1
2021-10-26,2021-10-27,10,22.100,9.400,4.500,4.500,8.000,15.700,9.100,83.000,1,0.000,0,0.6514,1
2021-10-27,2021-10-28,10,23.000,10.200,0.000,0.000,0.000,19.100,11.400,70.000,0,0.000,0,0.3140,0
2021-10-28,2021-10-29,10,23.400,10.900,0.000,0.000,0.000,18.300,10.700,63.000,0,0.000,0,0.3140,0
2021-10-29,2021-10-30,10,23.600,10.200,0.000,0.000,0.000,16.100,8.800,59.000,0,0.600,0,0.3140,0
2021-10-30,2021-10-31,10,23.400,9.100,0.600,0.600,3.000,16.200,8.500,64.000,0,4.900,1,0.3140,0
2021-10-31,2021-11-01,10,21.000,6.200,4.900,4.900,5.000,18.100,7.900,81.000,1,1.600,1,0.6514,1
2021-11-01,2021-11-02,11,21.600,6.000,1.600,1.600,6.000,25.800,12.900,78.000,1,1.200,1,0.7682,1
2021-11-02,2021-11-03,11,21.700,6.200,1.200,1.200,6.000,17.900,11.500,79.000,1,3.400,1,0.7682,1
2021-11-03,2021-11-04,11,20.800,5.900,3.400,3.400,9.000,19.100,11.000,83.000,1,15.900,1,0.7682,1
2021-11-04,2021-11-05,11,21.300,8.000,15.900,15.900,7.000,16.900,9.300,82.000,1,19.800,1,0.7682,1
2021-11-05,2021-11-06,11,21.500,7.600,19.800,19.800,10.000,9.000,6.400,82.000,1,0.400,0,0.7682,1
2021-11-06,2021-11-07,11,23.400,9.200,0.400,0.400,4.000,9.700,5.800,73.000,0,1.200,1,0.4308,1
2021-11-07,2021-11-08,11,22.100,5.800,1.200,1.200,5.000,10.400,5.500,79.000,1,5.100,1,0.7682,1
2021-11-08,2021-11-09,11,21.300,4.700,5.100,5.100,8.000,10.900,5.500,85.000,1,6.700,1,0.7682,1
2021-11-09,2021-11-10,11,21.700,6.600,6.700,6.700,7.000,12.100,8.000,82.000,1,2.800,1,0.7682,1
2021-11-10,2021-11-11,11,20.800,5.600,2.800,2.800,8.000,20.900,12.400,86.000,1,9.500,1,0.7682,1
2021-11-11,2021-11-12,11,20.500,4.500,9.500,9.500,13.000,13.400,7.100,87.000,1,15.800,1,0.7682,1
2021-11-12,2021-11-13,11,21.000,5.500,15.800,15.800,17.000,14.900,6.500,85.000,1,32.300,1,0.7682,1
2021-11-13,2021-11-14,11,20.600,6.400,32.300,32.300,22.000,14.600,7.500,86.000,1,27.800,1,0.7682,1
2021-11-14,2021-11-15,11,19.900,4.800,27.800,27.800,16.000,16.200,9.800,89.000,1,1.600,1,0.7682,1
2021-11-15,2021-11-16,11,19.900,6.700,1.600,1.600,6.000,19.200,13.200,84.000,1,4.200,1,0.7682,1
2021-11-16,2021-11-17,11,20.000,6.300,4.200,4.200,13.000,17.700,12.300,84.000,1,0.500,0,0.7682,1
2021-11-17,2021-11-18,11,21.000,6.100,0.500,0.500,2.000,16.500,9.100,81.000,0,9.300,1,0.4308,1
2021-11-18,2021-11-19,11,20.700,5.800,9.300,9.300,17.000,14.400,7.300,88.000,1,2.800,1,0.7682,1
2021-11-19,2021-11-20,11,22.400,9.000,2.800,2.800,6.000,14.700,7.100,77.000,1,10.000,1,0.7682,1
2021-11-20,2021-11-21,11,22.200,7.700,10.000,10.000,10.000,16.500,4.500,83.000,1,17.700,1,0.7682,1
2021-11-21,2021-11-22,11,21.700,6.900,17.700,17.700,12.000,14.800,4.800,85.000,1,9.700,1,0.7682,1
2021-11-22,2021-11-23,11,21.900,7.400,9.700,9.700,10.000,11.200,4.900,84.000,1,0.600,0,0.7682,1
2021-11-23,2021-11-24,11,22.400,10.200,0.600,0.600,4.000,14.200,6.300,80.000,0,0.000,0,0.4308,1
2021-11-24,2021-11-25,11,23.100,10.100,0.000,0.000,0.000,15.800,8.300,70.000,0,0.000,0,0.4308,1
2021-11-25,2021-11-26,11,23.900,9.700,0.000,0.000,0.000,13.500,8.600,59.000,0,0.000,0,0.4308,1
2021-11-26,2021-11-27,11,23.800,9.000,0.000,0.000,0.000,17.200,8.100,60.000,0,6.500,1,0.4308,1
2021-11-27,2021-11-28,11,23.000,8.600,6.500,6.500,5.000,23.200,13.400,74.000,1,2.500,1,0.7682,1
2021-11-28,2021-11-29,11,21.900,6.000,2.500,2.500,10.000,22.400,13.500,82.000,1,9.400,1,0.7682,1
2021-11-29,2021-11-30,11,21.700,7.200,9.400,9.400,11.000,14.700,7.900,83.000,1,0.500,0,0.7682,1
2021-11-30,2021-12-01,11,22.200,8.700,0.500,0.500,3.000,12.800,8.800,80.000,0,7.500,1,0.4308,1
2021-12-01,2021-12-02,12,22.400,8.100,7.500,7.500,12.000,13.200,8.100,82.000,1,5.300,1,0.8046,1
2021-12-02,2021-12-03,12,22.400,7.400,5.300,5.300,12.000,10.900,5.500,81.000,1,9.200,1,0.8046,1
2021-12-03,2021-12-04,12,22.000,7.200,9.200,9.200,11.000,10.600,5.700,83.000,1,5.100,1,0.8046,1
2021-12-04,2021-12-05,12,21.000,8.000,5.100,5.100,13.000,16.800,7.800,86.000,1,2.500,1,0.8046,1
2021-12-05,2021-12-06,12,20.900,7.000,2.500,2.500,7.000,16.800,7.800,85.000,1,16.600,1,0.8046,1
2021-12-06,2021-12-07,12,21.100,7.500,16.600,16.600,18.000,15.400,7.300,83.000,1,1.700,1,0.8046,1
2021-12-07,2021-12-08,12,21.900,9.300,1.700,1.700,7.000,11.800,6.900,79.000,1,0.600,0,0.8046,1
2021-12-08,2021-12-09,12,22.200,8.300,0.600,0.600,4.000,12.300,4.700,74.000,0,6.600,1,0.4673,1
2021-12-09,2021-12-10,12,21.600,8.300,6.600,6.600,8.000,12.300,6.100,79.000,1,7.000,1,0.8046,1
2021-12-10,2021-12-11,12,22.000,8.200,7.000,7.000,12.000,7.800,4.300,80.000,1,7.600,1,0.8046,1
2021-12-11,2021-12-12,12,21.900,6.900,7.600,7.600,11.000,11.600,5.700,84.000,1,11.200,1,0.8046,1
2021-12-12,2021-12-13,12,21.600,6.800,11.200,11.200,11.000,14.700,8.900,86.000,1,25.900,1,0.8046,1
2021-12-13,2021-12-14,12,21.000,6.700,25.900,25.900,17.000,11.200,6.400,90.000,1,2.900,1,0.8046,1
2021-12-14,2021-12-15,12,22.300,8.000,2.900,2.900,14.000,16.900,8.700,79.000,1,3.200,1,0.8046,1
2021-12-15,2021-12-16,12,21.400,4.200,3.200,3.200,13.000,12.600,5.500,84.000,1,10.700,1,0.8046,1
2021-12-16,2021-12-17,12,21.900,6.300,10.700,10.700,13.000,13.700,6.600,84.000,1,6.000,1,0.8046,1
2021-12-17,2021-12-18,12,21.400,6.600,6.000,6.000,11.000,10.200,5.900,86.000,1,15.700,1,0.8046,1
2021-12-18,2021-12-19,12,21.700,6.300,15.700,15.700,16.000,8.300,5.100,85.000,1,22.200,1,0.8046,1
2021-12-19,2021-12-20,12,21.300,7.100,22.200,22.200,19.000,14.100,5.500,86.000,1,9.400,1,0.8046,1
2021-12-20,2021-12-21,12,21.700,7.400,9.400,9.400,17.000,16.600,5.400,84.000,1,4.300,1,0.8046,1
2021-12-21,2021-12-22,12,21.700,8.200,4.300,4.300,12.000,11.000,6.000,84.000,1,5.800,1,0.8046,1
2021-12-22,2021-12-23,12,21.900,8.700,5.800,5.800,9.000,12.700,8.100,84.000,1,22.000,1,0.8046,1
2021-12-23,2021-12-24,12,21.800,6.200,22.000,22.000,15.000,16.300,8.600,86.000,1,4.700,1,0.8046,1
2021-12-24,2021-12-25,12,19.900,5.500,4.700,4.700,12.000,10.200,6.100,91.000,1,0.700,0,0.8046,1
2021-12-25,2021-12-26,12,21.100,9.100,0.700,0.700,7.000,15.100,8.900,79.000,0,0.500,0,0.4673,1
2021-12-26,2021-12-27,12,21.800,9.600,0.500,0.500,5.000,15.300,8.700,76.000,0,2.900,1,0.4673,1
2021-12-27,2021-12-28,12,21.400,9.100,2.900,2.900,9.000,17.100,9.800,83.000,1,1.400,1,0.8046,1
2021-12-28,2021-12-29,12,21.200,5.200,1.400,1.400,5.000,17.900,11.700,84.000,1,6.400,1,0.8046,1
2021-12-29,2021-12-30,12,20.600,6.800,6.400,6.400,9.000,16.700,7.200,87.000,1,23.600,1,0.8046,1
2021-12-30,2021-12-31,12,20.200,4.700,23.600,23.600,23.000,15.300,8.700,88.000,1,21.800,1,0.8046,1
2021-12-31,2022-01-01,12,19.600,5.100,21.800,21.800,20.000,19.500,13.500,89.000,1,24.200,1,0.8046,1
2022-01-01,2022-01-02,1,19.200,3.200,24.200,24.200,17.000,17.300,11.400,93.000,1,3.300,1,0.7321,1
2022-01-02,2022-01-03,1,20.600,6.000,3.300,3.300,11.000,19.200,13.100,87.000,1,4.800,1,0.7321,1
2022-01-03,2022-01-04,1,21.400,6.400,4.800,4.800,12.000,14.800,10.600,83.000,1,8.800,1,0.7321,1
2022-01-04,2022-01-05,1,20.700,7.600,8.800,8.800,12.000,17.300,9.200,86.000,1,4.600,1,0.7321,1
2022-01-05,2022-01-06,1,22.300,7.200,4.600,4.600,9.000,15.500,10.700,81.000,1,9.000,1,0.7321,1
2022-01-06,2022-01-07,1,21.300,5.100,9.000,9.000,15.000,13.800,9.900,85.000,1,4.800,1,0.7321,1
2022-01-07,2022-01-08,1,20.700,3.800,4.800,4.800,17.000,20.200,13.500,88.000,1,7.600,1,0.7321,1
2022-01-08,2022-01-09,1,20.200,3.800,7.600,7.600,20.000,18.800,13.300,90.000,1,18.600,1,0.7321,1
2022-01-09,2022-01-10,1,19.600,3.200,18.600,18.600,19.000,21.000,12.600,93.000,1,7.300,1,0.7321,1
2022-01-10,2022-01-11,1,20.800,5.600,7.300,7.300,14.000,19.500,13.000,86.000,1,7.700,1,0.7321,1
2022-01-11,2022-01-12,1,20.400,5.500,7.700,7.700,17.000,18.500,12.100,88.000,1,10.400,1,0.7321,1
2022-01-12,2022-01-13,1,19.800,6.200,10.400,10.400,17.000,16.300,7.700,91.000,1,8.500,1,0.7321,1
2022-01-13,2022-01-14,1,20.300,9.600,8.500,8.500,5.000,15.000,7.500,86.000,1,0.200,0,0.7321,1
2022-01-14,2022-01-15,1,22.500,11.100,0.200,0.200,1.000,17.300,10.600,73.000,0,0.000,0,0.3947,0
2022-01-15,2022-01-16,1,22.200,11.500,0.000,0.000,0.000,16.600,10.500,63.000,0,0.000,0,0.3947,0
2022-01-16,2022-01-17,1,23.200,11.100,0.000,0.000,0.000,13.900,8.200,61.000,0,0.400,0,0.3947,0
2022-01-17,2022-01-18,1,23.100,9.200,0.400,0.400,2.000,13.900,7.400,68.000,0,0.200,0,0.3947,0
2022-01-18,2022-01-19,1,23.200,9.600,0.200,0.200,2.000,13.700,7.100,67.000,0,0.000,0,0.3947,0
2022-01-19,2022-01-20,1,23.400,9.400,0.000,0.000,0.000,13.700,8.100,65.000,0,0.000,0,0.3947,0
2022-01-20,2022-01-21,1,23.300,11.600,0.000,0.000,0.000,13.300,8.300,60.000,0,7.600,1,0.3947,0
2022-01-21,2022-01-22,1,22.600,7.700,7.600,7.600,7.000,14.700,7.500,71.000,1,0.900,0,0.7321,1
2022-01-22,2022-01-23,1,23.100,8.100,0.900,0.900,3.000,13.400,7.600,72.000,0,0.000,0,0.3947,0
2022-01-23,2022-01-24,1,23.500,9.500,0.000,0.000,0.000,13.300,8.400,67.000,0,1.000,1,0.3947,0
2022-01-24,2022-01-25,1,23.400,11.400,1.000,1.000,5.000,10.400,7.100,69.000,1,1.300,1,0.7321,1
2022-01-25,2022-01-26,1,22.700,8.300,1.300,1.300,7.000,12.300,6.600,72.000,1,27.300,1,0.7321,1
2022-01-26,2022-01-27,1,20.100,7.000,27.300,27.300,14.000,9.700,4.200,85.000,1,5.700,1,0.7321,1
2022-01-27,2022-01-28,1,21.000,6.800,5.700,5.700,15.000,17.300,6.500,81.000,1,1.300,1,0.7321,1
2022-01-28,2022-01-29,1,21.400,8.200,1.300,1.300,4.000,14.500,9.100,77.000,1,0.800,0,0.7321,1
2022-01-29,2022-01-30,1,21.700,8.400,0.800,0.800,4.000,19.500,12.300,75.000,0,3.000,1,0.3947,0
2022-01-30,2022-01-31,1,21.700,8.500,3.000,3.000,5.000,20.900,12.800,76.000,1,3.000,1,0.7321,1
2022-01-31,2022-02-01,1,21.000,7.000,3.000,3.000,11.000,16.800,9.100,81.000,1,3.000,1,0.7321,1
2022-02-01,2022-02-02,2,21.800,8.300,3.000,3.000,9.000,16.000,8.600,79.000,1,1.100,1,0.7292,1
2022-02-02,2022-02-03,2,22.000,9.000,1.100,1.100,6.000,8.000,5.600,81.000,1,5.200,1,0.7292,1
2022-02-03,2022-02-04,2,21.300,7.000,5.200,5.200,9.000,13.300,7.200,83.000,1,0.700,0,0.7292,1
2022-02-04,2022-02-05,2,22.300,8.100,0.700,0.700,5.000,13.900,6.800,80.000,0,6.800,1,0.3919,0
2022-02-05,2022-02-06,2,22.300,6.400,6.800,6.800,8.000,9.800,5.200,81.000,1,10.200,1,0.7292,1
2022-02-06,2022-02-07,2,21.200,6.000,10.200,10.200,15.000,13.000,7.200,83.000,1,7.700,1,0.7292,1
2022-02-07,2022-02-08,2,21.400,5.400,7.700,7.700,9.000,10.000,5.100,80.000,1,12.000,1,0.7292,1
2022-02-08,2022-02-09,2,21.700,7.000,12.000,12.000,19.000,11.400,6.300,82.000,1,12.000,1,0.7292,1
2022-02-09,2022-02-10,2,21.800,7.100,12.000,12.000,16.000,14.700,8.300,81.000,1,1.700,1,0.7292,1
2022-02-10,2022-02-11,2,21.200,5.000,1.700,1.700,12.000,15.800,9.200,84.000,1,5.300,1,0.7292,1
2022-02-11,2022-02-12,2,21.600,6.300,5.300,5.300,10.000,13.000,6.300,80.000,1,15.200,1,0.7292,1
2022-02-12,2022-02-13,2,22.000,7.000,15.200,15.200,15.000,11.000,5.600,78.000,1,4.900,1,0.7292,1
2022-02-13,2022-02-14,2,21.100,5.600,4.900,4.900,15.000,12.500,7.600,84.000,1,7.300,1,0.7292,1
2022-02-14,2022-02-15,2,21.500,8.100,7.300,7.300,16.000,12.100,6.500,81.000,1,11.800,1,0.7292,1
2022-02-15,2022-02-16,2,22.200,8.300,11.800,11.800,10.000,11.100,5.200,82.000,1,17.400,1,0.7292,1
2022-02-16,2022-02-17,2,21.300,7.000,17.400,17.400,14.000,11.600,4.600,86.000,1,12.700,1,0.7292,1
2022-02-17,2022-02-18,2,20.800,7.700,12.700,12.700,13.000,13.100,5.300,84.000,1,10.700,1,0.7292,1
2022-02-18,2022-02-19,2,21.100,7.600,10.700,10.700,10.000,17.900,8.700,82.000,1,12.700,1,0.7292,1
2022-02-19,2022-02-20,2,20.100,5.400,12.700,12.700,17.000,14.500,6.900,88.000,1,16.200,1,0.7292,1
2022-02-20,2022-02-21,2,20.300,5.300,16.200,16.200,18.000,8.900,3.600,84.000,1,6.100,1,0.7292,1
2022-02-21,2022-02-22,2,20.600,8.300,6.100,6.100,8.000,11.700,6.900,87.000,1,7.200,1,0.7292,1
2022-02-22,2022-02-23,2,21.300,8.100,7.200,7.200,8.000,12.400,7.900,85.000,1,0.000,0,0.7292,1
2022-02-23,2022-02-24,2,22.000,9.300,0.000,0.000,0.000,15.100,6.500,77.000,0,0.800,0,0.3919,0
2022-02-24,2022-02-25,2,22.100,9.800,0.800,0.800,5.000,9.200,5.600,76.000,0,0.900,0,0.3919,0
2022-02-25,2022-02-26,2,23.000,9.100,0.900,0.900,6.000,16.200,9.300,76.000,0,0.400,0,0.3919,0
2022-02-26,2022-02-27,2,22.700,9.500,0.400,0.400,4.000,16.200,9.700,76.000,0,0.000,0,0.3919,0
2022-02-27,2022-02-28,2,22.800,9.700,0.000,0.000,0.000,14.800,9.200,70.000,0,0.000,0,0.3919,0
2022-02-28,2022-03-01,2,22.500,9.700,0.000,0.000,0.000,15.300,9.200,68.000,0,1.000,1,0.3919,0
2022-03-01,2022-03-02,3,22.400,8.700,1.000,1.000,8.000,13.000,8.000,72.000,1,2.900,1,0.6474,1
2022-03-02,2022-03-03,3,21.200,9.800,2.900,2.900,6.000,24.900,7.500,76.000,1,5.500,1,0.6474,1
2022-03-03,2022-03-04,3,21.100,8.100,5.500,5.500,7.000,15.100,4.800,81.000,1,3.600,1,0.6474,1
2022-03-04,2022-03-05,3,21.200,8.800,3.600,3.600,7.000,16.900,7.500,81.000,1,0.300,0,0.6474,1
2022-03-05,2022-03-06,3,21.700,9.900,0.300,0.300,1.000,16.600,9.500,76.000,0,0.200,0,0.3100,0
2022-03-06,2022-03-07,3,21.600,9.400,0.200,0.200,2.000,15.600,9.700,75.000,0,1.500,1,0.3100,0
2022-03-07,2022-03-08,3,22.300,7.300,1.500,1.500,9.000,15.700,8.500,76.000,1,0.400,0,0.6474,1
2022-03-08,2022-03-09,3,22.200,7.900,0.400,0.400,3.000,19.400,10.200,73.000,0,0.100,0,0.3100,0
2022-03-09,2022-03-10,3,22.600,10.300,0.100,0.100,1.000,12.700,8.100,64.000,0,0.000,0,0.3100,0
2022-03-10,2022-03-11,3,23.400,8.500,0.000,0.000,0.000,8.400,5.700,65.000,0,0.000,0,0.3100,0
2022-03-11,2022-03-12,3,23.400,9.000,0.000,0.000,0.000,8.400,5.800,70.000,0,14.600,1,0.3100,0
2022-03-12,2022-03-13,3,21.700,8.800,14.600,14.600,9.000,13.700,6.800,80.000,1,3.700,1,0.6474,1
2022-03-13,2022-03-14,3,21.800,7.200,3.700,3.700,6.000,11.000,6.600,82.000,1,9.400,1,0.6474,1
2022-03-14,2022-03-15,3,21.700,6.800,9.400,9.400,14.000,9.500,5.200,84.000,1,9.500,1,0.6474,1
2022-03-15,2022-03-16,3,21.600,5.600,9.500,9.500,8.000,8.700,4.700,85.000,1,1.000,1,0.6474,1
2022-03-16,2022-03-17,3,22.200,6.500,1.000,1.000,9.000,13.000,7.400,79.000,1,0.100,0,0.6474,1
2022-03-17,2022-03-18,3,22.100,7.700,0.100,0.100,1.000,12.500,7.800,79.000,0,2.400,1,0.3100,0
2022-03-18,2022-03-19,3,22.400,8.100,2.400,2.400,4.000,17.600,8.200,78.000,1,0.300,0,0.6474,1
2022-03-19,2022-03-20,3,23.100,7.600,0.300,0.300,3.000,12.600,7.900,66.000,0,0.000,0,0.3100,0
2022-03-20,2022-03-21,3,23.000,12.000,0.000,0.000,0.000,11.800,8.400,59.000,0,0.400,0,0.3100,0
2022-03-21,2022-03-22,3,22.500,8.100,0.400,0.400,4.000,16.300,9.600,66.000,0,0.500,0,0.3100,0
2022-03-22,2022-03-23,3,21.500,8.300,0.500,0.500,5.000,24.500,12.700,73.000,0,0.600,0,0.3100,0
2022-03-23,2022-03-24,3,21.700,8.100,0.600,0.600,5.000,19.700,11.200,74.000,0,0.800,0,0.3100,0
2022-03-24,2022-03-25,3,22.200,8.500,0.800,0.800,7.000,14.400,7.100,75.000,0,0.400,0,0.3100,0
2022-03-25,2022-03-26,3,22.900,7.700,0.400,0.400,4.000,10.500,6.200,71.000,0,0.100,0,0.3100,0
2022-03-26,2022-03-27,3,23.200,9.800,0.100,0.100,1.000,10.300,6.600,70.000,0,0.300,0,0.3100,0
2022-03-27,2022-03-28,3,23.800,9.000,0.300,0.300,3.000,13.800,7.300,68.000,0,0.100,0,0.3100,0
2022-03-28,2022-03-29,3,23.900,9.400,0.100,0.100,1.000,14.000,8.600,64.000,0,0.000,0,0.3100,0
2022-03-29,2022-03-30,3,23.600,9.600,0.000,0.000,0.000,14.800,9.300,62.000,0,0.000,0,0.3100,0
2022-03-30,2022-03-31,3,24.000,9.300,0.000,0.000,0.000,10.700,5.400,58.000,0,0.000,0,0.3100,0
2022-03-31,2022-04-01,3,24.200,10.000,0.000,0.000,0.000,13.700,8.100,59.000,0,0.000,0,0.3100,0
2022-04-01,2022-04-02,4,24.200,9.400,0.000,0.000,0.000,11.600,7.500,55.000,0,0.000,0,0.2267,0
2022-04-02,2022-04-03,4,23.200,9.500,0.000,0.000,0.000,16.200,9.400,59.000,0,0.000,0,0.2267,0
2022-04-03,2022-04-04,4,23.200,10.600,0.000,0.000,0.000,21.300,11.500,57.000,0,0.000,0,0.2267,0
2022-04-04,2022-04-05,4,22.900,11.200,0.000,0.000,0.000,16.700,9.800,58.000,0,0.000,0,0.2267,0
2022-04-05,2022-04-06,4,23.200,11.500,0.000,0.000,0.000,15.300,9.400,57.000,0,0.100,0,0.2267,0
2022-04-06,2022-04-07,4,24.100,8.800,0.100,0.100,1.000,11.900,6.900,56.000,0,0.100,0,0.2267,0
2022-04-07,2022-04-08,4,24.300,9.200,0.100,0.100,1.000,11.400,7.100,60.000,0,1.000,1,0.2267,0
2022-04-08,2022-04-09,4,23.300,8.700,1.000,1.000,7.000,11.000,6.700,71.000,1,0.500,0,0.5641,1
2022-04-09,2022-04-10,4,24.100,9.200,0.500,0.500,2.000,11.800,5.000,65.000,0,0.000,0,0.2267,0
2022-04-10,2022-04-11,4,23.600,9.000,0.000,0.000,0.000,9.000,5.700,71.000,0,2.100,1,0.2267,0
2022-04-11,2022-04-12,4,22.600,7.400,2.100,2.100,8.000,11.000,4.900,76.000,1,10.200,1,0.5641,1
2022-04-12,2022-04-13,4,21.800,6.900,10.200,10.200,11.000,13.400,4.800,84.000,1,4.800,1,0.5641,1
2022-04-13,2022-04-14,4,22.000,9.100,4.800,4.800,7.000,13.600,4.400,81.000,1,0.300,0,0.5641,1
2022-04-14,2022-04-15,4,22.900,8.500,0.300,0.300,2.000,11.600,6.600,77.000,0,2.200,1,0.2267,0
2022-04-15,2022-04-16,4,21.900,8.200,2.200,2.200,5.000,14.400,7.300,77.000,1,0.000,0,0.5641,1
2022-04-16,2022-04-17,4,22.000,9.500,0.000,0.000,0.000,12.100,8.000,69.000,0,1.100,1,0.2267,0
2022-04-17,2022-04-18,4,21.300,8.300,1.100,1.100,9.000,14.400,8.500,74.000,1,0.700,0,0.5641,1
2022-04-18,2022-04-19,4,21.200,8.200,0.700,0.700,5.000,16.800,8.700,76.000,0,0.000,0,0.2267,0
2022-04-19,2022-04-20,4,21.400,9.700,0.000,0.000,0.000,19.200,9.500,68.000,0,0.000,0,0.2267,0
2022-04-20,2022-04-21,4,21.600,10.900,0.000,0.000,0.000,15.500,9.200,59.000,0,0.000,0,0.2267,0
2022-04-21,2022-04-22,4,22.000,10.700,0.000,0.000,0.000,14.800,7.800,56.000,0,0.000,0,0.2267,0
2022-04-22,2022-04-23,4,22.800,11.700,0.000,0.000,0.000,12.800,7.800,54.000,0,0.300,0,0.2267,0
2022-04-23,2022-04-24,4,22.800,9.500,0.300,0.300,3.000,11.700,5.600,61.000,0,0.500,0,0.2267,0
2022-04-24,2022-04-25,4,23.000,8.700,0.500,0.500,4.000,16.300,9.200,65.000,0,0.000,0,0.2267,0
2022-04-25,2022-04-26,4,23.100,10.000,0.000,0.000,0.000,21.900,12.300,60.000,0,0.000,0,0.2267,0
2022-04-26,2022-04-27,4,22.000,10.400,0.000,0.000,0.000,17.800,11.800,63.000,0,0.000,0,0.2267,0
2022-04-27,2022-04-28,4,21.800,10.600,0.000,0.000,0.000,16.800,9.900,63.000,0,0.000,0,0.2267,0
2022-04-28,2022-04-29,4,21.900,10.600,0.000,0.000,0.000,19.800,9.900,66.000,0,0.000,0,0.2267,0
2022-04-29,2022-04-30,4,21.800,10.200,0.000,0.000,0.000,16.500,10.500,63.000,0,0.000,0,0.2267,0
2022-04-30,2022-05-01,4,21.400,11.000,0.000,0.000,0.000,18.500,11.100,57.000,0,0.000,0,0.2267,0
2022-05-01,2022-05-02,5,21.600,10.100,0.000,0.000,0.000,15.000,7.000,58.000,0,0.000,0,0.0721,0
2022-05-02,2022-05-03,5,22.300,9.700,0.000,0.000,0.000,13.100,6.200,59.000,0,0.000,0,0.0721,0
2022-05-03,2022-05-04,5,23.100,8.900,0.000,0.000,0.000,11.600,6.500,58.000,0,0.200,0,0.0721,0
2022-05-04,2022-05-05,5,23.000,10.200,0.200,0.200,2.000,15.000,9.200,62.000,0,1.100,1,0.0721,0
2022-05-05,2022-05-06,5,21.400,9.500,1.100,1.100,4.000,11.000,6.900,75.000,1,1.400,1,0.4095,0
2022-05-06,2022-05-07,5,22.100,9.900,1.400,1.400,4.000,11.600,7.100,75.000,1,1.000,1,0.4095,0
2022-05-07,2022-05-08,5,22.000,9.300,1.000,1.000,7.000,14.800,8.700,74.000,1,0.100,0,0.4095,0
2022-05-08,2022-05-09,5,22.100,9.100,0.100,0.100,1.000,15.500,9.200,68.000,0,0.000,0,0.0721,0
2022-05-09,2022-05-10,5,21.500,9.400,0.000,0.000,0.000,15.000,9.100,64.000,0,0.000,0,0.0721,0
2022-05-10,2022-05-11,5,20.600,9.300,0.000,0.000,0.000,14.100,7.900,62.000,0,0.000,0,0.0721,0
2022-05-11,2022-05-12,5,21.200,10.400,0.000,0.000,0.000,7.800,5.400,58.000,0,0.000,0,0.0721,0
2022-05-12,2022-05-13,5,22.500,8.800,0.000,0.000,0.000,10.100,4.800,57.000,0,0.200,0,0.0721,0
2022-05-13,2022-05-14,5,22.400,9.900,0.200,0.200,2.000,11.700,8.300,60.000,0,0.000,0,0.0721,0
2022-05-14,2022-05-15,5,22.000,9.900,0.000,0.000,0.000,17.500,9.500,64.000,0,0.200,0,0.0721,0
2022-05-15,2022-05-16,5,22.200,9.700,0.200,0.200,2.000,11.800,7.800,65.000,0,0.800,0,0.0721,0
2022-05-16,2022-05-17,5,21.100,9.000,0.800,0.800,6.000,13.000,6.800,72.000,0,0.000,0,0.0721,0
2022-05-17,2022-05-18,5,19.800,8.700,0.000,0.000,0.000,14.000,10.900,75.000,0,0.000,0,0.0721,0
2022-05-18,2022-05-19,5,14.300,9.200,0.000,0.000,0.000,17.000,12.600,54.000,0,0.000,0,0.0721,0
2022-05-19,2022-05-20,5,12.400,12.700,0.000,0.000,0.000,14.700,10.100,59.000,0,0.000,0,0.0721,0
2022-05-20,2022-05-21,5,14.600,13.600,0.000,0.000,0.000,11.600,6.300,65.000,0,0.000,0,0.0721,0
2022-05-21,2022-05-22,5,17.000,14.100,0.000,0.000,0.000,10.400,7.400,58.000,0,0.000,0,0.0721,0
2022-05-22,2022-05-23,5,18.500,12.900,0.000,0.000,0.000,12.700,8.200,56.000,0,0.000,0,0.0721,0
2022-05-23,2022-05-24,5,19.900,12.000,0.000,0.000,0.000,11.300,7.500,61.000,0,0.000,0,0.0721,0
2022-05-24,2022-05-25,5,20.000,9.900,0.000,0.000,0.000,16.300,10.700,58.000,0,0.000,0,0.0721,0
2022-05-25,2022-05-26,5,18.300,10.300,0.000,0.000,0.000,17.400,12.300,60.000,0,0.000,0,0.0721,0
2022-05-26,2022-05-27,5,18.700,11.100,0.000,0.000,0.000,20.500,11.500,64.000,0,0.000,0,0.0721,0
2022-05-27,2022-05-28,5,19.100,10.600,0.000,0.000,0.000,15.200,9.500,64.000,0,0.000,0,0.0721,0
2022-05-28,2022-05-29,5,19.200,11.000,0.000,0.000,0.000,11.600,7.700,59.000,0,0.000,0,0.0721,0
2022-05-29,2022-05-30,5,19.900,12.700,0.000,0.000,0.000,9.700,7.000,51.000,0,0.000,0,0.0721,0
2022-05-30,2022-05-31,5,21.900,9.300,0.000,0.000,0.000,6.600,4.700,42.000,0,0.000,0,0.0721,0
2022-05-31,2022-06-01,5,21.800,11.100,0.000,0.000,0.000,13.300,8.400,43.000,0,0.000,0,0.0721,0
2022-06-01,2022-06-02,6,20.900,12.400,0.000,0.000,0.000,14.100,9.600,49.000,0,0.000,0,0.0725,0
2022-06-02,2022-06-03,6,21.700,12.200,0.000,0.000,0.000,10.700,6.900,49.000,0,0.000,0,0.0725,0
2022-06-03,2022-06-04,6,21.300,11.000,0.000,0.000,0.000,15.600,9.200,49.000,0,0.000,0,0.0725,0
2022-06-04,2022-06-05,6,20.900,11.800,0.000,0.000,0.000,18.000,11.300,55.000,0,0.100,0,0.0725,0
2022-06-05,2022-06-06,6,19.400,9.500,0.100,0.100,1.000,20.200,11.400,65.000,0,0.000,0,0.0725,0
2022-06-06,2022-06-07,6,18.800,11.600,0.000,0.000,0.000,13.200,9.100,61.000,0,0.000,0,0.0725,0
2022-06-07,2022-06-08,6,20.500,11.800,0.000,0.000,0.000,8.000,4.600,51.000,0,0.000,0,0.0725,0
2022-06-08,2022-06-09,6,21.000,12.600,0.000,0.000,0.000,14.800,6.200,53.000,0,0.000,0,0.0725,0
2022-06-09,2022-06-10,6,22.200,9.600,0.000,0.000,0.000,10.000,6.500,42.000,0,0.000,0,0.0725,0
2022-06-10,2022-06-11,6,21.200,13.900,0.000,0.000,0.000,16.100,6.700,52.000,0,0.000,0,0.0725,0
2022-06-11,2022-06-12,6,20.100,10.400,0.000,0.000,0.000,15.100,8.300,66.000,0,0.000,0,0.0725,0
2022-06-12,2022-06-13,6,20.300,10.800,0.000,0.000,0.000,15.800,8.100,66.000,0,0.000,0,0.0725,0
2022-06-13,2022-06-14,6,20.200,10.500,0.000,0.000,0.000,13.500,9.100,61.000,0,0.200,0,0.0725,0
2022-06-14,2022-06-15,6,20.800,11.000,0.200,0.200,2.000,16.100,10.000,58.000,0,0.100,0,0.0725,0
2022-06-15,2022-06-16,6,20.700,9.400,0.100,0.100,1.000,12.600,9.400,67.000,0,0.000,0,0.0725,0
2022-06-16,2022-06-17,6,19.900,11.300,0.000,0.000,0.000,13.000,9.300,60.000,0,0.000,0,0.0725,0
2022-06-17,2022-06-18,6,20.200,12.400,0.000,0.000,0.000,9.400,5.700,51.000,0,0.000,0,0.0725,0
2022-06-18,2022-06-19,6,21.100,11.600,0.000,0.000,0.000,14.300,8.100,46.000,0,0.000,0,0.0725,0
2022-06-19,2022-06-20,6,20.400,12.200,0.000,0.000,0.000,15.200,9.400,53.000,0,0.000,0,0.0725,0
2022-06-20,2022-06-21,6,19.800,11.200,0.000,0.000,0.000,15.800,10.700,55.000,0,0.000,0,0.0725,0
2022-06-21,2022-06-22,6,19.400,11.600,0.000,0.000,0.000,18.100,11.500,59.000,0,0.000,0,0.0725,0
2022-06-22,2022-06-23,6,19.000,12.600,0.000,0.000,0.000,13.800,8.400,60.000,0,0.000,0,0.0725,0
2022-06-23,2022-06-24,6,19.600,10.700,0.000,0.000,0.000,13.100,8.600,61.000,0,0.000,0,0.0725,0
2022-06-24,2022-06-25,6,19.600,11.200,0.000,0.000,0.000,14.000,8.600,59.000,0,0.000,0,0.0725,0
2022-06-25,2022-06-26,6,19.100,10.700,0.000,0.000,0.000,14.500,9.400,55.000,0,0.000,0,0.0725,0
2022-06-26,2022-06-27,6,19.400,11.900,0.000,0.000,0.000,14.800,9.000,53.000,0,0.000,0,0.0725,0
2022-06-27,2022-06-28,6,18.600,10.600,0.000,0.000,0.000,15.400,9.900,58.000,0,0.000,0,0.0725,0
2022-06-28,2022-06-29,6,18.100,11.800,0.000,0.000,0.000,12.600,8.600,60.000,0,0.000,0,0.0725,0
2022-06-29,2022-06-30,6,19.900,9.800,0.000,0.000,0.000,13.600,5.100,52.000,0,0.000,0,0.0725,0
2022-06-30,2022-07-01,6,20.200,10.100,0.000,0.000,0.000,11.600,7.000,50.000,0,0.000,0,0.0725,0
2022-07-01,2022-07-02,7,20.000,11.700,0.000,0.000,0.000,15.400,9.800,50.000,0,0.000,0,0.0600,0
2022-07-02,2022-07-03,7,19.800,12.000,0.000,0.000,0.000,16.800,11.400,54.000,0,0.000,0,0.0600,0
2022-07-03,2022-07-04,7,19.000,11.600,0.000,0.000,0.000,18.200,12.100,57.000,0,0.000,0,0.0600,0
2022-07-04,2022-07-05,7,17.900,10.900,0.000,0.000,0.000,21.200,13.000,54.000,0,0.000,0,0.0600,0
2022-07-05,2022-07-06,7,18.200,11.200,0.000,0.000,0.000,18.300,10.800,57.000,0,0.000,0,0.0600,0
2022-07-06,2022-07-07,7,18.600,11.900,0.000,0.000,0.000,17.900,9.400,55.000,0,0.000,0,0.0600,0
2022-07-07,2022-07-08,7,19.800,11.400,0.000,0.000,0.000,14.200,7.500,54.000,0,0.000,0,0.0600,0
2022-07-08,2022-07-09,7,19.600,10.400,0.000,0.000,0.000,15.100,10.000,56.000,0,0.000,0,0.0600,0
2022-07-09,2022-07-10,7,18.600,11.300,0.000,0.000,0.000,19.100,11.700,56.000,0,0.000,0,0.0600,0
2022-07-10,2022-07-11,7,18.300,10.600,0.000,0.000,0.000,18.700,10.900,58.000,0,0.000,0,0.0600,0
2022-07-11,2022-07-12,7,18.500,11.400,0.000,0.000,0.000,18.300,10.600,56.000,0,0.000,0,0.0600,0
2022-07-12,2022-07-13,7,19.800,10.500,0.000,0.000,0.000,11.800,6.100,49.000,0,0.000,0,0.0600,0
2022-07-13,2022-07-14,7,19.700,12.300,0.000,0.000,0.000,12.000,8.400,48.000,0,0.000,0,0.0600,0
2022-07-14,2022-07-15,7,20.000,11.300,0.000,0.000,0.000,17.000,10.500,52.000,0,0.000,0,0.0600,0
2022-07-15,2022-07-16,7,19.900,11.800,0.000,0.000,0.000,12.700,8.000,54.000,0,0.000,0,0.0600,0
2022-07-16,2022-07-17,7,20.300,12.200,0.000,0.000,0.000,11.900,7.900,50.000,0,0.000,0,0.0600,0
2022-07-17,2022-07-18,7,20.200,12.600,0.000,0.000,0.000,13.900,10.100,50.000,0,0.000,0,0.0600,0
2022-07-18,2022-07-19,7,19.500,11.900,0.000,0.000,0.000,21.300,13.000,50.000,0,0.000,0,0.0600,0
2022-07-19,2022-07-20,7,19.900,11.300,0.000,0.000,0.000,14.800,10.900,55.000,0,0.000,0,0.0600,0
2022-07-20,2022-07-21,7,18.900,11.700,0.000,0.000,0.000,17.000,10.900,54.000,0,0.000,0,0.0600,0
2022-07-21,2022-07-22,7,19.300,11.100,0.000,0.000,0.000,17.100,9.700,55.000,0,0.000,0,0.0600,0
2022-07-22,2022-07-23,7,19.400,11.000,0.000,0.000,0.000,16.200,9.900,49.000,0,0.000,0,0.0600,0
2022-07-23,2022-07-24,7,19.800,11.500,0.000,0.000,0.000,12.700,8.900,49.000,0,0.000,0,0.0600,0
2022-07-24,2022-07-25,7,20.000,11.500,0.000,0.000,0.000,16.500,10.400,51.000,0,0.000,0,0.0600,0
2022-07-25,2022-07-26,7,19.700,11.700,0.000,0.000,0.000,14.800,10.400,54.000,0,0.000,0,0.0600,0
2022-07-26,2022-07-27,7,19.300,11.900,0.000,0.000,0.000,14.500,10.200,52.000,0,0.000,0,0.0600,0
2022-07-27,2022-07-28,7,18.700,11.600,0.000,0.000,0.000,19.100,10.200,53.000,0,0.000,0,0.0600,0
2022-07-28,2022-07-29,7,19.400,13.100,0.000,0.000,0.000,11.300,7.000,51.000,0,0.000,0,0.0600,0
2022-07-29,2022-07-30,7,20.900,13.400,0.000,0.000,0.000,12.600,6.600,39.000,0,0.000,0,0.0600,0
2022-07-30,2022-07-31,7,21.800,13.300,0.000,0.000,0.000,15.500,8.800,34.000,0,0.000,0,0.0600,0
2022-07-31,2022-08-01,7,22.100,13.600,0.000,0.000,0.000,13.000,8.600,40.000,0,0.000,0,0.0600,0
2022-08-01,2022-08-02,8,22.600,12.200,0.000,0.000,0.000,14.900,8.600,37.000,0,0.000,0,0.0802,0
2022-08-02,2022-08-03,8,22.200,11.500,0.000,0.000,0.000,17.400,9.500,41.000,0,0.000,0,0.0802,0
2022-08-03,2022-08-04,8,21.400,11.600,0.000,0.000,0.000,16.300,10.000,44.000,0,0.000,0,0.0802,0
2022-08-04,2022-08-05,8,21.100,11.300,0.000,0.000,0.000,13.500,8.200,43.000,0,0.000,0,0.0802,0
2022-08-05,2022-08-06,8,23.400,10.900,0.000,0.000,0.000,9.000,5.000,33.000,0,0.000,0,0.0802,0
2022-08-06,2022-08-07,8,23.900,11.900,0.000,0.000,0.000,13.600,6.600,29.000,0,0.000,0,0.0802,0
2022-08-07,2022-08-08,8,23.800,12.500,0.000,0.000,0.000,13.500,8.500,33.000,0,0.000,0,0.0802,0
2022-08-08,2022-08-09,8,24.900,11.800,0.000,0.000,0.000,12.600,6.700,33.000,0,0.000,0,0.0802,0
2022-08-09,2022-08-10,8,23.300,12.700,0.000,0.000,0.000,13.300,7.400,43.000,0,0.000,0,0.0802,0
2022-08-10,2022-08-11,8,22.200,13.000,0.000,0.000,0.000,21.200,13.900,51.000,0,0.000,0,0.0802,0
2022-08-11,2022-08-12,8,18.700,15.600,0.000,0.000,0.000,13.900,9.700,45.000,0,0.000,0,0.0802,0
2022-08-12,2022-08-13,8,20.800,13.800,0.000,0.000,0.000,13.000,7.900,41.000,0,0.000,0,0.0802,0
2022-08-13,2022-08-14,8,21.800,12.100,0.000,0.000,0.000,14.400,10.200,48.000,0,0.000,0,0.0802,0
2022-08-14,2022-08-15,8,21.000,11.500,0.000,0.000,0.000,14.600,10.500,46.000,0,0.000,0,0.0802,0
2022-08-15,2022-08-16,8,21.000,13.000,0.000,0.000,0.000,13.800,8.500,41.000,0,0.000,0,0.0802,0
2022-08-16,2022-08-17,8,22.300,11.300,0.000,0.000,0.000,10.800,7.000,39.000,0,0.000,0,0.0802,0
2022-08-17,2022-08-18,8,23.100,12.500,0.000,0.000,0.000,14.500,9.300,37.000,0,0.000,0,0.0802,0
2022-08-18,2022-08-19,8,22.900,12.200,0.000,0.000,0.000,13.300,9.000,37.000,0,0.000,0,0.0802,0
2022-08-19,2022-08-20,8,22.700,11.400,0.000,0.000,0.000,16.800,10.500,40.000,0,0.000,0,0.0802,0
2022-08-20,2022-08-21,8,20.600,10.900,0.000,0.000,0.000,27.000,17.600,48.000,0,0.000,0,0.0802,0
2022-08-21,2022-08-22,8,19.600,11.400,0.000,0.000,0.000,19.800,14.700,51.000,0,0.000,0,0.0802,0
2022-08-22,2022-08-23,8,19.200,11.300,0.000,0.000,0.000,20.600,12.700,48.000,0,0.000,0,0.0802,0
2022-08-23,2022-08-24,8,19.500,10.900,0.000,0.000,0.000,21.700,12.700,45.000,0,0.000,0,0.0802,0
2022-08-24,2022-08-25,8,20.300,11.300,0.000,0.000,0.000,16.900,9.200,44.000,0,0.000,0,0.0802,0
2022-08-25,2022-08-26,8,20.600,11.400,0.000,0.000,0.000,17.300,9.700,42.000,0,0.000,0,0.0802,0
2022-08-26,2022-08-27,8,21.000,11.400,0.000,0.000,0.000,17.500,9.700,42.000,0,0.000,0,0.0802,0
2022-08-27,2022-08-28,8,21.500,11.600,0.000,0.000,0.000,17.300,9.300,42.000,0,0.000,0,0.0802,0
2022-08-28,2022-08-29,8,22.400,13.200,0.000,0.000,0.000,19.100,9.700,39.000,0,0.000,0,0.0802,0
2022-08-29,2022-08-30,8,23.700,10.400,0.000,0.000,0.000,21.700,10.100,33.000,0,0.000,0,0.0802,0
2022-08-30,2022-08-31,8,22.400,11.300,0.000,0.000,0.000,21.300,13.800,38.000,0,0.000,0,0.0802,0
2022-08-31,2022-09-01,8,20.300,11.300,0.000,0.000,0.000,17.300,13.900,50.000,0,0.000,0,0.0802,0
2022-09-01,2022-09-02,9,19.500,11.900,0.000,0.000,0.000,18.900,13.500,44.000,0,0.000,0,0.1142,0
2022-09-02,2022-09-03,9,20.000,13.500,0.000,0.000,0.000,13.500,9.500,41.000,0,0.000,0,0.1142,0
2022-09-03,2022-09-04,9,22.300,13.600,0.000,0.000,0.000,11.200,7.900,35.000,0,0.000,0,0.1142,0
2022-09-04,2022-09-05,9,24.100,14.100,0.000,0.000,0.000,18.600,10.600,27.000,0,0.000,0,0.1142,0
2022-09-05,2022-09-06,9,23.700,12.400,0.000,0.000,0.000,19.100,12.600,30.000,0,0.000,0,0.1142,0
2022-09-06,2022-09-07,9,22.300,12.100,0.000,0.000,0.000,21.600,13.900,46.000,0,0.000,0,0.1142,0
2022-09-07,2022-09-08,9,21.600,10.600,0.000,0.000,0.000,16.500,11.700,48.000,0,0.000,0,0.1142,0
2022-09-08,2022-09-09,9,22.600,14.200,0.000,0.000,0.000,18.200,10.800,41.000,0,0.000,0,0.1142,0
2022-09-09,2022-09-10,9,23.300,13.400,0.000,0.000,0.000,18.100,11.000,38.000,0,0.000,0,0.1142,0
2022-09-10,2022-09-11,9,24.200,14.800,0.000,0.000,0.000,15.300,9.900,30.000,0,0.000,0,0.1142,0
2022-09-11,2022-09-12,9,26.300,10.700,0.000,0.000,0.000,13.600,7.600,22.000,0,0.000,0,0.1142,0
2022-09-12,2022-09-13,9,26.600,13.000,0.000,0.000,0.000,19.200,8.900,23.000,0,0.000,0,0.1142,0
2022-09-13,2022-09-14,9,26.100,14.000,0.000,0.000,0.000,13.000,8.300,24.000,0,0.000,0,0.1142,0
2022-09-14,2022-09-15,9,26.700,12.800,0.000,0.000,0.000,13.700,7.900,22.000,0,0.000,0,0.1142,0
2022-09-15,2022-09-16,9,25.400,11.100,0.000,0.000,0.000,15.500,9.000,38.000,0,0.000,0,0.1142,0
2022-09-16,2022-09-17,9,25.400,13.000,0.000,0.000,0.000,17.700,9.200,46.000,0,6.000,1,0.1142,0
2022-09-17,2022-09-18,9,24.000,11.000,6.000,6.000,5.000,19.400,10.100,57.000,1,1.700,1,0.4516,1
2022-09-18,2022-09-19,9,22.800,10.000,1.700,1.700,4.000,14.700,8.800,69.000,1,0.200,0,0.4516,1
2022-09-19,2022-09-20,9,22.400,10.100,0.200,0.200,2.000,10.000,7.200,68.000,0,2.000,1,0.1142,0
2022-09-20,2022-09-21,9,22.400,9.700,2.000,2.000,3.000,13.700,5.900,71.000,1,1.600,1,0.4516,1
2022-09-21,2022-09-22,9,23.300,9.000,1.600,1.600,3.000,19.000,6.700,70.000,1,9.000,1,0.4516,1
2022-09-22,2022-09-23,9,22.200,8.600,9.000,9.000,12.000,17.700,9.400,76.000,1,0.500,0,0.4516,1
2022-09-23,2022-09-24,9,21.100,6.600,0.500,0.500,3.000,10.500,5.900,82.000,0,1.600,1,0.1142,0
2022-09-24,2022-09-25,9,21.500,10.200,1.600,1.600,4.000,12.200,7.800,78.000,1,0.200,0,0.4516,1
2022-09-25,2022-09-26,9,21.200,6.900,0.200,0.200,1.000,21.300,12.100,79.000,0,0.000,0,0.1142,0
2022-09-26,2022-09-27,9,22.500,10.500,0.000,0.000,0.000,16.600,10.500,68.000,0,0.000,0,0.1142,0
2022-09-27,2022-09-28,9,23.500,12.000,0.000,0.000,0.000,12.700,7.000,57.000,0,0.000,0,0.1142,0
2022-09-28,2022-09-29,9,23.900,12.900,0.000,0.000,0.000,10.800,6.700,61.000,0,0.100,0,0.1142,0
2022-09-29,2022-09-30,9,24.000,12.000,0.100,0.100,1.000,15.000,9.300,60.000,0,0.100,0,0.1142,0
2022-09-30,2022-10-01,9,24.400,11.200,0.100,0.100,1.000,18.900,11.400,57.000,0,0.000,0,0.1142,0
2022-10-01,2022-10-02,10,23.700,10.600,0.000,0.000,0.000,20.300,9.700,61.000,0,5.600,1,0.3140,0
2022-10-02,2022-10-03,10,22.400,10.500,5.600,5.600,10.000,16.900,6.300,72.000,1,2.500,1,0.6514,1
2022-10-03,2022-10-04,10,21.800,8.800,2.500,2.500,9.000,11.500,6.400,74.000,1,1.900,1,0.6514,1
2022-10-04,2022-10-05,10,22.100,9.100,1.900,1.900,2.000,17.100,5.600,72.000,1,1.900,1,0.6514,1
2022-10-05,2022-10-06,10,22.200,10.900,1.900,1.900,3.000,14.900,7.100,75.000,1,0.000,0,0.6514,1
2022-10-06,2022-10-07,10,24.200,11.900,0.000,0.000,0.000,18.400,10.400,63.000,0,13.500,1,0.3140,0
2022-10-07,2022-10-08,10,21.300,7.700,13.500,13.500,9.000,20.400,9.200,76.000,1,7.500,1,0.6514,1
2022-10-08,2022-10-09,10,22.800,10.400,7.500,7.500,4.000,13.400,7.000,70.000,1,4.800,1,0.6514,1
2022-10-09,2022-10-10,10,22.000,10.000,4.800,4.800,3.000,17.300,9.900,78.000,1,0.000,0,0.6514,1
2022-10-10,2022-10-11,10,23.600,11.500,0.000,0.000,0.000,20.200,10.700,62.000,0,0.000,0,0.3140,0
2022-10-11,2022-10-12,10,24.300,10.900,0.000,0.000,0.000,21.900,12.800,44.000,0,0.000,0,0.3140,0
2022-10-12,2022-10-13,10,23.900,12.400,0.000,0.000,0.000,17.700,10.800,43.000,0,0.000,0,0.3140,0
2022-10-13,2022-10-14,10,23.000,11.400,0.000,0.000,0.000,18.000,12.300,44.000,0,0.000,0,0.3140,0
2022-10-14,2022-10-15,10,24.000,13.100,0.000,0.000,0.000,17.200,10.100,46.000,0,0.000,0,0.3140,0
2022-10-15,2022-10-16,10,24.000,12.900,0.000,0.000,0.000,20.600,13.000,42.000,0,0.000,0,0.3140,0
2022-10-16,2022-10-17,10,23.300,11.500,0.000,0.000,0.000,20.200,12.000,45.000,0,0.000,0,0.3140,0
2022-10-17,2022-10-18,10,24.200,12.800,0.000,0.000,0.000,16.200,10.500,41.000,0,0.000,0,0.3140,0
2022-10-18,2022-10-19,10,25.500,13.100,0.000,0.000,0.000,18.700,9.800,36.000,0,0.000,0,0.3140,0
2022-10-19,2022-10-20,10,26.300,11.400,0.000,0.000,0.000,19.400,9.100,36.000,0,0.000,0,0.3140,0
2022-10-20,2022-10-21,10,26.400,10.800,0.000,0.000,0.000,13.900,9.300,37.000,0,1.800,1,0.3140,0
2022-10-21,2022-10-22,10,24.400,9.200,1.800,1.800,5.000,24.000,10.200,54.000,1,2.000,1,0.6514,1
2022-10-22,2022-10-23,10,23.500,8.500,2.000,2.000,9.000,18.100,5.600,63.000,1,6.700,1,0.6514,1
2022-10-23,2022-10-24,10,21.000,5.600,6.700,6.700,19.000,12.600,8.900,81.000,1,8.400,1,0.6514,1
2022-10-24,2022-10-25,10,20.100,5.700,8.400,8.400,13.000,11.600,7.700,85.000,1,0.500,0,0.6514,1
2022-10-25,2022-10-26,10,22.600,10.300,0.500,0.500,4.000,11.500,6.900,72.000,0,0.700,0,0.3140,0
2022-10-26,2022-10-27,10,23.500,11.700,0.700,0.700,4.000,12.700,6.000,64.000,0,0.100,0,0.3140,0
2022-10-27,2022-10-28,10,24.000,10.400,0.100,0.100,1.000,12.600,7.600,62.000,0,2.200,1,0.3140,0
2022-10-28,2022-10-29,10,23.800,12.300,2.200,2.200,4.000,14.900,8.400,64.000,1,6.000,1,0.6514,1
2022-10-29,2022-10-30,10,22.800,9.100,6.000,6.000,11.000,14.300,7.600,72.000,1,0.300,0,0.6514,1
2022-10-30,2022-10-31,10,23.700,9.300,0.300,0.300,3.000,16.000,7.800,66.000,0,6.000,1,0.3140,0
2022-10-31,2022-11-01,10,23.200,9.800,6.000,6.000,7.000,14.800,7.400,68.000,1,15.400,1,0.6514,1
2022-11-01,2022-11-02,11,22.000,7.900,15.400,15.400,17.000,14.800,8.200,78.000,1,7.100,1,0.7682,1
2022-11-02,2022-11-03,11,19.900,5.600,7.100,7.100,13.000,17.700,13.700,84.000,1,3.200,1,0.7682,1
2022-11-03,2022-11-04,11,18.500,5.800,3.200,3.200,17.000,19.300,15.600,84.000,1,1.100,1,0.7682,1
2022-11-04,2022-11-05,11,18.000,7.600,1.100,1.100,9.000,19.800,13.200,80.000,1,0.800,0,0.7682,1
2022-11-05,2022-11-06,11,19.700,9.000,0.800,0.800,6.000,17.200,7.800,74.000,0,1.300,1,0.4308,1
2022-11-06,2022-11-07,11,21.500,9.500,1.300,1.300,7.000,10.200,6.100,70.000,1,1.600,1,0.7682,1
2022-11-07,2022-11-08,11,21.400,9.900,1.600,1.600,5.000,15.300,8.100,74.000,1,6.200,1,0.7682,1
2022-11-08,2022-11-09,11,20.700,9.100,6.200,6.200,12.000,13.200,6.100,78.000,1,6.100,1,0.7682,1
2022-11-09,2022-11-10,11,21.800,11.300,6.100,6.100,7.000,13.800,8.200,71.000,1,9.900,1,0.7682,1
2022-11-10,2022-11-11,11,21.600,11.200,9.900,9.900,9.000,16.700,6.500,78.000,1,3.000,1,0.7682,1
2022-11-11,2022-11-12,11,21.700,8.000,3.000,3.000,9.000,13.700,6.100,78.000,1,7.600,1,0.7682,1
2022-11-12,2022-11-13,11,21.100,8.700,7.600,7.600,12.000,13.400,6.800,80.000,1,4.700,1,0.7682,1
2022-11-13,2022-11-14,11,22.300,9.200,4.700,4.700,4.000,12.900,5.800,78.000,1,25.600,1,0.7682,1
2022-11-14,2022-11-15,11,21.900,8.900,25.600,25.600,15.000,11.700,5.500,79.000,1,8.300,1,0.7682,1
2022-11-15,2022-11-16,11,21.400,6.900,8.300,8.300,12.000,11.600,5.500,83.000,1,4.500,1,0.7682,1
2022-11-16,2022-11-17,11,21.300,6.900,4.500,4.500,12.000,11.800,5.200,82.000,1,0.600,0,0.7682,1
2022-11-17,2022-11-18,11,22.200,9.600,0.600,0.600,4.000,11.200,6.200,75.000,0,3.900,1,0.4308,1
2022-11-18,2022-11-19,11,22.000,8.300,3.900,3.900,5.000,13.300,7.000,76.000,1,10.500,1,0.7682,1
2022-11-19,2022-11-20,11,20.600,9.200,10.500,10.500,7.000,17.800,8.700,80.000,1,3.000,1,0.7682,1
2022-11-20,2022-11-21,11,20.100,8.200,3.000,3.000,9.000,16.900,9.000,81.000,1,17.100,1,0.7682,1
2022-11-21,2022-11-22,11,21.200,9.600,17.100,17.100,6.000,16.300,8.100,78.000,1,5.500,1,0.7682,1
2022-11-22,2022-11-23,11,21.400,8.800,5.500,5.500,12.000,12.500,7.400,80.000,1,30.800,1,0.7682,1
2022-11-23,2022-11-24,11,20.500,5.400,30.800,30.800,14.000,11.100,4.400,85.000,1,26.900,1,0.7682,1
2022-11-24,2022-11-25,11,20.800,6.900,26.900,26.900,16.000,14.500,6.000,84.000,1,8.700,1,0.7682,1
2022-11-25,2022-11-26,11,20.700,8.400,8.700,8.700,10.000,13.800,5.600,83.000,1,2.900,1,0.7682,1
2022-11-26,2022-11-27,11,20.900,7.500,2.900,2.900,5.000,7.500,5.000,81.000,1,8.300,1,0.7682,1
2022-11-27,2022-11-28,11,21.300,6.600,8.300,8.300,7.000,11.500,8.200,82.000,1,7.200,1,0.7682,1
2022-11-28,2022-11-29,11,20.700,8.000,7.200,7.200,12.000,14.300,7.500,82.000,1,0.200,0,0.7682,1
2022-11-29,2022-11-30,11,21.100,9.000,0.200,0.200,2.000,16.100,10.200,79.000,0,0.100,0,0.4308,1
2022-11-30,2022-12-01,11,20.400,6.500,0.100,0.100,1.000,22.600,14.600,82.000,0,0.700,0,0.4308,1
2022-12-01,2022-12-02,12,21.700,8.000,0.700,0.700,3.000,15.800,8.500,77.000,0,16.700,1,0.4673,1
2022-12-02,2022-12-03,12,21.100,6.800,16.700,16.700,10.000,12.400,7.700,84.000,1,9.500,1,0.8046,1
2022-12-03,2022-12-04,12,20.300,4.600,9.500,9.500,16.000,13.900,9.500,86.000,1,4.100,1,0.8046,1
2022-12-04,2022-12-05,12,20.700,6.900,4.100,4.100,12.000,16.100,8.100,80.000,1,3.600,1,0.8046,1
2022-12-05,2022-12-06,12,20.700,7.800,3.600,3.600,14.000,14.300,9.400,84.000,1,4.900,1,0.8046,1
2022-12-06,2022-12-07,12,20.800,5.900,4.900,4.900,10.000,14.700,7.600,83.000,1,3.300,1,0.8046,1
2022-12-07,2022-12-08,12,21.800,7.200,3.300,3.300,11.000,8.900,4.900,81.000,1,12.300,1,0.8046,1
2022-12-08,2022-12-09,12,22.100,8.600,12.300,12.300,11.000,16.400,6.600,79.000,1,16.000,1,0.8046,1
2022-12-09,2022-12-10,12,21.400,7.200,16.000,16.000,11.000,13.800,8.100,84.000,1,10.700,1,0.8046,1
2022-12-10,2022-12-11,12,21.300,6.100,10.700,10.700,16.000,16.900,10.700,83.000,1,1.200,1,0.8046,1
2022-12-11,2022-12-12,12,22.400,10.000,1.200,1.200,4.000,15.500,8.200,73.000,1,1.600,1,0.8046,1
2022-12-12,2022-12-13,12,22.400,8.900,1.600,1.600,3.000,20.300,10.000,75.000,1,0.600,0,0.8046,1
2022-12-13,2022-12-14,12,21.900,6.900,0.600,0.600,4.000,19.100,11.900,78.000,0,13.500,1,0.4673,1
2022-12-14,2022-12-15,12,21.500,5.800,13.500,13.500,10.000,15.300,9.400,81.000,1,2.600,1,0.8046,1
2022-12-15,2022-12-16,12,20.600,3.900,2.600,2.600,6.000,14.600,9.800,87.000,1,24.800,1,0.8046,1
2022-12-16,2022-12-17,12,20.200,5.300,24.800,24.800,20.000,16.000,8.900,88.000,1,8.500,1,0.8046,1
2022-12-17,2022-12-18,12,20.300,4.900,8.500,8.500,16.000,22.800,12.500,86.000,1,5.500,1,0.8046,1
2022-12-18,2022-12-19,12,20.500,7.800,5.500,5.500,11.000,17.100,9.500,86.000,1,7.600,1,0.8046,1
2022-12-19,2022-12-20,12,21.100,7.100,7.600,7.600,14.000,16.300,10.500,85.000,1,9.800,1,0.8046,1
2022-12-20,2022-12-21,12,20.400,4.400,9.800,9.800,18.000,25.100,16.600,88.000,1,8.600,1,0.8046,1
2022-12-21,2022-12-22,12,19.900,4.500,8.600,8.600,13.000,17.600,12.200,89.000,1,2.100,1,0.8046,1
2022-12-22,2022-12-23,12,20.600,7.700,2.100,2.100,9.000,13.500,6.500,82.000,1,19.100,1,0.8046,1
2022-12-23,2022-12-24,12,20.200,9.100,19.100,19.100,12.000,13.400,5.700,84.000,1,11.000,1,0.8046,1
2022-12-24,2022-12-25,12,20.400,8.500,11.000,11.000,21.000,13.800,8.900,85.000,1,16.100,1,0.8046,1
2022-12-25,2022-12-26,12,20.400,6.400,16.100,16.100,22.000,13.700,10.200,88.000,1,47.200,1,0.8046,1
2022-12-26,2022-12-27,12,19.300,2.600,47.200,47.200,24.000,20.000,11.800,92.000,1,3.800,1,0.8046,1
2022-12-27,2022-12-28,12,20.500,6.000,3.800,3.800,15.000,12.700,8.800,84.000,1,1.200,1,0.8046,1
2022-12-28,2022-12-29,12,21.400,6.600,1.200,1.200,3.000,15.300,8.400,81.000,1,0.900,0,0.8046,1
2022-12-29,2022-12-30,12,21.800,6.800,0.900,0.900,5.000,17.300,8.100,81.000,0,10.400,1,0.4673,1
2022-12-30,2022-12-31,12,21.100,7.000,10.400,10.400,13.000,14.200,5.500,86.000,1,2.900,1,0.8046,1
2022-12-31,2023-01-01,12,20.900,8.100,2.900,2.900,7.000,13.800,7.500,84.000,1,4.400,1,0.8046,1
2023-01-01,2023-01-02,1,21.000,8.400,4.400,4.400,4.000,14.800,8.000,85.000,1,6.100,1,0.7321,1
2023-01-02,2023-01-03,1,22.300,9.000,6.100,6.100,6.000,15.100,7.500,76.000,1,11.700,1,0.7321,1
2023-01-03,2023-01-04,1,20.700,6.100,11.700,11.700,16.000,13.600,5.500,84.000,1,0.800,0,0.7321,1
2023-01-04,2023-01-05,1,20.800,7.000,0.800,0.800,5.000,15.700,9.700,83.000,0,3.700,1,0.3947,0
2023-01-05,2023-01-06,1,21.300,5.800,3.700,3.700,8.000,16.100,10.500,83.000,1,8.600,1,0.7321,1
2023-01-06,2023-01-07,1,19.800,4.500,8.600,8.600,20.000,20.800,12.500,89.000,1,5.700,1,0.7321,1
2023-01-07,2023-01-08,1,21.100,8.800,5.700,5.700,9.000,14.200,7.900,83.000,1,8.000,1,0.7321,1
2023-01-08,2023-01-09,1,21.000,6.700,8.000,8.000,13.000,14.900,7.500,84.000,1,8.300,1,0.7321,1
2023-01-09,2023-01-10,1,20.600,7.600,8.300,8.300,11.000,13.700,7.100,84.000,1,3.500,1,0.7321,1
2023-01-10,2023-01-11,1,21.400,10.000,3.500,3.500,6.000,12.900,5.700,80.000,1,4.200,1,0.7321,1
2023-01-11,2023-01-12,1,21.300,8.300,4.200,4.200,8.000,15.300,5.800,81.000,1,9.300,1,0.7321,1
2023-01-12,2023-01-13,1,21.200,6.600,9.300,9.300,12.000,10.200,4.700,83.000,1,9.100,1,0.7321,1
2023-01-13,2023-01-14,1,21.000,7.000,9.100,9.100,13.000,15.900,6.300,84.000,1,6.300,1,0.7321,1
2023-01-14,2023-01-15,1,21.400,7.500,6.300,6.300,13.000,14.200,4.800,82.000,1,1.500,1,0.7321,1
2023-01-15,2023-01-16,1,21.600,8.700,1.500,1.500,7.000,13.800,6.700,82.000,1,0.600,0,0.7321,1
2023-01-16,2023-01-17,1,22.100,9.900,0.600,0.600,5.000,14.500,8.200,77.000,0,0.000,0,0.3947,0
2023-01-17,2023-01-18,1,21.900,9.400,0.000,0.000,0.000,14.300,9.100,68.000,0,0.600,0,0.3947,0
2023-01-18,2023-01-19,1,22.100,8.600,0.600,0.600,2.000,11.400,6.100,72.000,0,2.200,1,0.3947,0
2023-01-19,2023-01-20,1,21.100,8.100,2.200,2.200,6.000,17.100,4.600,78.000,1,21.300,1,0.7321,1
2023-01-20,2023-01-21,1,20.700,7.900,21.300,21.300,10.000,15.000,5.200,83.000,1,3.000,1,0.7321,1
2023-01-21,2023-01-22,1,20.800,6.100,3.000,3.000,6.000,22.700,9.000,83.000,1,6.600,1,0.7321,1
2023-01-22,2023-01-23,1,20.700,8.500,6.600,6.600,12.000,17.600,10.600,83.000,1,4.700,1,0.7321,1
2023-01-23,2023-01-24,1,21.400,6.400,4.700,4.700,8.000,18.500,11.500,80.000,1,2.600,1,0.7321,1
2023-01-24,2023-01-25,1,21.600,7.300,2.600,2.600,11.000,18.900,11.900,81.000,1,11.400,1,0.7321,1
2023-01-25,2023-01-26,1,21.600,7.500,11.400,11.400,11.000,11.900,5.600,84.000,1,21.100,1,0.7321,1
2023-01-26,2023-01-27,1,21.100,4.400,21.100,21.100,18.000,14.400,5.700,85.000,1,9.000,1,0.7321,1
2023-01-27,2023-01-28,1,20.700,6.700,9.000,9.000,19.000,15.900,7.500,84.000,1,1.300,1,0.7321,1
2023-01-28,2023-01-29,1,21.600,8.100,1.300,1.300,8.000,12.100,6.400,80.000,1,10.300,1,0.7321,1
2023-01-29,2023-01-30,1,21.000,7.800,10.300,10.300,11.000,18.300,5.300,81.000,1,5.700,1,0.7321,1
2023-01-30,2023-01-31,1,21.100,9.600,5.700,5.700,9.000,15.600,7.600,82.000,1,0.400,0,0.7321,1
2023-01-31,2023-02-01,1,21.900,9.700,0.400,0.400,4.000,10.400,7.000,76.000,0,0.000,0,0.3947,0
2023-02-01,2023-02-02,2,22.600,8.300,0.000,0.000,0.000,13.100,8.400,69.000,0,0.000,0,0.3919,0
2023-02-02,2023-02-03,2,23.400,10.200,0.000,0.000,0.000,15.500,7.600,63.000,0,1.600,1,0.3919,0
2023-02-03,2023-02-04,2,22.200,8.200,1.600,1.600,8.000,13.500,6.700,74.000,1,8.500,1,0.7292,1
2023-02-04,2023-02-05,2,21.600,8.300,8.500,8.500,9.000,9.500,4.600,83.000,1,4.600,1,0.7292,1
2023-02-05,2023-02-06,2,21.600,9.300,4.600,4.600,9.000,8.600,4.000,81.000,1,0.500,0,0.7292,1
2023-02-06,2023-02-07,2,22.200,8.200,0.500,0.500,5.000,9.200,5.300,79.000,0,0.000,0,0.3919,0
2023-02-07,2023-02-08,2,23.200,10.800,0.000,0.000,0.000,9.200,6.400,71.000,0,0.100,0,0.3919,0
2023-02-08,2023-02-09,2,23.800,8.900,0.100,0.100,1.000,9.900,6.300,65.000,0,1.100,1,0.3919,0
2023-02-09,2023-02-10,2,22.600,9.700,1.100,1.100,6.000,13.900,6.900,74.000,1,0.500,0,0.7292,1
2023-02-10,2023-02-11,2,23.400,8.100,0.500,0.500,3.000,11.900,7.000,68.000,0,0.200,0,0.3919,0
2023-02-11,2023-02-12,2,23.300,9.200,0.200,0.200,2.000,10.800,7.100,68.000,0,0.700,0,0.3919,0
2023-02-12,2023-02-13,2,24.000,8.700,0.700,0.700,4.000,14.200,7.400,65.000,0,0.200,0,0.3919,0
2023-02-13,2023-02-14,2,24.000,9.900,0.200,0.200,2.000,12.700,6.800,68.000,0,0.000,0,0.3919,0
2023-02-14,2023-02-15,2,24.300,10.800,0.000,0.000,0.000,11.500,7.200,63.000,0,0.000,0,0.3919,0
2023-02-15,2023-02-16,2,25.500,11.400,0.000,0.000,0.000,12.800,6.800,52.000,0,0.100,0,0.3919,0
2023-02-16,2023-02-17,2,24.300,10.500,0.100,0.100,1.000,13.000,8.000,65.000,0,0.500,0,0.3919,0
2023-02-17,2023-02-18,2,23.300,7.200,0.500,0.500,4.000,9.100,6.400,70.000,0,11.300,1,0.3919,0
2023-02-18,2023-02-19,2,20.600,4.400,11.300,11.300,13.000,10.900,5.500,87.000,1,0.700,0,0.7292,1
2023-02-19,2023-02-20,2,22.500,9.500,0.700,0.700,6.000,17.300,11.500,76.000,0,1.000,1,0.3919,0
2023-02-20,2023-02-21,2,22.000,9.300,1.000,1.000,6.000,16.600,8.900,74.000,1,1.500,1,0.7292,1
2023-02-21,2023-02-22,2,21.600,10.300,1.500,1.500,7.000,14.800,6.100,78.000,1,4.700,1,0.7292,1
2023-02-22,2023-02-23,2,21.200,8.700,4.700,4.700,9.000,14.800,5.500,85.000,1,5.500,1,0.7292,1
2023-02-23,2023-02-24,2,21.800,7.500,5.500,5.500,16.000,11.100,6.400,83.000,1,3.300,1,0.7292,1
2023-02-24,2023-02-25,2,22.100,8.400,3.300,3.300,9.000,10.500,6.200,81.000,1,0.400,0,0.7292,1
2023-02-25,2023-02-26,2,22.500,9.600,0.400,0.400,3.000,12.000,7.000,78.000,0,0.200,0,0.3919,0
2023-02-26,2023-02-27,2,23.800,10.800,0.200,0.200,2.000,14.500,8.100,68.000,0,0.000,0,0.3919,0
2023-02-27,2023-02-28,2,24.000,11.000,0.000,0.000,0.000,18.600,10.000,61.000,0,0.000,0,0.3919,0
2023-02-28,2023-03-01,2,23.500,10.700,0.000,0.000,0.000,16.800,8.700,65.000,0,8.200,1,0.3919,0
2023-03-01,2023-03-02,3,22.000,9.300,8.200,8.200,4.000,11.100,6.100,77.000,1,2.600,1,0.6474,1
2023-03-02,2023-03-03,3,21.800,9.500,2.600,2.600,7.000,11.400,6.800,81.000,1,2.100,1,0.6474,1
2023-03-03,2023-03-04,3,22.000,7.700,2.100,2.100,7.000,13.800,6.700,81.000,1,0.100,0,0.6474,1
2023-03-04,2023-03-05,3,22.700,10.900,0.100,0.100,1.000,16.400,8.300,71.000,0,0.000,0,0.3100,0
2023-03-05,2023-03-06,3,23.700,9.100,0.000,0.000,0.000,9.600,5.500,61.000,0,0.000,0,0.3100,0
2023-03-06,2023-03-07,3,23.700,9.200,0.000,0.000,0.000,10.500,5.400,64.000,0,13.800,1,0.3100,0
2023-03-07,2023-03-08,3,21.400,7.500,13.800,13.800,10.000,16.200,6.000,84.000,1,5.200,1,0.6474,1
2023-03-08,2023-03-09,3,21.200,7.400,5.200,5.200,12.000,15.700,9.100,84.000,1,3.200,1,0.6474,1
2023-03-09,2023-03-10,3,21.600,5.200,3.200,3.200,12.000,12.800,7.200,81.000,1,8.600,1,0.6474,1
2023-03-10,2023-03-11,3,21.400,6.700,8.600,8.600,10.000,10.900,5.600,84.000,1,3.400,1,0.6474,1
2023-03-11,2023-03-12,3,21.800,6.600,3.400,3.400,4.000,15.300,8.000,83.000,1,16.200,1,0.6474,1
2023-03-12,2023-03-13,3,21.100,7.400,16.200,16.200,9.000,15.000,7.800,86.000,1,19.700,1,0.6474,1
2023-03-13,2023-03-14,3,21.400,6.100,19.700,19.700,18.000,8.400,5.300,86.000,1,3.300,1,0.6474,1
2023-03-14,2023-03-15,3,21.000,7.600,3.300,3.300,7.000,10.900,6.000,83.000,1,5.800,1,0.6474,1
2023-03-15,2023-03-16,3,20.600,6.700,5.800,5.800,8.000,15.500,8.100,86.000,1,1.400,1,0.6474,1
2023-03-16,2023-03-17,3,21.300,7.000,1.400,1.400,6.000,14.200,7.200,82.000,1,4.100,1,0.6474,1
2023-03-17,2023-03-18,3,20.500,4.900,4.100,4.100,11.000,14.000,7.300,85.000,1,0.700,0,0.6474,1
2023-03-18,2023-03-19,3,20.800,6.300,0.700,0.700,5.000,15.400,8.300,81.000,0,3.800,1,0.3100,0
2023-03-19,2023-03-20,3,20.600,7.800,3.800,3.800,13.000,16.600,8.700,80.000,1,8.800,1,0.6474,1
2023-03-20,2023-03-21,3,19.600,5.500,8.800,8.800,8.000,15.400,6.400,88.000,1,20.100,1,0.6474,1
2023-03-21,2023-03-22,3,20.100,6.000,20.100,20.100,14.000,17.300,7.600,84.000,1,0.600,0,0.6474,1
2023-03-22,2023-03-23,3,21.400,7.300,0.600,0.600,4.000,16.600,8.600,79.000,0,1.200,1,0.3100,0
2023-03-23,2023-03-24,3,21.200,7.000,1.200,1.200,7.000,17.300,9.500,80.000,1,0.200,0,0.6474,1
2023-03-24,2023-03-25,3,21.700,8.800,0.200,0.200,2.000,16.000,9.400,71.000,0,0.000,0,0.3100,0
2023-03-25,2023-03-26,3,22.600,9.800,0.000,0.000,0.000,14.800,8.200,57.000,0,0.000,0,0.3100,0
2023-03-26,2023-03-27,3,22.400,10.100,0.000,0.000,0.000,15.200,9.300,64.000,0,0.000,0,0.3100,0
2023-03-27,2023-03-28,3,23.600,9.000,0.000,0.000,0.000,11.500,6.900,61.000,0,0.200,0,0.3100,0
2023-03-28,2023-03-29,3,23.300,8.100,0.200,0.200,2.000,12.500,6.700,71.000,0,0.000,0,0.3100,0
2023-03-29,2023-03-30,3,22.500,9.200,0.000,0.000,0.000,18.000,10.000,69.000,0,0.000,0,0.3100,0
2023-03-30,2023-03-31,3,22.800,9.800,0.000,0.000,0.000,13.800,7.100,58.000,0,0.000,0,0.3100,0
2023-03-31,2023-04-01,3,24.200,8.400,0.000,0.000,0.000,10.800,4.800,55.000,0,0.000,0,0.3100,0
2023-04-01,2023-04-02,4,23.300,9.700,0.000,0.000,0.000,10.100,5.900,62.000,0,14.500,1,0.2267,0
2023-04-02,2023-04-03,4,21.300,8.500,14.500,14.500,9.000,10.500,5.100,77.000,1,3.600,1,0.5641,1
2023-04-03,2023-04-04,4,20.400,7.100,3.600,3.600,9.000,12.800,7.200,80.000,1,6.600,1,0.5641,1
2023-04-04,2023-04-05,4,19.800,7.000,6.600,6.600,7.000,15.600,8.200,85.000,1,7.300,1,0.5641,1
2023-04-05,2023-04-06,4,20.300,7.900,7.300,7.300,9.000,13.700,7.400,84.000,1,7.400,1,0.5641,1
2023-04-06,2023-04-07,4,20.800,10.300,7.400,7.400,6.000,16.500,7.100,81.000,1,2.600,1,0.5641,1
2023-04-07,2023-04-08,4,20.700,6.800,2.600,2.600,9.000,12.800,4.900,85.000,1,0.900,0,0.5641,1
2023-04-08,2023-04-09,4,21.600,7.000,0.900,0.900,4.000,7.400,3.900,82.000,0,3.600,1,0.2267,0
2023-04-09,2023-04-10,4,21.200,8.000,3.600,3.600,3.000,15.800,8.400,85.000,1,2.700,1,0.5641,1
2023-04-10,2023-04-11,4,20.700,7.700,2.700,2.700,5.000,13.300,8.800,87.000,1,9.900,1,0.5641,1
2023-04-11,2023-04-12,4,20.600,6.300,9.900,9.900,16.000,17.900,9.200,87.000,1,1.300,1,0.5641,1
2023-04-12,2023-04-13,4,21.100,8.000,1.300,1.300,6.000,13.300,6.600,86.000,1,5.500,1,0.5641,1
2023-04-13,2023-04-14,4,21.000,9.300,5.500,5.500,4.000,14.900,7.500,86.000,1,0.400,0,0.5641,1
2023-04-14,2023-04-15,4,21.900,9.200,0.400,0.400,4.000,11.500,6.200,80.000,0,0.100,0,0.2267,0
2023-04-15,2023-04-16,4,22.300,9.700,0.100,0.100,1.000,8.800,5.100,77.000,0,0.300,0,0.2267,0
2023-04-16,2023-04-17,4,22.300,8.600,0.300,0.300,2.000,11.000,6.100,79.000,0,0.500,0,0.2267,0
2023-04-17,2023-04-18,4,22.200,7.600,0.500,0.500,2.000,8.400,5.700,78.000,0,2.300,1,0.2267,0
2023-04-18,2023-04-19,4,22.400,7.800,2.300,2.300,6.000,15.300,8.100,78.000,1,1.200,1,0.5641,1
2023-04-19,2023-04-20,4,21.800,6.600,1.200,1.200,5.000,20.900,13.800,82.000,1,1.900,1,0.5641,1
2023-04-20,2023-04-21,4,20.900,7.000,1.900,1.900,13.000,12.100,8.600,81.000,1,2.600,1,0.5641,1
2023-04-21,2023-04-22,4,20.500,9.500,2.600,2.600,4.000,15.200,10.000,75.000,1,1.400,1,0.5641,1
2023-04-22,2023-04-23,4,19.800,5.400,1.400,1.400,8.000,18.800,13.800,86.000,1,0.700,0,0.5641,1
2023-04-23,2023-04-24,4,19.500,7.700,0.700,0.700,6.000,20.900,13.300,81.000,0,0.100,0,0.2267,0
2023-04-24,2023-04-25,4,19.800,6.800,0.100,0.100,1.000,23.800,13.700,78.000,0,0.400,0,0.2267,0
2023-04-25,2023-04-26,4,20.500,9.000,0.400,0.400,4.000,18.300,10.200,75.000,0,0.000,0,0.2267,0
2023-04-26,2023-04-27,4,21.200,10.000,0.000,0.000,0.000,13.000,7.700,73.000,0,0.000,0,0.2267,0
2023-04-27,2023-04-28,4,22.300,8.000,0.000,0.000,0.000,8.000,4.700,67.000,0,3.200,1,0.2267,0
2023-04-28,2023-04-29,4,21.600,8.000,3.200,3.200,8.000,17.000,5.100,77.000,1,0.800,0,0.5641,1
2023-04-29,2023-04-30,4,21.800,8.200,0.800,0.800,4.000,12.100,5.500,77.000,0,2.000,1,0.2267,0
2023-04-30,2023-05-01,4,20.500,7.000,2.000,2.000,8.000,11.900,6.000,81.000,1,0.100,0,0.5641,1
2023-05-01,2023-05-02,5,20.800,10.600,0.100,0.100,1.000,13.700,5.900,71.000,0,0.000,0,0.0721,0
2023-05-02,2023-05-03,5,20.500,10.800,0.000,0.000,0.000,10.100,5.900,61.000,0,0.000,0,0.0721,0
2023-05-03,2023-05-04,5,20.200,10.800,0.000,0.000,0.000,9.400,7.000,63.000,0,0.000,0,0.0721,0
2023-05-04,2023-05-05,5,21.200,9.900,0.000,0.000,0.000,13.700,7.400,69.000,0,0.000,0,0.0721,0
2023-05-05,2023-05-06,5,21.800,9.800,0.000,0.000,0.000,15.500,8.900,68.000,0,0.000,0,0.0721,0
2023-05-06,2023-05-07,5,21.000,10.300,0.000,0.000,0.000,15.800,9.800,67.000,0,0.000,0,0.0721,0
2023-05-07,2023-05-08,5,20.400,10.000,0.000,0.000,0.000,14.400,9.500,67.000,0,0.000,0,0.0721,0
2023-05-08,2023-05-09,5,21.100,9.700,0.000,0.000,0.000,13.000,6.500,64.000,0,0.000,0,0.0721,0
2023-05-09,2023-05-10,5,21.300,10.700,0.000,0.000,0.000,12.000,6.700,65.000,0,0.000,0,0.0721,0
2023-05-10,2023-05-11,5,21.500,9.100,0.000,0.000,0.000,9.700,5.700,63.000,0,0.000,0,0.0721,0
2023-05-11,2023-05-12,5,21.400,10.800,0.000,0.000,0.000,11.300,6.200,66.000,0,0.200,0,0.0721,0
2023-05-12,2023-05-13,5,21.700,9.300,0.200,0.200,2.000,10.800,6.200,69.000,0,0.100,0,0.0721,0
2023-05-13,2023-05-14,5,20.700,9.500,0.100,0.100,1.000,10.200,7.000,64.000,0,0.000,0,0.0721,0
2023-05-14,2023-05-15,5,20.600,10.700,0.000,0.000,0.000,11.500,7.000,60.000,0,0.000,0,0.0721,0
2023-05-15,2023-05-16,5,21.100,10.700,0.000,0.000,0.000,9.400,6.400,64.000,0,0.000,0,0.0721,0
2023-05-16,2023-05-17,5,20.900,10.300,0.000,0.000,0.000,10.700,6.300,63.000,0,0.000,0,0.0721,0
2023-05-17,2023-05-18,5,20.600,10.400,0.000,0.000,0.000,12.300,6.600,65.000,0,0.000,0,0.0721,0
2023-05-18,2023-05-19,5,20.400,10.500,0.000,0.000,0.000,12.200,6.900,59.000,0,0.000,0,0.0721,0
2023-05-19,2023-05-20,5,19.500,11.300,0.000,0.000,0.000,11.400,7.400,58.000,0,0.000,0,0.0721,0
2023-05-20,2023-05-21,5,18.800,10.800,0.000,0.000,0.000,12.200,8.200,61.000,0,0.000,0,0.0721,0
2023-05-21,2023-05-22,5,18.300,10.400,0.000,0.000,0.000,15.400,9.700,63.000,0,0.000,0,0.0721,0
2023-05-22,2023-05-23,5,18.600,11.300,0.000,0.000,0.000,10.400,7.800,60.000,0,0.000,0,0.0721,0
2023-05-23,2023-05-24,5,18.800,10.300,0.000,0.000,0.000,14.000,10.000,64.000,0,0.000,0,0.0721,0
2023-05-24,2023-05-25,5,19.000,10.600,0.000,0.000,0.000,18.600,10.100,66.000,0,0.100,0,0.0721,0
2023-05-25,2023-05-26,5,19.200,8.900,0.100,0.100,1.000,20.300,11.700,69.000,0,0.000,0,0.0721,0
2023-05-26,2023-05-27,5,19.500,10.100,0.000,0.000,0.000,21.100,11.400,70.000,0,0.600,0,0.0721,0
2023-05-27,2023-05-28,5,20.100,8.200,0.600,0.600,5.000,15.900,7.600,72.000,0,0.000,0,0.0721,0
2023-05-28,2023-05-29,5,20.800,9.100,0.000,0.000,0.000,9.100,5.400,68.000,0,0.000,0,0.0721,0
2023-05-29,2023-05-30,5,21.900,8.500,0.000,0.000,0.000,8.800,5.600,61.000,0,0.000,0,0.0721,0
2023-05-30,2023-05-31,5,21.000,10.400,0.000,0.000,0.000,18.000,10.100,63.000,0,0.500,0,0.0721,0
2023-05-31,2023-06-01,5,21.100,10.500,0.500,0.500,5.000,11.400,6.100,66.000,0,0.800,0,0.0721,0
2023-06-01,2023-06-02,6,20.400,8.600,0.800,0.800,6.000,11.100,7.400,75.000,0,0.000,0,0.0725,0
2023-06-02,2023-06-03,6,20.200,9.900,0.000,0.000,0.000,13.000,8.300,68.000,0,0.000,0,0.0725,0
2023-06-03,2023-06-04,6,19.800,10.200,0.000,0.000,0.000,14.500,9.300,63.000,0,0.000,0,0.0725,0
2023-06-04,2023-06-05,6,18.800,10.700,0.000,0.000,0.000,12.100,7.700,63.000,0,0.000,0,0.0725,0
2023-06-05,2023-06-06,6,18.700,10.800,0.000,0.000,0.000,12.100,7.300,62.000,0,0.000,0,0.0725,0
2023-06-06,2023-06-07,6,19.400,11.600,0.000,0.000,0.000,12.600,8.000,59.000,0,0.000,0,0.0725,0
2023-06-07,2023-06-08,6,19.000,10.600,0.000,0.000,0.000,12.700,8.300,60.000,0,0.000,0,0.0725,0
2023-06-08,2023-06-09,6,19.500,10.900,0.000,0.000,0.000,13.900,7.900,61.000,0,0.000,0,0.0725,0
2023-06-09,2023-06-10,6,19.800,10.500,0.000,0.000,0.000,13.100,7.300,65.000,0,0.000,0,0.0725,0
2023-06-10,2023-06-11,6,20.600,10.600,0.000,0.000,0.000,12.700,7.800,65.000,0,0.000,0,0.0725,0
2023-06-11,2023-06-12,6,21.500,11.100,0.000,0.000,0.000,10.100,6.300,61.000,0,0.300,0,0.0725,0
2023-06-12,2023-06-13,6,22.100,10.200,0.300,0.300,3.000,11.500,6.700,58.000,0,0.000,0,0.0725,0
2023-06-13,2023-06-14,6,22.400,8.900,0.000,0.000,0.000,10.100,6.400,57.000,0,0.000,0,0.0725,0
2023-06-14,2023-06-15,6,21.900,9.800,0.000,0.000,0.000,14.300,8.300,56.000,0,0.000,0,0.0725,0
2023-06-15,2023-06-16,6,21.900,10.500,0.000,0.000,0.000,14.000,7.700,55.000,0,0.300,0,0.0725,0
2023-06-16,2023-06-17,6,20.000,9.300,0.300,0.300,1.000,17.500,8.900,74.000,0,5.600,1,0.0725,0
2023-06-17,2023-06-18,6,18.400,6.100,5.600,5.600,9.000,12.000,8.800,84.000,1,0.000,0,0.4099,0
2023-06-18,2023-06-19,6,18.900,10.400,0.000,0.000,0.000,10.500,6.700,68.000,0,0.000,0,0.0725,0
2023-06-19,2023-06-20,6,19.300,10.500,0.000,0.000,0.000,15.600,9.000,67.000,0,0.000,0,0.0725,0
2023-06-20,2023-06-21,6,18.700,10.100,0.000,0.000,0.000,14.100,8.600,64.000,0,0.000,0,0.0725,0
2023-06-21,2023-06-22,6,18.000,10.900,0.000,0.000,0.000,11.900,8.400,63.000,0,0.000,0,0.0725,0
2023-06-22,2023-06-23,6,17.700,10.800,0.000,0.000,0.000,13.300,8.400,65.000,0,0.000,0,0.0725,0
2023-06-23,2023-06-24,6,18.200,11.000,0.000,0.000,0.000,11.600,8.500,62.000,0,0.000,0,0.0725,0
2023-06-24,2023-06-25,6,18.600,10.600,0.000,0.000,0.000,11.400,8.000,60.000,0,0.000,0,0.0725,0
2023-06-25,2023-06-26,6,18.100,9.300,0.000,0.000,0.000,13.100,8.800,62.000,0,0.000,0,0.0725,0
2023-06-26,2023-06-27,6,18.300,10.200,0.000,0.000,0.000,17.700,9.100,67.000,0,0.000,0,0.0725,0
2023-06-27,2023-06-28,6,18.600,11.500,0.000,0.000,0.000,16.800,8.900,66.000,0,0.000,0,0.0725,0
2023-06-28,2023-06-29,6,18.600,10.200,0.000,0.000,0.000,12.200,9.200,57.000,0,0.000,0,0.0725,0
2023-06-29,2023-06-30,6,18.100,11.500,0.000,0.000,0.000,17.700,10.100,59.000,0,0.400,0,0.0725,0
2023-06-30,2023-07-01,6,18.700,10.800,0.400,0.400,3.000,17.800,9.700,64.000,0,0.000,0,0.0725,0
2023-07-01,2023-07-02,7,18.900,10.100,0.000,0.000,0.000,12.600,8.400,60.000,0,0.000,0,0.0600,0
2023-07-02,2023-07-03,7,18.600,10.800,0.000,0.000,0.000,14.800,8.600,54.000,0,0.000,0,0.0600,0
2023-07-03,2023-07-04,7,18.800,11.100,0.000,0.000,0.000,14.700,8.900,51.000,0,0.000,0,0.0600,0
2023-07-04,2023-07-05,7,18.200,11.600,0.000,0.000,0.000,14.800,10.100,56.000,0,0.000,0,0.0600,0
2023-07-05,2023-07-06,7,17.300,10.200,0.000,0.000,0.000,15.900,10.300,57.000,0,0.000,0,0.0600,0
2023-07-06,2023-07-07,7,17.300,11.200,0.000,0.000,0.000,12.100,7.800,54.000,0,0.000,0,0.0600,0
2023-07-07,2023-07-08,7,18.400,12.500,0.000,0.000,0.000,9.900,6.700,52.000,0,0.000,0,0.0600,0
2023-07-08,2023-07-09,7,20.600,10.900,0.000,0.000,0.000,14.300,5.400,44.000,0,0.000,0,0.0600,0
2023-07-09,2023-07-10,7,20.800,10.100,0.000,0.000,0.000,9.800,5.100,42.000,0,0.000,0,0.0600,0
2023-07-10,2023-07-11,7,21.800,11.000,0.000,0.000,0.000,10.100,6.700,39.000,0,0.000,0,0.0600,0
2023-07-11,2023-07-12,7,22.600,10.900,0.000,0.000,0.000,10.800,5.400,40.000,0,0.000,0,0.0600,0
2023-07-12,2023-07-13,7,22.500,8.400,0.000,0.000,0.000,11.800,4.400,42.000,0,0.000,0,0.0600,0
2023-07-13,2023-07-14,7,22.100,13.200,0.000,0.000,0.000,14.900,8.700,42.000,0,0.000,0,0.0600,0
2023-07-14,2023-07-15,7,20.100,10.500,0.000,0.000,0.000,13.100,10.100,60.000,0,0.000,0,0.0600,0
2023-07-15,2023-07-16,7,20.900,12.900,0.000,0.000,0.000,14.100,8.400,58.000,0,0.000,0,0.0600,0
2023-07-16,2023-07-17,7,22.400,10.900,0.000,0.000,0.000,11.600,6.200,50.000,0,0.000,0,0.0600,0
2023-07-17,2023-07-18,7,22.600,9.800,0.000,0.000,0.000,10.500,7.100,48.000,0,0.000,0,0.0600,0
2023-07-18,2023-07-19,7,22.600,9.400,0.000,0.000,0.000,13.300,8.000,44.000,0,0.000,0,0.0600,0
2023-07-19,2023-07-20,7,22.300,11.800,0.000,0.000,0.000,20.600,10.500,44.000,0,0.000,0,0.0600,0
2023-07-20,2023-07-21,7,20.300,10.300,0.000,0.000,0.000,27.300,16.500,50.000,0,0.400,0,0.0600,0
2023-07-21,2023-07-22,7,18.600,9.200,0.400,0.400,4.000,27.600,18.100,68.000,0,0.100,0,0.0600,0
2023-07-22,2023-07-23,7,18.500,9.700,0.100,0.100,1.000,20.700,13.900,65.000,0,0.000,0,0.0600,0
2023-07-23,2023-07-24,7,19.200,11.200,0.000,0.000,0.000,18.800,11.700,57.000,0,0.000,0,0.0600,0
2023-07-24,2023-07-25,7,19.400,9.500,0.000,0.000,0.000,14.400,9.700,64.000,0,0.000,0,0.0600,0
2023-07-25,2023-07-26,7,20.000,10.800,0.000,0.000,0.000,16.400,9.900,61.000,0,0.000,0,0.0600,0
2023-07-26,2023-07-27,7,20.600,11.500,0.000,0.000,0.000,12.300,8.000,46.000,0,0.000,0,0.0600,0
2023-07-27,2023-07-28,7,21.100,11.000,0.000,0.000,0.000,15.600,9.000,42.000,0,0.000,0,0.0600,0
2023-07-28,2023-07-29,7,21.300,10.700,0.000,0.000,0.000,11.200,7.900,51.000,0,0.000,0,0.0600,0
2023-07-29,2023-07-30,7,22.000,10.000,0.000,0.000,0.000,12.700,7.100,46.000,0,0.000,0,0.0600,0
2023-07-30,2023-07-31,7,21.600,10.900,0.000,0.000,0.000,17.000,9.900,48.000,0,0.000,0,0.0600,0
2023-07-31,2023-08-01,7,21.100,11.600,0.000,0.000,0.000,13.700,9.100,50.000,0,0.000,0,0.0600,0
2023-08-01,2023-08-02,8,20.900,11.100,0.000,0.000,0.000,15.800,9.700,49.000,0,0.000,0,0.0802,0
2023-08-02,2023-08-03,8,20.500,11.000,0.000,0.000,0.000,13.300,8.800,49.000,0,0.000,0,0.0802,0
2023-08-03,2023-08-04,8,21.500,11.600,0.000,0.000,0.000,11.200,6.100,40.000,0,0.000,0,0.0802,0
2023-08-04,2023-08-05,8,22.400,10.000,0.000,0.000,0.000,10.800,6.100,35.000,0,0.000,0,0.0802,0
2023-08-05,2023-08-06,8,22.900,11.300,0.000,0.000,0.000,12.000,7.900,35.000,0,0.000,0,0.0802,0
2023-08-06,2023-08-07,8,22.000,12.200,0.000,0.000,0.000,15.400,10.500,37.000,0,0.000,0,0.0802,0
2023-08-07,2023-08-08,8,21.700,13.500,0.000,0.000,0.000,12.900,8.200,36.000,0,0.000,0,0.0802,0
2023-08-08,2023-08-09,8,23.000,12.400,0.000,0.000,0.000,18.000,9.900,34.000,0,0.000,0,0.0802,0
2023-08-09,2023-08-10,8,22.100,12.400,0.000,0.000,0.000,19.800,12.700,44.000,0,0.000,0,0.0802,0
2023-08-10,2023-08-11,8,22.000,12.100,0.000,0.000,0.000,13.800,9.800,47.000,0,0.000,0,0.0802,0
2023-08-11,2023-08-12,8,22.400,12.800,0.000,0.000,0.000,14.200,9.600,42.000,0,0.000,0,0.0802,0
2023-08-12,2023-08-13,8,22.700,12.800,0.000,0.000,0.000,16.200,10.900,40.000,0,0.000,0,0.0802,0
2023-08-13,2023-08-14,8,22.600,11.500,0.000,0.000,0.000,15.000,10.300,42.000,0,0.000,0,0.0802,0
2023-08-14,2023-08-15,8,21.800,10.100,0.000,0.000,0.000,20.000,13.400,44.000,0,0.000,0,0.0802,0
2023-08-15,2023-08-16,8,20.800,10.100,0.000,0.000,0.000,20.900,14.200,45.000,0,0.000,0,0.0802,0
2023-08-16,2023-08-17,8,20.600,11.000,0.000,0.000,0.000,21.200,14.900,47.000,0,0.000,0,0.0802,0
2023-08-17,2023-08-18,8,20.700,11.100,0.000,0.000,0.000,17.900,10.900,51.000,0,0.000,0,0.0802,0
2023-08-18,2023-08-19,8,22.100,13.500,0.000,0.000,0.000,12.500,7.200,45.000,0,0.000,0,0.0802,0
2023-08-19,2023-08-20,8,23.300,12.400,0.000,0.000,0.000,14.400,8.300,40.000,0,0.000,0,0.0802,0
2023-08-20,2023-08-21,8,23.100,14.200,0.000,0.000,0.000,16.300,9.400,47.000,0,0.000,0,0.0802,0
2023-08-21,2023-08-22,8,21.600,13.500,0.000,0.000,0.000,18.100,8.900,56.000,0,0.000,0,0.0802,0
2023-08-22,2023-08-23,8,23.400,13.000,0.000,0.000,0.000,12.200,6.900,43.000,0,0.000,0,0.0802,0
2023-08-23,2023-08-24,8,25.600,13.400,0.000,0.000,0.000,13.700,7.300,27.000,0,0.000,0,0.0802,0
2023-08-24,2023-08-25,8,25.300,12.000,0.000,0.000,0.000,13.700,8.400,37.000,0,0.400,0,0.0802,0
2023-08-25,2023-08-26,8,25.400,10.600,0.400,0.400,1.000,11.500,7.300,47.000,0,2.300,1,0.0802,0
2023-08-26,2023-08-27,8,24.200,10.000,2.300,2.300,6.000,11.000,7.000,55.000,1,12.200,1,0.4175,1
2023-08-27,2023-08-28,8,22.000,10.600,12.200,12.200,10.000,21.700,8.000,72.000,1,4.700,1,0.4175,1
2023-08-28,2023-08-29,8,21.000,7.300,4.700,4.700,12.000,17.400,6.600,82.000,1,21.600,1,0.4175,1
2023-08-29,2023-08-30,8,21.700,9.300,21.600,21.600,9.000,13.600,7.100,81.000,1,9.400,1,0.4175,1
2023-08-30,2023-08-31,8,21.100,8.500,9.400,9.400,7.000,15.500,6.100,83.000,1,0.300,0,0.4175,1
2023-08-31,2023-09-01,8,22.600,11.700,0.300,0.300,1.000,12.600,4.700,71.000,0,0.800,0,0.0802,0
2023-09-01,2023-09-02,9,22.600,10.100,0.800,0.800,2.000,15.300,8.300,72.000,0,1.100,1,0.1142,0
2023-09-02,2023-09-03,9,22.800,10.900,1.100,1.100,5.000,16.300,8.400,73.000,1,0.000,0,0.4516,1
2023-09-03,2023-09-04,9,24.000,8.600,0.000,0.000,0.000,14.500,7.900,62.000,0,0.400,0,0.1142,0
2023-09-04,2023-09-05,9,25.300,10.400,0.400,0.400,4.000,10.400,5.700,51.000,0,0.300,0,0.1142,0
2023-09-05,2023-09-06,9,24.700,10.200,0.300,0.300,3.000,16.900,5.900,57.000,0,0.600,0,0.1142,0
2023-09-06,2023-09-07,9,23.200,9.300,0.600,0.600,4.000,23.000,15.600,62.000,0,0.000,0,0.1142,0
2023-09-07,2023-09-08,9,21.800,9.100,0.000,0.000,0.000,23.200,14.900,53.000,0,0.000,0,0.1142,0
2023-09-08,2023-09-09,9,21.900,11.300,0.000,0.000,0.000,17.200,8.900,54.000,0,0.000,0,0.1142,0
2023-09-09,2023-09-10,9,23.000,11.300,0.000,0.000,0.000,12.700,8.900,46.000,0,0.000,0,0.1142,0
2023-09-10,2023-09-11,9,23.300,12.300,0.000,0.000,0.000,17.000,11.200,41.000,0,0.000,0,0.1142,0
2023-09-11,2023-09-12,9,22.800,12.400,0.000,0.000,0.000,18.900,10.600,40.000,0,0.000,0,0.1142,0
2023-09-12,2023-09-13,9,24.000,12.700,0.000,0.000,0.000,14.200,8.000,43.000,0,0.000,0,0.1142,0
2023-09-13,2023-09-14,9,25.700,10.800,0.000,0.000,0.000,13.400,9.300,38.000,0,0.100,0,0.1142,0
2023-09-14,2023-09-15,9,24.800,10.000,0.100,0.100,1.000,13.600,8.200,45.000,0,0.000,0,0.1142,0
2023-09-15,2023-09-16,9,23.300,10.500,0.000,0.000,0.000,14.300,9.300,60.000,0,10.200,1,0.1142,0
2023-09-16,2023-09-17,9,22.700,9.800,10.200,10.200,6.000,20.400,8.200,66.000,1,0.100,0,0.4516,1
2023-09-17,2023-09-18,9,24.400,11.700,0.100,0.100,1.000,15.900,10.100,54.000,0,0.000,0,0.1142,0
2023-09-18,2023-09-19,9,24.300,12.100,0.000,0.000,0.000,15.300,10.200,52.000,0,0.000,0,0.1142,0
2023-09-19,2023-09-20,9,25.800,12.400,0.000,0.000,0.000,14.100,8.400,39.000,0,0.000,0,0.1142,0
2023-09-20,2023-09-21,9,25.800,12.400,0.000,0.000,0.000,13.900,10.600,37.000,0,0.000,0,0.1142,0
2023-09-21,2023-09-22,9,25.300,11.800,0.000,0.000,0.000,14.400,9.800,39.000,0,0.000,0,0.1142,0
2023-09-22,2023-09-23,9,25.600,12.800,0.000,0.000,0.000,15.100,9.400,39.000,0,0.000,0,0.1142,0
2023-09-23,2023-09-24,9,27.000,13.500,0.000,0.000,0.000,14.100,8.100,36.000,0,0.000,0,0.1142,0
2023-09-24,2023-09-25,9,28.300,11.200,0.000,0.000,0.000,16.200,7.500,31.000,0,0.000,0,0.1142,0
2023-09-25,2023-09-26,9,27.900,12.000,0.000,0.000,0.000,11.200,7.000,36.000,0,0.300,0,0.1142,0
2023-09-26,2023-09-27,9,28.100,12.800,0.300,0.300,2.000,10.400,7.400,41.000,0,1.300,1,0.1142,0
2023-09-27,2023-09-28,9,25.800,10.800,1.300,1.300,3.000,14.700,9.800,57.000,1,9.700,1,0.4516,1
2023-09-28,2023-09-29,9,24.600,10.000,9.700,9.700,9.000,11.600,5.200,74.000,1,1.600,1,0.4516,1
2023-09-29,2023-09-30,9,23.100,8.100,1.600,1.600,5.000,15.000,5.900,80.000,1,0.400,0,0.4516,1
2023-09-30,2023-10-01,9,24.900,10.400,0.400,0.400,2.000,15.800,7.800,68.000,0,6.100,1,0.1142,0
2023-10-01,2023-10-02,10,25.900,11.500,6.100,6.100,2.000,18.200,7.600,58.000,1,5.300,1,0.6514,1
2023-10-02,2023-10-03,10,22.800,6.400,5.300,5.300,10.000,14.000,8.700,79.000,1,18.300,1,0.6514,1
2023-10-03,2023-10-04,10,22.400,6.800,18.300,18.300,14.000,11.900,7.200,78.000,1,0.500,0,0.6514,1
2023-10-04,2023-10-05,10,23.900,12.200,0.500,0.500,2.000,15.200,6.000,67.000,0,0.400,0,0.3140,0
2023-10-05,2023-10-06,10,24.300,11.000,0.400,0.400,2.000,11.900,6.500,67.000,0,6.800,1,0.3140,0
2023-10-06,2023-10-07,10,23.900,8.400,6.800,6.800,9.000,15.400,6.400,74.000,1,4.800,1,0.6514,1
2023-10-07,2023-10-08,10,23.800,10.300,4.800,4.800,6.000,11.000,5.600,74.000,1,0.800,0,0.6514,1
2023-10-08,2023-10-09,10,24.800,11.200,0.800,0.800,4.000,11.200,6.300,68.000,0,9.700,1,0.3140,0
2023-10-09,2023-10-10,10,23.900,7.400,9.700,9.700,7.000,14.700,6.200,74.000,1,0.500,0,0.6514,1
2023-10-10,2023-10-11,10,25.700,11.000,0.500,0.500,2.000,14.600,7.900,66.000,0,0.000,0,0.3140,0
2023-10-11,2023-10-12,10,25.900,9.400,0.000,0.000,0.000,18.600,9.000,60.000,0,0.000,0,0.3140,0
2023-10-12,2023-10-13,10,26.900,11.100,0.000,0.000,0.000,13.400,6.000,52.000,0,0.500,0,0.3140,0
2023-10-13,2023-10-14,10,25.300,10.100,0.500,0.500,4.000,12.700,7.100,65.000,0,0.200,0,0.3140,0
2023-10-14,2023-10-15,10,25.800,11.300,0.200,0.200,1.000,16.200,10.600,61.000,0,0.000,0,0.3140,0
2023-10-15,2023-10-16,10,25.800,9.200,0.000,0.000,0.000,20.900,13.600,53.000,0,0.000,0,0.3140,0
2023-10-16,2023-10-17,10,25.300,10.400,0.000,0.000,0.000,20.000,13.200,46.000,0,0.000,0,0.3140,0
2023-10-17,2023-10-18,10,25.900,12.200,0.000,0.000,0.000,14.800,10.000,41.000,0,0.000,0,0.3140,0
2023-10-18,2023-10-19,10,27.300,11.700,0.000,0.000,0.000,18.500,8.600,34.000,0,0.000,0,0.3140,0
2023-10-19,2023-10-20,10,28.400,11.600,0.000,0.000,0.000,12.900,7.600,34.000,0,1.200,1,0.3140,0
2023-10-20,2023-10-21,10,26.700,10.800,1.200,1.200,5.000,24.700,10.200,48.000,1,6.300,1,0.6514,1
2023-10-21,2023-10-22,10,24.800,12.600,6.300,6.300,5.000,13.000,7.800,66.000,1,0.500,0,0.6514,1
2023-10-22,2023-10-23,10,25.000,9.100,0.500,0.500,4.000,23.300,10.600,63.000,0,0.000,0,0.3140,0
2023-10-23,2023-10-24,10,26.000,11.600,0.000,0.000,0.000,16.300,8.200,51.000,0,2.200,1,0.3140,0
2023-10-24,2023-10-25,10,26.500,10.000,2.200,2.200,4.000,15.900,7.200,51.000,1,0.100,0,0.6514,1
2023-10-25,2023-10-26,10,25.600,12.100,0.100,0.100,1.000,18.100,10.300,59.000,0,19.300,1,0.3140,0
2023-10-26,2023-10-27,10,23.000,7.300,19.300,19.300,15.000,16.500,8.000,78.000,1,10.000,1,0.6514,1
2023-10-27,2023-10-28,10,23.100,9.800,10.000,10.000,5.000,20.700,7.400,76.000,1,0.600,0,0.6514,1
2023-10-28,2023-10-29,10,23.600,8.100,0.600,0.600,6.000,10.900,5.900,77.000,0,0.600,0,0.3140,0
2023-10-29,2023-10-30,10,25.100,9.900,0.600,0.600,3.000,12.400,6.200,71.000,0,0.100,0,0.3140,0
2023-10-30,2023-10-31,10,25.700,10.700,0.100,0.100,1.000,12.900,6.200,62.000,0,1.400,1,0.3140,0
2023-10-31,2023-11-01,10,25.400,9.500,1.400,1.400,7.000,15.000,5.000,62.000,1,1.800,1,0.6514,1
2023-11-01,2023-11-02,11,24.400,10.900,1.800,1.800,11.000,10.800,6.300,70.000,1,5.000,1,0.7682,1
2023-11-02,2023-11-03,11,24.100,11.000,5.000,5.000,6.000,13.200,7.000,73.000,1,13.200,1,0.7682,1
2023-11-03,2023-11-04,11,23.000,8.000,13.200,13.200,16.000,12.600,5.400,81.000,1,1.900,1,0.7682,1
2023-11-04,2023-11-05,11,24.000,9.600,1.900,1.900,3.000,11.200,3.800,75.000,1,6.400,1,0.7682,1
2023-11-05,2023-11-06,11,23.100,10.500,6.400,6.400,5.000,18.900,7.400,79.000,1,0.400,0,0.7682,1
2023-11-06,2023-11-07,11,24.500,10.100,0.400,0.400,3.000,16.600,9.900,71.000,0,0.800,0,0.4308,1
2023-11-07,2023-11-08,11,24.300,9.100,0.800,0.800,4.000,17.700,9.800,69.000,0,0.000,0,0.4308,1
2023-11-08,2023-11-09,11,23.900,10.000,0.000,0.000,0.000,14.500,8.900,61.000,0,0.000,0,0.4308,1
2023-11-09,2023-11-10,11,24.500,11.200,0.000,0.000,0.000,14.000,8.200,45.000,0,0.000,0,0.4308,1
2023-11-10,2023-11-11,11,26.100,13.300,0.000,0.000,0.000,15.300,9.400,37.000,0,0.000,0,0.4308,1
2023-11-11,2023-11-12,11,27.100,12.800,0.000,0.000,0.000,18.600,9.000,39.000,0,0.000,0,0.4308,1
2023-11-12,2023-11-13,11,28.000,11.300,0.000,0.000,0.000,16.600,8.300,33.000,0,0.000,0,0.4308,1
2023-11-13,2023-11-14,11,27.200,13.800,0.000,0.000,0.000,10.700,6.500,40.000,0,0.000,0,0.4308,1
2023-11-14,2023-11-15,11,28.200,14.400,0.000,0.000,0.000,12.300,6.900,35.000,0,0.000,0,0.4308,1
2023-11-15,2023-11-16,11,28.300,10.000,0.000,0.000,0.000,17.300,9.100,39.000,0,0.000,0,0.4308,1
2023-11-16,2023-11-17,11,28.200,11.000,0.000,0.000,0.000,12.600,6.500,42.000,0,0.800,0,0.4308,1
2023-11-17,2023-11-18,11,26.300,10.100,0.800,0.800,3.000,14.200,7.500,56.000,0,0.200,0,0.4308,1
2023-11-18,2023-11-19,11,26.200,10.100,0.200,0.200,2.000,17.600,9.900,61.000,0,0.600,0,0.4308,1
2023-11-19,2023-11-20,11,26.400,9.800,0.600,0.600,2.000,8.100,4.400,57.000,0,3.800,1,0.4308,1
2023-11-20,2023-11-21,11,23.300,6.500,3.800,3.800,7.000,15.000,8.800,73.000,1,7.200,1,0.7682,1
2023-11-21,2023-11-22,11,23.100,8.400,7.200,7.200,6.000,14.800,6.800,75.000,1,6.800,1,0.7682,1
2023-11-22,2023-11-23,11,23.400,9.100,6.800,6.800,7.000,15.900,5.200,73.000,1,1.600,1,0.7682,1
2023-11-23,2023-11-24,11,24.100,9.300,1.600,1.600,5.000,18.600,5.200,71.000,1,0.500,0,0.7682,1
2023-11-24,2023-11-25,11,24.100,10.300,0.500,0.500,1.000,7.400,4.600,70.000,0,4.800,1,0.4308,1
2023-11-25,2023-11-26,11,23.800,8.400,4.800,4.800,6.000,13.800,8.200,73.000,1,28.100,1,0.7682,1
2023-11-26,2023-11-27,11,23.500,10.400,28.100,28.100,9.000,16.700,9.400,77.000,1,6.500,1,0.7682,1
2023-11-27,2023-11-28,11,22.200,6.000,6.500,6.500,12.000,14.600,6.500,80.000,1,2.000,1,0.7682,1
2023-11-28,2023-11-29,11,23.700,8.200,2.000,2.000,7.000,12.900,6.600,69.000,1,0.100,0,0.7682,1
2023-11-29,2023-11-30,11,24.300,10.700,0.100,0.100,1.000,14.100,5.300,65.000,0,0.100,0,0.4308,1
2023-11-30,2023-12-01,11,24.300,9.500,0.100,0.100,1.000,9.700,5.100,70.000,0,7.500,1,0.4308,1
2023-12-01,2023-12-02,12,23.200,8.200,7.500,7.500,5.000,10.400,5.400,75.000,1,4.200,1,0.8046,1
2023-12-02,2023-12-03,12,23.800,9.200,4.200,4.200,6.000,11.200,4.700,73.000,1,9.400,1,0.8046,1
2023-12-03,2023-12-04,12,22.000,7.200,9.400,9.400,6.000,12.800,6.300,81.000,1,0.600,0,0.8046,1
2023-12-04,2023-12-05,12,22.600,6.100,0.600,0.600,6.000,12.000,4.800,76.000,0,3.500,1,0.4673,1
2023-12-05,2023-12-06,12,22.300,7.000,3.500,3.500,8.000,11.900,4.300,81.000,1,0.400,0,0.8046,1
2023-12-06,2023-12-07,12,23.400,10.400,0.400,0.400,3.000,16.400,10.400,73.000,0,0.000,0,0.4673,1
2023-12-07,2023-12-08,12,24.500,10.800,0.000,0.000,0.000,17.800,10.000,58.000,0,0.000,0,0.4673,1
2023-12-08,2023-12-09,12,26.100,10.900,0.000,0.000,0.000,8.200,4.900,48.000,0,0.100,0,0.4673,1
2023-12-09,2023-12-10,12,25.800,9.800,0.100,0.100,1.000,13.900,6.600,54.000,0,0.300,0,0.4673,1
2023-12-10,2023-12-11,12,25.600,10.200,0.300,0.300,2.000,19.900,9.000,61.000,0,2.500,1,0.4673,1
2023-12-11,2023-12-12,12,23.500,7.200,2.500,2.500,9.000,16.000,8.100,72.000,1,15.400,1,0.8046,1
2023-12-12,2023-12-13,12,22.200,6.800,15.400,15.400,16.000,11.700,4.700,82.000,1,0.200,0,0.8046,1
2023-12-13,2023-12-14,12,24.900,11.100,0.200,0.200,1.000,18.700,9.800,65.000,0,0.000,0,0.4673,1
2023-12-14,2023-12-15,12,25.600,10.300,0.000,0.000,0.000,17.800,11.400,51.000,0,0.000,0,0.4673,1
2023-12-15,2023-12-16,12,26.200,11.000,0.000,0.000,0.000,16.800,10.400,38.000,0,0.000,0,0.4673,1
2023-12-16,2023-12-17,12,26.400,11.400,0.000,0.000,0.000,17.200,9.900,40.000,0,0.200,0,0.4673,1
2023-12-17,2023-12-18,12,25.900,9.400,0.200,0.200,2.000,16.400,7.500,46.000,0,0.000,0,0.4673,1
2023-12-18,2023-12-19,12,26.200,9.700,0.000,0.000,0.000,8.100,4.600,49.000,0,2.700,1,0.4673,1
2023-12-19,2023-12-20,12,23.800,8.400,2.700,2.700,9.000,13.700,8.200,68.000,1,16.500,1,0.8046,1
2023-12-20,2023-12-21,12,22.100,7.900,16.500,16.500,12.000,15.100,9.100,80.000,1,14.800,1,0.8046,1
2023-12-21,2023-12-22,12,20.600,3.700,14.800,14.800,17.000,18.900,11.400,87.000,1,10.300,1,0.8046,1
2023-12-22,2023-12-23,12,21.800,7.200,10.300,10.300,16.000,11.600,6.400,81.000,1,5.400,1,0.8046,1
2023-12-23,2023-12-24,12,22.400,7.100,5.400,5.400,7.000,15.100,5.100,80.000,1,1.500,1,0.8046,1
2023-12-24,2023-12-25,12,23.300,8.500,1.500,1.500,3.000,11.800,5.100,73.000,1,3.500,1,0.8046,1
2023-12-25,2023-12-26,12,23.700,7.700,3.500,3.500,6.000,18.400,6.900,75.000,1,0.500,0,0.8046,1
2023-12-26,2023-12-27,12,24.000,9.500,0.500,0.500,2.000,13.300,6.900,72.000,0,1.900,1,0.4673,1
2023-12-27,2023-12-28,12,23.500,11.200,1.900,1.900,4.000,9.400,5.700,74.000,1,10.200,1,0.8046,1
2023-12-28,2023-12-29,12,24.100,8.500,10.200,10.200,5.000,9.800,5.700,76.000,1,6.900,1,0.8046,1
2023-12-29,2023-12-30,12,24.100,11.000,6.900,6.900,4.000,11.900,5.800,75.000,1,8.800,1,0.8046,1
2023-12-30,2023-12-31,12,23.000,7.400,8.800,8.800,9.000,11.200,6.800,80.000,1,12.800,1,0.8046,1
2023-12-31,2024-01-01,12,22.100,6.800,12.800,12.800,10.000,11.700,5.200,85.000,1,12.500,1,0.8046,1
2024-01-01,2024-01-02,1,22.400,8.000,12.500,12.500,7.000,14.200,5.200,82.000,1,5.200,1,0.7321,1
2024-01-02,2024-01-03,1,22.100,6.300,5.200,5.200,14.000,11.000,6.500,83.000,1,21.200,1,0.7321,1
2024-01-03,2024-01-04,1,20.500,2.400,21.200,21.200,20.000,18.700,10.600,92.000,1,10.000,1,0.7321,1
2024-01-04,2024-01-05,1,21.000,4.000,10.000,10.000,24.000,21.700,14.500,89.000,1,13.800,1,0.7321,1
2024-01-05,2024-01-06,1,20.800,3.800,13.800,13.800,22.000,18.100,11.600,89.000,1,1.200,1,0.7321,1
2024-01-06,2024-01-07,1,22.400,7.300,1.200,1.200,8.000,10.700,6.000,82.000,1,5.500,1,0.7321,1
2024-01-07,2024-01-08,1,22.200,8.200,5.500,5.500,9.000,12.200,4.500,84.000,1,13.200,1,0.7321,1
2024-01-08,2024-01-09,1,21.200,5.900,13.200,13.200,19.000,11.200,6.400,87.000,1,1.000,1,0.7321,1
2024-01-09,2024-01-10,1,22.100,6.800,1.000,1.000,4.000,14.000,5.800,84.000,1,10.200,1,0.7321,1
2024-01-10,2024-01-11,1,21.200,5.600,10.200,10.200,13.000,13.000,6.700,88.000,1,6.700,1,0.7321,1
2024-01-11,2024-01-12,1,21.600,9.000,6.700,6.700,7.000,11.800,5.200,82.000,1,0.500,0,0.7321,1
2024-01-12,2024-01-13,1,23.100,8.700,0.500,0.500,4.000,7.500,4.000,76.000,0,8.000,1,0.3947,0
2024-01-13,2024-01-14,1,21.900,5.900,8.000,8.000,13.000,9.800,4.900,84.000,1,5.600,1,0.7321,1
2024-01-14,2024-01-15,1,22.000,8.400,5.600,5.600,9.000,14.400,5.800,84.000,1,4.000,1,0.7321,1
2024-01-15,2024-01-16,1,22.100,7.000,4.000,4.000,5.000,13.000,5.200,82.000,1,0.600,0,0.7321,1
2024-01-16,2024-01-17,1,23.900,8.700,0.600,0.600,3.000,11.300,6.100,73.000,0,0.000,0,0.3947,0
2024-01-17,2024-01-18,1,24.800,8.900,0.000,0.000,0.000,11.500,6.400,62.000,0,0.500,0,0.3947,0
2024-01-18,2024-01-19,1,24.700,7.100,0.500,0.500,5.000,9.300,4.700,65.000,0,0.300,0,0.3947,0
2024-01-19,2024-01-20,1,24.600,9.400,0.300,0.300,3.000,7.600,4.200,67.000,0,0.000,0,0.3947,0
2024-01-20,2024-01-21,1,23.900,11.500,0.000,0.000,0.000,12.400,5.700,70.000,0,0.800,0,0.3947,0
2024-01-21,2024-01-22,1,23.700,10.300,0.800,0.800,5.000,14.800,8.400,72.000,0,3.300,1,0.3947,0
2024-01-22,2024-01-23,1,23.400,8.700,3.300,3.300,6.000,11.900,7.700,77.000,1,4.600,1,0.7321,1
2024-01-23,2024-01-24,1,22.500,7.200,4.600,4.600,6.000,14.600,7.600,82.000,1,21.400,1,0.7321,1
2024-01-24,2024-01-25,1,22.100,4.500,21.400,21.400,13.000,16.600,10.400,86.000,1,2.700,1,0.7321,1
2024-01-25,2024-01-26,1,22.200,7.100,2.700,2.700,11.000,13.400,8.000,84.000,1,15.900,1,0.7321,1
2024-01-26,2024-01-27,1,21.600,5.600,15.900,15.900,9.000,7.600,4.800,85.000,1,10.500,1,0.7321,1
2024-01-27,2024-01-28,1,21.800,7.600,10.500,10.500,12.000,9.400,5.100,79.000,1,1.200,1,0.7321,1
2024-01-28,2024-01-29,1,22.000,6.000,1.200,1.200,9.000,15.900,9.500,83.000,1,0.500,0,0.7321,1
2024-01-29,2024-01-30,1,22.600,6.600,0.500,0.500,4.000,12.100,8.800,78.000,0,2.200,1,0.3947,0
2024-01-30,2024-01-31,1,22.100,8.600,2.200,2.200,10.000,7.000,4.200,81.000,1,11.100,1,0.7321,1
2024-01-31,2024-02-01,1,21.900,5.900,11.100,11.100,10.000,8.400,5.000,83.000,1,12.600,1,0.7321,1
2024-02-01,2024-02-02,2,21.500,6.900,12.600,12.600,14.000,10.400,6.500,86.000,1,0.400,0,0.7292,1
2024-02-02,2024-02-03,2,22.000,9.100,0.400,0.400,2.000,15.300,7.900,80.000,0,2.000,1,0.3919,0
2024-02-03,2024-02-04,2,21.100,7.100,2.000,2.000,8.000,21.600,10.000,84.000,1,0.500,0,0.7292,1
2024-02-04,2024-02-05,2,22.100,7.100,0.500,0.500,4.000,15.300,8.900,75.000,0,30.100,1,0.3919,0
2024-02-05,2024-02-06,2,21.100,8.100,30.100,30.100,13.000,13.600,7.100,84.000,1,10.600,1,0.7292,1
2024-02-06,2024-02-07,2,21.400,8.000,10.600,10.600,10.000,13.600,5.500,86.000,1,6.000,1,0.7292,1
2024-02-07,2024-02-08,2,22.600,7.700,6.000,6.000,11.000,15.300,4.900,82.000,1,14.900,1,0.7292,1
2024-02-08,2024-02-09,2,22.000,8.000,14.900,14.900,14.000,10.300,4.400,85.000,1,27.000,1,0.7292,1
2024-02-09,2024-02-10,2,21.700,6.800,27.000,27.000,22.000,15.900,4.200,85.000,1,5.500,1,0.7292,1
2024-02-10,2024-02-11,2,20.900,5.900,5.500,5.500,18.000,19.800,12.400,88.000,1,8.400,1,0.7292,1
2024-02-11,2024-02-12,2,20.500,4.500,8.400,8.400,15.000,16.700,9.800,87.000,1,1.300,1,0.7292,1
2024-02-12,2024-02-13,2,21.900,10.000,1.300,1.300,3.000,18.800,10.500,77.000,1,0.000,0,0.7292,1
2024-02-13,2024-02-14,2,23.100,10.400,0.000,0.000,0.000,14.200,9.200,70.000,0,0.000,0,0.3919,0
2024-02-14,2024-02-15,2,24.300,8.900,0.000,0.000,0.000,8.400,4.800,61.000,0,0.300,0,0.3919,0
2024-02-15,2024-02-16,2,24.500,8.200,0.300,0.300,2.000,10.500,4.200,64.000,0,4.800,1,0.3919,0
2024-02-16,2024-02-17,2,23.000,6.600,4.800,4.800,5.000,10.500,4.700,79.000,1,2.400,1,0.7292,1
2024-02-17,2024-02-18,2,22.200,7.400,2.400,2.400,9.000,12.700,7.800,79.000,1,11.900,1,0.7292,1
2024-02-18,2024-02-19,2,21.800,6.800,11.900,11.900,15.000,16.300,8.000,82.000,1,0.500,0,0.7292,1
2024-02-19,2024-02-20,2,21.800,6.200,0.500,0.500,3.000,16.600,11.300,84.000,0,23.500,1,0.3919,0
2024-02-20,2024-02-21,2,20.300,2.600,23.500,23.500,17.000,17.100,11.100,93.000,1,20.600,1,0.7292,1
2024-02-21,2024-02-22,2,20.200,3.000,20.600,20.600,15.000,8.700,5.900,92.000,1,2.600,1,0.7292,1
2024-02-22,2024-02-23,2,21.900,7.800,2.600,2.600,9.000,14.500,8.600,83.000,1,3.200,1,0.7292,1
2024-02-23,2024-02-24,2,21.400,6.400,3.200,3.200,9.000,10.800,6.400,85.000,1,1.200,1,0.7292,1
2024-02-24,2024-02-25,2,22.600,8.000,1.200,1.200,6.000,13.200,7.600,81.000,1,0.300,0,0.7292,1
2024-02-25,2024-02-26,2,22.900,9.200,0.300,0.300,2.000,17.400,10.300,79.000,0,0.000,0,0.3919,0
2024-02-26,2024-02-27,2,22.500,8.500,0.000,0.000,0.000,15.700,10.300,67.000,0,0.000,0,0.3919,0
2024-02-27,2024-02-28,2,23.000,10.100,0.000,0.000,0.000,12.200,7.100,63.000,0,0.000,0,0.3919,0
2024-02-28,2024-02-29,2,24.400,8.600,0.000,0.000,0.000,8.200,4.100,61.000,0,0.000,0,0.3919,0
2024-02-29,2024-03-01,2,24.600,9.600,0.000,0.000,0.000,7.100,4.000,64.000,0,5.600,1,0.3919,0
2024-03-01,2024-03-02,3,23.700,8.500,5.600,5.600,2.000,12.200,5.500,76.000,1,0.600,0,0.6474,1
2024-03-02,2024-03-03,3,24.300,8.900,0.600,0.600,4.000,7.800,4.500,73.000,0,2.300,1,0.3100,0
2024-03-03,2024-03-04,3,22.900,7.800,2.300,2.300,7.000,13.800,5.300,82.000,1,6.800,1,0.6474,1
2024-03-04,2024-03-05,3,21.900,4.300,6.800,6.800,16.000,12.700,4.900,84.000,1,2.500,1,0.6474,1
2024-03-05,2024-03-06,3,22.200,5.700,2.500,2.500,8.000,11.200,5.000,81.000,1,1.400,1,0.6474,1
2024-03-06,2024-03-07,3,22.800,9.000,1.400,1.400,6.000,10.500,6.700,81.000,1,1.500,1,0.6474,1
2024-03-07,2024-03-08,3,23.000,7.100,1.500,1.500,8.000,14.500,7.800,82.000,1,0.400,0,0.6474,1
2024-03-08,2024-03-09,3,23.900,8.500,0.400,0.400,2.000,14.300,7.300,78.000,0,0.000,0,0.3100,0
2024-03-09,2024-03-10,3,24.300,8.900,0.000,0.000,0.000,11.000,6.700,70.000,0,0.100,0,0.3100,0
2024-03-10,2024-03-11,3,23.300,7.400,0.100,0.100,1.000,11.800,7.400,78.000,0,0.300,0,0.3100,0
2024-03-11,2024-03-12,3,24.200,7.700,0.300,0.300,2.000,6.600,3.900,76.000,0,13.400,1,0.3100,0
2024-03-12,2024-03-13,3,23.800,7.500,13.400,13.400,10.000,11.600,4.200,81.000,1,7.500,1,0.6474,1
2024-03-13,2024-03-14,3,23.000,7.200,7.500,7.500,9.000,10.800,5.300,83.000,1,1.300,1,0.6474,1
2024-03-14,2024-03-15,3,22.900,8.300,1.300,1.300,6.000,10.700,5.700,83.000,1,0.400,0,0.6474,1
2024-03-15,2024-03-16,3,24.200,8.400,0.400,0.400,4.000,16.000,7.300,77.000,0,0.200,0,0.3100,0
2024-03-16,2024-03-17,3,24.500,7.600,0.200,0.200,2.000,14.500,7.700,74.000,0,1.100,1,0.3100,0
2024-03-17,2024-03-18,3,23.300,7.100,1.100,1.100,4.000,10.700,4.500,81.000,1,0.500,0,0.6474,1
2024-03-18,2024-03-19,3,24.400,8.400,0.500,0.500,4.000,8.800,4.800,77.000,0,2.500,1,0.3100,0
2024-03-19,2024-03-20,3,24.300,7.500,2.500,2.500,2.000,11.800,4.600,75.000,1,7.600,1,0.6474,1
2024-03-20,2024-03-21,3,22.900,5.300,7.600,7.600,6.000,9.700,4.900,85.000,1,5.600,1,0.6474,1
2024-03-21,2024-03-22,3,23.200,6.900,5.600,5.600,13.000,10.500,5.600,80.000,1,0.600,0,0.6474,1
2024-03-22,2024-03-23,3,23.300,8.300,0.600,0.600,6.000,12.300,5.000,81.000,0,13.700,1,0.3100,0
2024-03-23,2024-03-24,3,21.100,3.700,13.700,13.700,19.000,10.700,6.100,90.000,1,2.500,1,0.6474,1
2024-03-24,2024-03-25,3,22.000,6.300,2.500,2.500,14.000,16.800,10.800,83.000,1,1.300,1,0.6474,1
2024-03-25,2024-03-26,3,22.000,7.400,1.300,1.300,6.000,15.100,7.900,82.000,1,2.800,1,0.6474,1
2024-03-26,2024-03-27,3,21.700,8.100,2.800,2.800,12.000,11.200,5.200,82.000,1,0.100,0,0.6474,1
2024-03-27,2024-03-28,3,21.600,7.800,0.100,0.100,1.000,14.000,9.100,82.000,0,9.800,1,0.3100,0
2024-03-28,2024-03-29,3,21.100,5.900,9.800,9.800,17.000,15.500,9.000,89.000,1,0.300,0,0.6474,1
2024-03-29,2024-03-30,3,22.400,8.700,0.300,0.300,3.000,17.700,10.100,82.000,0,0.100,0,0.3100,0
2024-03-30,2024-03-31,3,23.500,7.100,0.100,0.100,1.000,12.900,4.700,78.000,0,2.400,1,0.3100,0
2024-03-31,2024-04-01,3,22.900,5.900,2.400,2.400,5.000,11.400,4.600,83.000,1,6.700,1,0.6474,1
2024-04-01,2024-04-02,4,23.000,7.800,6.700,6.700,6.000,8.000,5.000,83.000,1,10.200,1,0.5641,1
2024-04-02,2024-04-03,4,22.400,5.700,10.200,10.200,10.000,8.900,4.800,84.000,1,5.100,1,0.5641,1
2024-04-03,2024-04-04,4,22.300,6.800,5.100,5.100,6.000,11.400,3.700,85.000,1,3.900,1,0.5641,1
2024-04-04,2024-04-05,4,22.100,7.200,3.900,3.900,13.000,14.300,6.200,85.000,1,4.300,1,0.5641,1
2024-04-05,2024-04-06,4,22.100,7.800,4.300,4.300,6.000,13.400,6.900,85.000,1,0.700,0,0.5641,1
2024-04-06,2024-04-07,4,22.000,7.300,0.700,0.700,4.000,14.800,7.900,84.000,0,1.500,1,0.2267,0
2024-04-07,2024-04-08,4,22.200,6.600,1.500,1.500,6.000,18.100,9.600,82.000,1,0.000,0,0.5641,1
2024-04-08,2024-04-09,4,22.300,9.300,0.000,0.000,0.000,14.300,8.100,74.000,0,0.000,0,0.2267,0
2024-04-09,2024-04-10,4,22.800,8.900,0.000,0.000,0.000,8.000,5.500,73.000,0,0.400,0,0.2267,0
2024-04-10,2024-04-11,4,23.100,7.500,0.400,0.400,2.000,9.700,5.000,75.000,0,0.700,0,0.2267,0
2024-04-11,2024-04-12,4,22.200,4.900,0.700,0.700,4.000,9.800,5.000,83.000,0,3.000,1,0.2267,0
2024-04-12,2024-04-13,4,22.200,5.800,3.000,3.000,5.000,16.100,8.900,83.000,1,0.000,0,0.5641,1
2024-04-13,2024-04-14,4,22.500,7.400,0.000,0.000,0.000,18.400,11.200,75.000,0,0.800,0,0.2267,0
2024-04-14,2024-04-15,4,21.900,7.900,0.800,0.800,6.000,14.700,9.300,77.000,0,0.600,0,0.2267,0
2024-04-15,2024-04-16,4,22.100,7.900,0.600,0.600,5.000,19.500,11.900,76.000,0,0.200,0,0.2267,0
2024-04-16,2024-04-17,4,22.000,8.100,0.200,0.200,2.000,18.500,12.400,78.000,0,0.100,0,0.2267,0
2024-04-17,2024-04-18,4,22.500,9.100,0.100,0.100,1.000,13.000,8.800,75.000,0,0.200,0,0.2267,0
2024-04-18,2024-04-19,4,23.000,9.000,0.200,0.200,1.000,11.100,7.200,72.000,0,0.500,0,0.2267,0
2024-04-19,2024-04-20,4,22.700,8.200,0.500,0.500,4.000,9.800,6.000,76.000,0,0.100,0,0.2267,0
2024-04-20,2024-04-21,4,22.500,7.800,0.100,0.100,1.000,17.600,11.900,74.000,0,0.100,0,0.2267,0
2024-04-21,2024-04-22,4,20.900,7.500,0.100,0.100,1.000,17.700,10.300,76.000,0,0.100,0,0.2267,0
2024-04-22,2024-04-23,4,21.500,9.500,0.100,0.100,1.000,16.300,7.700,73.000,0,0.200,0,0.2267,0
2024-04-23,2024-04-24,4,22.200,9.500,0.200,0.200,2.000,10.900,6.400,72.000,0,0.300,0,0.2267,0
2024-04-24,2024-04-25,4,22.800,9.100,0.300,0.300,3.000,11.000,5.800,72.000,0,0.000,0,0.2267,0
2024-04-25,2024-04-26,4,23.300,8.900,0.000,0.000,0.000,16.900,9.700,68.000,0,0.000,0,0.2267,0
2024-04-26,2024-04-27,4,22.600,9.600,0.000,0.000,0.000,15.900,10.800,65.000,0,0.000,0,0.2267,0
2024-04-27,2024-04-28,4,22.100,10.200,0.000,0.000,0.000,13.400,9.000,64.000,0,0.100,0,0.2267,0
2024-04-28,2024-04-29,4,22.700,9.700,0.100,0.100,1.000,10.900,7.300,66.000,0,0.000,0,0.2267,0
2024-04-29,2024-04-30,4,22.700,10.700,0.000,0.000,0.000,13.300,8.300,66.000,0,0.000,0,0.2267,0
2024-04-30,2024-05-01,4,22.800,11.500,0.000,0.000,0.000,14.800,8.600,65.000,0,0.000,0,0.2267,0
2024-05-01,2024-05-02,5,22.700,9.900,0.000,0.000,0.000,13.800,7.600,64.000,0,0.000,0,0.0721,0
2024-05-02,2024-05-03,5,22.700,11.000,0.000,0.000,0.000,12.000,7.600,62.000,0,0.000,0,0.0721,0
2024-05-03,2024-05-04,5,22.900,10.600,0.000,0.000,0.000,14.300,8.800,65.000,0,0.000,0,0.0721,0
2024-05-04,2024-05-05,5,21.700,10.400,0.000,0.000,0.000,17.400,10.400,60.000,0,0.000,0,0.0721,0
2024-05-05,2024-05-06,5,21.400,10.400,0.000,0.000,0.000,17.800,11.900,66.000,0,0.000,0,0.0721,0
2024-05-06,2024-05-07,5,21.100,9.100,0.000,0.000,0.000,20.900,12.900,69.000,0,0.200,0,0.0721,0
2024-05-07,2024-05-08,5,21.100,9.400,0.200,0.200,2.000,20.200,11.900,70.000,0,0.000,0,0.0721,0
2024-05-08,2024-05-09,5,20.700,10.300,0.000,0.000,0.000,14.900,8.700,70.000,0,0.000,0,0.0721,0
2024-05-09,2024-05-10,5,20.700,10.400,0.000,0.000,0.000,15.000,10.100,68.000,0,0.000,0,0.0721,0
2024-05-10,2024-05-11,5,20.400,10.300,0.000,0.000,0.000,16.500,9.200,65.000,0,0.000,0,0.0721,0
2024-05-11,2024-05-12,5,21.500,9.900,0.000,0.000,0.000,9.700,6.500,61.000,0,0.000,0,0.0721,0
2024-05-12,2024-05-13,5,22.700,9.400,0.000,0.000,0.000,10.700,4.900,54.000,0,0.000,0,0.0721,0
2024-05-13,2024-05-14,5,22.400,10.500,0.000,0.000,0.000,6.800,4.000,62.000,0,0.000,0,0.0721,0
2024-05-14,2024-05-15,5,22.900,10.900,0.000,0.000,0.000,12.200,6.800,60.000,0,0.000,0,0.0721,0
2024-05-15,2024-05-16,5,22.400,11.400,0.000,0.000,0.000,14.100,9.100,56.000,0,0.000,0,0.0721,0
2024-05-16,2024-05-17,5,21.900,10.900,0.000,0.000,0.000,18.100,11.100,50.000,0,0.000,0,0.0721,0
2024-05-17,2024-05-18,5,21.100,10.600,0.000,0.000,0.000,14.800,9.900,56.000,0,0.000,0,0.0721,0
2024-05-18,2024-05-19,5,21.000,10.800,0.000,0.000,0.000,15.500,8.900,58.000,0,0.000,0,0.0721,0
2024-05-19,2024-05-20,5,21.400,10.500,0.000,0.000,0.000,12.600,7.100,60.000,0,0.200,0,0.0721,0
2024-05-20,2024-05-21,5,21.500,9.200,0.200,0.200,2.000,16.500,9.700,68.000,0,0.000,0,0.0721,0
2024-05-21,2024-05-22,5,21.500,9.300,0.000,0.000,0.000,18.700,11.200,62.000,0,0.000,0,0.0721,0
2024-05-22,2024-05-23,5,20.600,10.300,0.000,0.000,0.000,17.800,9.700,61.000,0,0.000,0,0.0721,0
2024-05-23,2024-05-24,5,21.000,10.400,0.000,0.000,0.000,12.900,8.600,66.000,0,0.000,0,0.0721,0
2024-05-24,2024-05-25,5,21.700,10.500,0.000,0.000,0.000,15.000,5.800,62.000,0,0.000,0,0.0721,0
2024-05-25,2024-05-26,5,21.500,9.800,0.000,0.000,0.000,10.800,7.600,58.000,0,0.000,0,0.0721,0
2024-05-26,2024-05-27,5,21.000,11.100,0.000,0.000,0.000,16.300,10.000,55.000,0,0.000,0,0.0721,0
2024-05-27,2024-05-28,5,20.700,10.400,0.000,0.000,0.000,13.000,8.400,59.000,0,0.000,0,0.0721,0
2024-05-28,2024-05-29,5,21.600,9.200,0.000,0.000,0.000,10.700,6.800,53.000,0,0.000,0,0.0721,0
2024-05-29,2024-05-30,5,20.400,11.100,0.000,0.000,0.000,11.300,8.800,68.000,0,0.000,0,0.0721,0
2024-05-30,2024-05-31,5,20.400,10.900,0.000,0.000,0.000,12.700,9.100,65.000,0,0.000,0,0.0721,0
2024-05-31,2024-06-01,5,20.700,9.400,0.000,0.000,0.000,15.800,10.800,56.000,0,0.000,0,0.0721,0
2024-06-01,2024-06-02,6,19.400,9.200,0.000,0.000,0.000,22.700,12.600,62.000,0,0.300,0,0.0725,0
2024-06-02,2024-06-03,6,19.000,9.200,0.300,0.300,3.000,21.200,13.000,67.000,0,0.000,0,0.0725,0
2024-06-03,2024-06-04,6,19.800,10.600,0.000,0.000,0.000,17.700,9.300,65.000,0,0.000,0,0.0725,0
2024-06-04,2024-06-05,6,20.200,10.500,0.000,0.000,0.000,17.200,10.700,63.000,0,0.000,0,0.0725,0
2024-06-05,2024-06-06,6,19.900,10.100,0.000,0.000,0.000,18.700,10.600,63.000,0,0.300,0,0.0725,0
2024-06-06,2024-06-07,6,19.600,9.900,0.300,0.300,3.000,19.800,10.300,65.000,0,0.100,0,0.0725,0
2024-06-07,2024-06-08,6,19.800,10.200,0.100,0.100,1.000,18.100,10.900,66.000,0,0.000,0,0.0725,0
2024-06-08,2024-06-09,6,20.100,9.800,0.000,0.000,0.000,17.500,9.200,66.000,0,0.000,0,0.0725,0
2024-06-09,2024-06-10,6,19.800,10.300,0.000,0.000,0.000,13.400,8.500,62.000,0,0.000,0,0.0725,0
2024-06-10,2024-06-11,6,20.100,11.700,0.000,0.000,0.000,13.100,8.300,65.000,0,0.000,0,0.0725,0
2024-06-11,2024-06-12,6,20.900,10.500,0.000,0.000,0.000,16.800,10.300,64.000,0,0.000,0,0.0725,0
2024-06-12,2024-06-13,6,19.800,10.400,0.000,0.000,0.000,17.300,10.600,57.000,0,0.000,0,0.0725,0
2024-06-13,2024-06-14,6,19.800,10.800,0.000,0.000,0.000,18.900,11.400,59.000,0,0.000,0,0.0725,0
2024-06-14,2024-06-15,6,20.100,11.500,0.000,0.000,0.000,16.500,9.800,60.000,0,0.000,0,0.0725,0
2024-06-15,2024-06-16,6,19.300,9.700,0.000,0.000,0.000,18.400,10.600,67.000,0,0.000,0,0.0725,0
2024-06-16,2024-06-17,6,18.700,10.800,0.000,0.000,0.000,17.700,10.600,59.000,0,0.000,0,0.0725,0
2024-06-17,2024-06-18,6,18.600,11.900,0.000,0.000,0.000,12.600,8.700,57.000,0,0.000,0,0.0725,0
2024-06-18,2024-06-19,6,18.900,11.800,0.000,0.000,0.000,14.700,8.400,56.000,0,0.000,0,0.0725,0
2024-06-19,2024-06-20,6,19.700,11.300,0.000,0.000,0.000,12.600,8.800,59.000,0,0.000,0,0.0725,0
2024-06-20,2024-06-21,6,20.000,9.300,0.000,0.000,0.000,17.000,9.700,63.000,0,0.000,0,0.0725,0
2024-06-21,2024-06-22,6,19.500,10.300,0.000,0.000,0.000,18.000,9.400,58.000,0,0.000,0,0.0725,0
2024-06-22,2024-06-23,6,19.600,10.900,0.000,0.000,0.000,15.900,8.200,58.000,0,0.000,0,0.0725,0
2024-06-23,2024-06-24,6,20.100,10.600,0.000,0.000,0.000,11.400,6.700,53.000,0,0.000,0,0.0725,0
2024-06-24,2024-06-25,6,20.900,8.600,0.000,0.000,0.000,10.800,5.900,50.000,0,0.000,0,0.0725,0
2024-06-25,2024-06-26,6,21.100,8.300,0.000,0.000,0.000,12.600,6.700,46.000,0,0.000,0,0.0725,0
2024-06-26,2024-06-27,6,20.700,10.300,0.000,0.000,0.000,13.600,6.600,47.000,0,0.000,0,0.0725,0
2024-06-27,2024-06-28,6,20.400,11.200,0.000,0.000,0.000,9.600,3.800,45.000,0,0.000,0,0.0725,0
2024-06-28,2024-06-29,6,21.300,10.200,0.000,0.000,0.000,10.900,6.300,42.000,0,0.000,0,0.0725,0
2024-06-29,2024-06-30,6,20.800,11.700,0.000,0.000,0.000,8.100,6.400,44.000,0,0.000,0,0.0725,0
2024-06-30,2024-07-01,6,21.500,8.600,0.000,0.000,0.000,11.900,6.100,42.000,0,0.000,0,0.0725,0
2024-07-01,2024-07-02,7,21.300,10.400,0.000,0.000,0.000,13.000,6.900,42.000,0,0.000,0,0.0600,0
2024-07-02,2024-07-03,7,20.000,10.600,0.000,0.000,0.000,16.300,10.900,49.000,0,0.000,0,0.0600,0
2024-07-03,2024-07-04,7,19.500,10.900,0.000,0.000,0.000,17.000,9.200,60.000,0,0.000,0,0.0600,0
2024-07-04,2024-07-05,7,19.600,10.500,0.000,0.000,0.000,13.400,9.400,57.000,0,0.000,0,0.0600,0
2024-07-05,2024-07-06,7,19.200,11.200,0.000,0.000,0.000,13.700,9.100,57.000,0,0.000,0,0.0600,0
2024-07-06,2024-07-07,7,19.800,11.600,0.000,0.000,0.000,12.100,9.100,56.000,0,0.000,0,0.0600,0
2024-07-07,2024-07-08,7,20.600,12.100,0.000,0.000,0.000,10.800,7.100,51.000,0,0.000,0,0.0600,0
2024-07-08,2024-07-09,7,21.700,12.500,0.000,0.000,0.000,14.600,5.200,41.000,0,0.000,0,0.0600,0
2024-07-09,2024-07-10,7,22.600,8.500,0.000,0.000,0.000,11.300,6.400,39.000,0,0.000,0,0.0600,0
2024-07-10,2024-07-11,7,22.800,10.700,0.000,0.000,0.000,11.700,6.100,39.000,0,0.000,0,0.0600,0
2024-07-11,2024-07-12,7,22.300,11.800,0.000,0.000,0.000,16.600,9.400,41.000,0,0.000,0,0.0600,0
2024-07-12,2024-07-13,7,20.900,11.000,0.000,0.000,0.000,16.300,10.300,51.000,0,0.000,0,0.0600,0
2024-07-13,2024-07-14,7,19.000,9.800,0.000,0.000,0.000,22.300,12.900,51.000,0,0.000,0,0.0600,0
2024-07-14,2024-07-15,7,18.800,10.400,0.000,0.000,0.000,19.200,10.800,53.000,0,0.000,0,0.0600,0
2024-07-15,2024-07-16,7,18.500,10.600,0.000,0.000,0.000,15.100,9.600,53.000,0,0.000,0,0.0600,0
2024-07-16,2024-07-17,7,19.000,10.700,0.000,0.000,0.000,18.400,10.500,52.000,0,0.000,0,0.0600,0
2024-07-17,2024-07-18,7,19.100,10.700,0.000,0.000,0.000,14.100,8.200,54.000,0,0.000,0,0.0600,0
2024-07-18,2024-07-19,7,19.200,12.000,0.000,0.000,0.000,13.700,10.200,51.000,0,0.000,0,0.0600,0
2024-07-19,2024-07-20,7,19.200,11.000,0.000,0.000,0.000,17.700,10.800,51.000,0,0.000,0,0.0600,0
2024-07-20,2024-07-21,7,18.800,10.600,0.000,0.000,0.000,18.000,11.200,50.000,0,0.000,0,0.0600,0
2024-07-21,2024-07-22,7,18.500,10.200,0.000,0.000,0.000,19.500,11.100,52.000,0,0.000,0,0.0600,0
2024-07-22,2024-07-23,7,18.900,10.800,0.000,0.000,0.000,15.800,9.900,50.000,0,0.000,0,0.0600,0
2024-07-23,2024-07-24,7,19.300,11.400,0.000,0.000,0.000,16.300,9.900,47.000,0,0.000,0,0.0600,0
2024-07-24,2024-07-25,7,19.200,12.200,0.000,0.000,0.000,17.500,10.700,44.000,0,0.000,0,0.0600,0
2024-07-25,2024-07-26,7,18.600,11.800,0.000,0.000,0.000,12.400,8.500,49.000,0,0.000,0,0.0600,0
2024-07-26,2024-07-27,7,19.100,14.000,0.000,0.000,0.000,11.700,8.200,49.000,0,0.000,0,0.0600,0
2024-07-27,2024-07-28,7,20.000,12.200,0.000,0.000,0.000,16.300,9.700,57.000,0,0.000,0,0.0600,0
2024-07-28,2024-07-29,7,20.800,12.500,0.000,0.000,0.000,14.100,8.300,54.000,0,0.000,0,0.0600,0
2024-07-29,2024-07-30,7,21.300,12.300,0.000,0.000,0.000,13.300,7.600,46.000,0,0.000,0,0.0600,0
2024-07-30,2024-07-31,7,21.900,10.700,0.000,0.000,0.000,14.400,8.000,45.000,0,0.000,0,0.0600,0
2024-07-31,2024-08-01,7,21.300,10.800,0.000,0.000,0.000,20.800,12.900,44.000,0,0.000,0,0.0600,0
2024-08-01,2024-08-02,8,20.000,12.000,0.000,0.000,0.000,18.300,14.000,52.000,0,0.200,0,0.0802,0
2024-08-02,2024-08-03,8,19.500,10.000,0.200,0.200,1.000,18.900,13.000,59.000,0,0.000,0,0.0802,0
2024-08-03,2024-08-04,8,19.600,11.400,0.000,0.000,0.000,20.400,13.300,56.000,0,0.000,0,0.0802,0
2024-08-04,2024-08-05,8,20.300,11.600,0.000,0.000,0.000,21.500,12.800,52.000,0,0.000,0,0.0802,0
2024-08-05,2024-08-06,8,20.200,10.900,0.000,0.000,0.000,19.700,11.900,50.000,0,0.000,0,0.0802,0
2024-08-06,2024-08-07,8,19.900,10.200,0.000,0.000,0.000,22.000,12.300,51.000,0,0.000,0,0.0802,0
2024-08-07,2024-08-08,8,20.300,10.700,0.000,0.000,0.000,16.500,9.300,43.000,0,0.000,0,0.0802,0
2024-08-08,2024-08-09,8,21.500,10.600,0.000,0.000,0.000,15.300,6.300,42.000,0,0.000,0,0.0802,0
2024-08-09,2024-08-10,8,22.600,10.200,0.000,0.000,0.000,8.800,4.400,35.000,0,0.000,0,0.0802,0
2024-08-10,2024-08-11,8,20.000,11.300,0.000,0.000,0.000,13.900,10.100,51.000,0,0.000,0,0.0802,0
2024-08-11,2024-08-12,8,20.800,17.900,0.000,0.000,0.000,19.100,8.200,45.000,0,0.000,0,0.0802,0
2024-08-12,2024-08-13,8,21.000,14.700,0.000,0.000,0.000,16.300,9.300,26.000,0,0.000,0,0.0802,0
2024-08-13,2024-08-14,8,20.500,14.900,0.000,0.000,0.000,14.300,9.100,26.000,0,0.000,0,0.0802,0
2024-08-14,2024-08-15,8,22.100,13.400,0.000,0.000,0.000,16.500,10.600,41.000,0,0.000,0,0.0802,0
2024-08-15,2024-08-16,8,22.800,12.200,0.000,0.000,0.000,11.100,9.000,51.000,0,0.000,0,0.0802,0
2024-08-16,2024-08-17,8,22.900,11.800,0.000,0.000,0.000,14.700,10.300,45.000,0,0.000,0,0.0802,0
2024-08-17,2024-08-18,8,22.800,12.500,0.000,0.000,0.000,13.800,9.700,39.000,0,0.000,0,0.0802,0
2024-08-18,2024-08-19,8,22.200,13.100,0.000,0.000,0.000,15.900,10.100,35.000,0,0.000,0,0.0802,0
2024-08-19,2024-08-20,8,22.800,13.100,0.000,0.000,0.000,15.700,9.700,30.000,0,0.000,0,0.0802,0
2024-08-20,2024-08-21,8,22.300,12.600,0.000,0.000,0.000,15.100,9.900,35.000,0,0.000,0,0.0802,0
2024-08-21,2024-08-22,8,22.500,13.300,0.000,0.000,0.000,18.800,11.000,32.000,0,0.000,0,0.0802,0
2024-08-22,2024-08-23,8,22.700,13.000,0.000,0.000,0.000,15.000,10.100,34.000,0,0.000,0,0.0802,0
2024-08-23,2024-08-24,8,23.400,13.100,0.000,0.000,0.000,13.200,7.600,35.000,0,0.000,0,0.0802,0
2024-08-24,2024-08-25,8,24.300,11.800,0.000,0.000,0.000,12.500,6.300,36.000,0,0.000,0,0.0802,0
2024-08-25,2024-08-26,8,24.000,11.600,0.000,0.000,0.000,20.800,7.500,35.000,0,0.000,0,0.0802,0
2024-08-26,2024-08-27,8,20.900,14.000,0.000,0.000,0.000,17.700,10.600,54.000,0,0.000,0,0.0802,0
2024-08-27,2024-08-28,8,22.800,12.500,0.000,0.000,0.000,14.200,10.100,45.000,0,0.000,0,0.0802,0
2024-08-28,2024-08-29,8,22.600,11.100,0.000,0.000,0.000,18.800,13.700,45.000,0,0.000,0,0.0802,0
2024-08-29,2024-08-30,8,21.300,11.300,0.000,0.000,0.000,19.100,13.000,48.000,0,0.000,0,0.0802,0
2024-08-30,2024-08-31,8,21.100,12.300,0.000,0.000,0.000,16.900,11.500,44.000,0,0.000,0,0.0802,0
2024-08-31,2024-09-01,8,22.100,14.200,0.000,0.000,0.000,15.600,10.400,36.000,0,0.000,0,0.0802,0
2024-09-01,2024-09-02,9,22.900,13.700,0.000,0.000,0.000,15.500,9.500,30.000,0,0.000,0,0.1142,0
2024-09-02,2024-09-03,9,23.600,14.600,0.000,0.000,0.000,12.400,8.500,26.000,0,0.000,0,0.1142,0
2024-09-03,2024-09-04,9,25.400,11.200,0.000,0.000,0.000,12.800,6.100,19.000,0,0.000,0,0.1142,0
2024-09-04,2024-09-05,9,26.000,13.100,0.000,0.000,0.000,17.900,8.300,19.000,0,0.000,0,0.1142,0
2024-09-05,2024-09-06,9,26.200,11.500,0.000,0.000,0.000,14.000,7.600,24.000,0,0.000,0,0.1142,0
2024-09-06,2024-09-07,9,25.300,13.000,0.000,0.000,0.000,18.600,11.800,30.000,0,0.000,0,0.1142,0
2024-09-07,2024-09-08,9,24.000,12.200,0.000,0.000,0.000,22.000,14.200,30.000,0,0.000,0,0.1142,0
2024-09-08,2024-09-09,9,22.800,13.100,0.000,0.000,0.000,23.400,14.300,34.000,0,0.000,0,0.1142,0
2024-09-09,2024-09-10,9,22.900,12.500,0.000,0.000,0.000,19.800,12.600,29.000,0,0.000,0,0.1142,0
2024-09-10,2024-09-11,9,22.700,12.600,0.000,0.000,0.000,17.600,11.100,35.000,0,0.000,0,0.1142,0
2024-09-11,2024-09-12,9,23.000,12.000,0.000,0.000,0.000,17.200,10.400,38.000,0,0.000,0,0.1142,0
2024-09-12,2024-09-13,9,23.900,12.500,0.000,0.000,0.000,15.300,9.600,37.000,0,0.000,0,0.1142,0
2024-09-13,2024-09-14,9,24.400,12.300,0.000,0.000,0.000,16.200,10.900,38.000,0,0.000,0,0.1142,0
2024-09-14,2024-09-15,9,24.700,12.500,0.000,0.000,0.000,16.500,11.400,33.000,0,0.000,0,0.1142,0
2024-09-15,2024-09-16,9,24.800,12.800,0.000,0.000,0.000,16.100,10.400,29.000,0,0.000,0,0.1142,0
2024-09-16,2024-09-17,9,26.000,14.300,0.000,0.000,0.000,12.100,7.700,29.000,0,0.000,0,0.1142,0
2024-09-17,2024-09-18,9,26.200,12.300,0.000,0.000,0.000,13.600,8.100,34.000,0,0.000,0,0.1142,0
2024-09-18,2024-09-19,9,25.500,10.600,0.000,0.000,0.000,22.500,13.000,37.000,0,0.000,0,0.1142,0
2024-09-19,2024-09-20,9,24.800,12.300,0.000,0.000,0.000,18.700,12.800,40.000,0,0.000,0,0.1142,0
2024-09-20,2024-09-21,9,24.600,12.300,0.000,0.000,0.000,18.800,12.900,37.000,0,0.000,0,0.1142,0
2024-09-21,2024-09-22,9,25.300,13.900,0.000,0.000,0.000,15.300,10.100,34.000,0,0.000,0,0.1142,0
2024-09-22,2024-09-23,9,26.200,13.100,0.000,0.000,0.000,14.400,8.700,32.000,0,0.000,0,0.1142,0
2024-09-23,2024-09-24,9,26.400,13.900,0.000,0.000,0.000,13.400,10.400,32.000,0,0.000,0,0.1142,0
2024-09-24,2024-09-25,9,26.300,12.100,0.000,0.000,0.000,16.600,11.000,33.000,0,0.000,0,0.1142,0
2024-09-25,2024-09-26,9,26.400,12.700,0.000,0.000,0.000,17.700,11.600,30.000,0,0.000,0,0.1142,0
2024-09-26,2024-09-27,9,26.200,13.200,0.000,0.000,0.000,16.800,9.600,30.000,0,0.000,0,0.1142,0
2024-09-27,2024-09-28,9,27.200,13.100,0.000,0.000,0.000,17.900,7.300,27.000,0,0.000,0,0.1142,0
2024-09-28,2024-09-29,9,28.300,13.000,0.000,0.000,0.000,25.300,7.700,29.000,0,0.000,0,0.1142,0
2024-09-29,2024-09-30,9,25.800,11.700,0.000,0.000,0.000,20.300,15.100,43.000,0,0.000,0,0.1142,0
2024-09-30,2024-10-01,9,24.800,10.200,0.000,0.000,0.000,20.100,14.900,37.000,0,0.000,0,0.1142,0
2024-10-01,2024-10-02,10,25.000,12.800,0.000,0.000,0.000,18.200,10.700,33.000,0,0.000,0,0.3140,0
2024-10-02,2024-10-03,10,26.500,12.300,0.000,0.000,0.000,13.200,8.400,31.000,0,0.000,0,0.3140,0
2024-10-03,2024-10-04,10,28.100,13.400,0.000,0.000,0.000,16.300,9.800,26.000,0,0.000,0,0.3140,0
2024-10-04,2024-10-05,10,29.200,12.400,0.000,0.000,0.000,13.500,6.800,24.000,0,0.000,0,0.3140,0
2024-10-05,2024-10-06,10,29.300,11.700,0.000,0.000,0.000,12.600,6.800,26.000,0,0.000,0,0.3140,0
2024-10-06,2024-10-07,10,29.200,11.500,0.000,0.000,0.000,16.300,7.500,28.000,0,0.000,0,0.3140,0
2024-10-07,2024-10-08,10,28.700,10.700,0.000,0.000,0.000,15.500,8.700,33.000,0,1.000,1,0.3140,0
2024-10-08,2024-10-09,10,26.400,10.100,1.000,1.000,2.000,18.700,8.500,51.000,1,0.900,0,0.6514,1
2024-10-09,2024-10-10,10,27.100,11.400,0.900,0.900,3.000,12.800,6.900,49.000,0,8.000,1,0.3140,0
2024-10-10,2024-10-11,10,23.100,7.000,8.000,8.000,8.000,14.500,5.900,75.000,1,0.500,0,0.6514,1
2024-10-11,2024-10-12,10,24.500,10.500,0.500,0.500,2.000,13.200,7.500,65.000,0,2.000,1,0.3140,0
2024-10-12,2024-10-13,10,23.500,7.600,2.000,2.000,7.000,14.500,6.300,71.000,1,2.100,1,0.6514,1
2024-10-13,2024-10-14,10,23.900,10.200,2.100,2.100,4.000,21.900,8.500,69.000,1,3.300,1,0.6514,1
2024-10-14,2024-10-15,10,23.400,10.100,3.300,3.300,3.000,22.800,11.400,73.000,1,7.500,1,0.6514,1
2024-10-15,2024-10-16,10,21.100,5.700,7.500,7.500,11.000,18.200,7.800,83.000,1,10.900,1,0.6514,1
2024-10-16,2024-10-17,10,21.600,8.300,10.900,10.900,14.000,16.300,8.500,80.000,1,8.100,1,0.6514,1
2024-10-17,2024-10-18,10,21.500,9.400,8.100,8.100,10.000,9.100,4.400,82.000,1,0.800,0,0.6514,1
2024-10-18,2024-10-19,10,22.500,7.900,0.800,0.800,6.000,7.700,5.000,74.000,0,0.700,0,0.3140,0
2024-10-19,2024-10-20,10,21.900,6.800,0.700,0.700,3.000,17.700,7.800,80.000,0,0.700,0,0.3140,0
2024-10-20,2024-10-21,10,21.900,6.500,0.700,0.700,4.000,14.900,9.200,80.000,0,1.200,1,0.3140,0
2024-10-21,2024-10-22,10,21.600,6.900,1.200,1.200,6.000,13.300,8.100,83.000,1,7.000,1,0.6514,1
2024-10-22,2024-10-23,10,22.300,8.200,7.000,7.000,8.000,16.200,8.600,79.000,1,1.100,1,0.6514,1
2024-10-23,2024-10-24,10,23.300,10.000,1.100,1.100,4.000,10.800,6.000,75.000,1,2.700,1,0.6514,1
2024-10-24,2024-10-25,10,23.600,9.300,2.700,2.700,4.000,13.000,4.400,75.000,1,3.500,1,0.6514,1
2024-10-25,2024-10-26,10,22.900,7.300,3.500,3.500,9.000,11.500,4.700,81.000,1,11.200,1,0.6514,1
2024-10-26,2024-10-27,10,23.800,9.700,11.200,11.200,5.000,12.500,4.700,72.000,1,0.000,0,0.6514,1
2024-10-27,2024-10-28,10,23.300,6.500,0.000,0.000,0.000,16.500,7.900,75.000,0,3.200,1,0.3140,0
2024-10-28,2024-10-29,10,23.100,7.700,3.200,3.200,2.000,16.500,8.900,75.000,1,7.800,1,0.6514,1
2024-10-29,2024-10-30,10,22.000,8.300,7.800,7.800,13.000,11.400,6.400,78.000,1,6.300,1,0.6514,1
2024-10-30,2024-10-31,10,20.800,3.700,6.300,6.300,13.000,13.000,9.300,86.000,1,1.200,1,0.6514,1
2024-10-31,2024-11-01,10,20.500,5.200,1.200,1.200,3.000,13.100,7.200,82.000,1,5.900,1,0.6514,1
2024-11-01,2024-11-02,11,20.700,7.100,5.900,5.900,12.000,22.200,8.500,83.000,1,2.900,1,0.7682,1
2024-11-02,2024-11-03,11,21.700,7.800,2.900,2.900,7.000,13.200,5.600,83.000,1,2.400,1,0.7682,1
2024-11-03,2024-11-04,11,21.600,7.000,2.400,2.400,9.000,16.700,8.900,84.000,1,31.700,1,0.7682,1
2024-11-04,2024-11-05,11,22.300,9.300,31.700,31.700,11.000,17.000,9.600,80.000,1,56.500,1,0.7682,1
2024-11-05,2024-11-06,11,19.800,2.400,56.500,56.500,21.000,13.300,7.700,91.000,1,4.400,1,0.7682,1
2024-11-06,2024-11-07,11,21.600,8.000,4.400,4.400,12.000,14.100,9.000,80.000,1,12.300,1,0.7682,1
2024-11-07,2024-11-08,11,21.600,7.000,12.300,12.300,15.000,11.300,5.500,84.000,1,3.000,1,0.7682,1
2024-11-08,2024-11-09,11,20.900,6.400,3.000,3.000,4.000,18.800,11.000,85.000,1,1.900,1,0.7682,1
2024-11-09,2024-11-10,11,21.500,6.200,1.900,1.900,8.000,16.300,9.600,84.000,1,4.500,1,0.7682,1
2024-11-10,2024-11-11,11,22.000,9.300,4.500,4.500,8.000,8.300,3.700,78.000,1,2.800,1,0.7682,1
2024-11-11,2024-11-12,11,21.600,7.500,2.800,2.800,11.000,9.400,4.600,84.000,1,2.900,1,0.7682,1
2024-11-12,2024-11-13,11,21.700,8.700,2.900,2.900,6.000,11.800,5.600,83.000,1,16.100,1,0.7682,1
2024-11-13,2024-11-14,11,21.800,6.600,16.100,16.100,15.000,10.300,5.800,84.000,1,16.400,1,0.7682,1
2024-11-14,2024-11-15,11,20.500,4.700,16.400,16.400,23.000,11.700,8.800,90.000,1,12.300,1,0.7682,1
2024-11-15,2024-11-16,11,20.000,2.500,12.300,12.300,24.000,16.600,11.200,90.000,1,8.300,1,0.7682,1
2024-11-16,2024-11-17,11,20.800,7.100,8.300,8.300,11.000,15.100,8.300,85.000,1,8.200,1,0.7682,1
2024-11-17,2024-11-18,11,20.300,3.400,8.200,8.200,9.000,10.900,6.900,88.000,1,3.500,1,0.7682,1
2024-11-18,2024-11-19,11,21.700,7.400,3.500,3.500,7.000,12.200,6.200,82.000,1,23.800,1,0.7682,1
2024-11-19,2024-11-20,11,21.400,9.300,23.800,23.800,10.000,13.300,4.100,86.000,1,3.200,1,0.7682,1
2024-11-20,2024-11-21,11,22.500,9.100,3.200,3.200,6.000,10.800,5.100,82.000,1,5.200,1,0.7682,1
2024-11-21,2024-11-22,11,22.900,8.300,5.200,5.200,8.000,8.800,5.400,80.000,1,8.400,1,0.7682,1
2024-11-22,2024-11-23,11,22.400,7.600,8.400,8.400,9.000,15.200,3.600,84.000,1,11.000,1,0.7682,1
2024-11-23,2024-11-24,11,21.900,7.400,11.000,11.000,12.000,12.400,5.600,84.000,1,6.800,1,0.7682,1
2024-11-24,2024-11-25,11,21.000,6.300,6.800,6.800,16.000,13.800,6.700,86.000,1,2.700,1,0.7682,1
2024-11-25,2024-11-26,11,20.900,6.500,2.700,2.700,17.000,18.300,14.000,83.000,1,3.000,1,0.7682,1
2024-11-26,2024-11-27,11,21.200,7.500,3.000,3.000,10.000,15.600,9.100,83.000,1,3.900,1,0.7682,1
2024-11-27,2024-11-28,11,21.600,7.600,3.900,3.900,14.000,13.000,7.400,84.000,1,17.600,1,0.7682,1
2024-11-28,2024-11-29,11,22.500,8.900,17.600,17.600,8.000,12.400,6.000,79.000,1,0.900,0,0.7682,1
2024-11-29,2024-11-30,11,22.900,9.200,0.900,0.900,4.000,9.600,3.500,81.000,0,0.700,0,0.4308,1
2024-11-30,2024-12-01,11,22.700,6.400,0.700,0.700,5.000,12.600,4.200,82.000,0,14.500,1,0.4308,1
2024-12-01,2024-12-02,12,22.600,6.100,14.500,14.500,20.000,8.600,3.700,83.000,1,6.900,1,0.8046,1
2024-12-02,2024-12-03,12,22.000,6.400,6.900,6.900,7.000,10.100,6.200,83.000,1,1.800,1,0.8046,1
2024-12-03,2024-12-04,12,22.400,8.100,1.800,1.800,5.000,9.200,4.800,81.000,1,3.100,1,0.8046,1
2024-12-04,2024-12-05,12,22.700,7.500,3.100,3.100,5.000,9.500,4.400,80.000,1,0.700,0,0.8046,1
2024-12-05,2024-12-06,12,22.900,7.000,0.700,0.700,7.000,12.700,6.100,78.000,0,0.000,0,0.4673,1
2024-12-06,2024-12-07,12,23.500,8.600,0.000,0.000,0.000,12.000,7.000,63.000,0,0.000,0,0.4673,1
2024-12-07,2024-12-08,12,23.900,9.800,0.000,0.000,0.000,12.500,6.800,59.000,0,0.200,0,0.4673,1
2024-12-08,2024-12-09,12,24.400,9.000,0.200,0.200,2.000,8.600,6.000,60.000,0,1.600,1,0.4673,1
2024-12-09,2024-12-10,12,24.200,10.200,1.600,1.600,4.000,6.500,3.300,68.000,1,5.200,1,0.8046,1
2024-12-10,2024-12-11,12,23.700,8.500,5.200,5.200,8.000,10.700,5.100,72.000,1,7.300,1,0.8046,1
2024-12-11,2024-12-12,12,23.100,8.700,7.300,7.300,7.000,11.800,4.700,80.000,1,10.800,1,0.8046,1
2024-12-12,2024-12-13,12,22.200,5.900,10.800,10.800,8.000,12.800,3.700,82.000,1,0.300,0,0.8046,1
2024-12-13,2024-12-14,12,23.500,8.600,0.300,0.300,2.000,10.700,5.100,71.000,0,5.300,1,0.4673,1
2024-12-14,2024-12-15,12,22.700,8.000,5.300,5.300,5.000,13.000,7.300,76.000,1,6.600,1,0.8046,1
2024-12-15,2024-12-16,12,21.600,7.000,6.600,6.600,16.000,14.600,6.200,84.000,1,13.100,1,0.8046,1
2024-12-16,2024-12-17,12,21.500,7.200,13.100,13.100,10.000,13.800,3.800,83.000,1,14.400,1,0.8046,1
2024-12-17,2024-12-18,12,22.400,6.000,14.400,14.400,16.000,13.600,3.400,80.000,1,1.600,1,0.8046,1
2024-12-18,2024-12-19,12,22.200,6.400,1.600,1.600,4.000,7.000,3.600,79.000,1,1.100,1,0.8046,1
2024-12-19,2024-12-20,12,22.700,7.600,1.100,1.100,9.000,11.800,3.900,79.000,1,1.900,1,0.8046,1
2024-12-20,2024-12-21,12,23.100,8.300,1.900,1.900,5.000,14.700,5.300,78.000,1,2.600,1,0.8046,1
2024-12-21,2024-12-22,12,22.400,6.000,2.600,2.600,4.000,10.500,6.000,81.000,1,6.000,1,0.8046,1
2024-12-22,2024-12-23,12,21.800,6.300,6.000,6.000,9.000,8.400,3.500,83.000,1,24.600,1,0.8046,1
2024-12-23,2024-12-24,12,22.200,7.400,24.600,24.600,10.000,10.800,3.400,83.000,1,4.400,1,0.8046,1
2024-12-24,2024-12-25,12,22.300,6.000,4.400,4.400,14.000,11.200,5.500,82.000,1,7.100,1,0.8046,1
2024-12-25,2024-12-26,12,21.600,5.100,7.100,7.100,17.000,14.900,6.800,86.000,1,9.400,1,0.8046,1
2024-12-26,2024-12-27,12,21.000,4.800,9.400,9.400,22.000,17.400,11.200,89.000,1,2.500,1,0.8046,1
2024-12-27,2024-12-28,12,21.700,5.800,2.500,2.500,9.000,12.300,7.000,83.000,1,4.200,1,0.8046,1
2024-12-28,2024-12-29,12,21.600,5.600,4.200,4.200,17.000,8.200,4.900,84.000,1,20.800,1,0.8046,1
2024-12-29,2024-12-30,12,22.000,6.900,20.800,20.800,15.000,10.800,4.300,81.000,1,6.100,1,0.8046,1
2024-12-30,2024-12-31,12,21.300,5.800,6.100,6.100,15.000,13.000,4.900,86.000,1,11.200,1,0.8046,1
2024-12-31,2025-01-01,12,21.400,7.000,11.200,11.200,8.000,10.800,4.500,83.000,1,9.100,1,0.8046,1
2025-01-01,2025-01-02,1,21.600,7.200,9.100,9.100,15.000,10.300,4.600,86.000,1,11.700,1,0.7321,1
2025-01-02,2025-01-03,1,21.800,7.600,11.700,11.700,11.000,13.500,6.500,81.000,1,0.000,0,0.7321,1
2025-01-03,2025-01-04,1,22.500,8.700,0.000,0.000,0.000,12.500,6.600,76.000,0,0.700,0,0.3947,0
2025-01-04,2025-01-05,1,23.100,9.200,0.700,0.700,3.000,11.900,4.600,76.000,0,3.400,1,0.3947,0
2025-01-05,2025-01-06,1,22.800,8.600,3.400,3.400,6.000,13.900,4.800,78.000,1,0.800,0,0.7321,1
2025-01-06,2025-01-07,1,22.100,5.200,0.800,0.800,5.000,14.100,5.400,82.000,0,2.700,1,0.3947,0
2025-01-07,2025-01-08,1,22.600,7.500,2.700,2.700,5.000,15.000,7.400,79.000,1,23.100,1,0.7321,1
2025-01-08,2025-01-09,1,21.700,5.100,23.100,23.100,16.000,13.400,7.700,87.000,1,11.100,1,0.7321,1
2025-01-09,2025-01-10,1,20.400,3.900,11.100,11.100,16.000,21.400,11.300,90.000,1,4.700,1,0.7321,1
2025-01-10,2025-01-11,1,21.600,6.400,4.700,4.700,12.000,13.000,8.600,84.000,1,1.600,1,0.7321,1
2025-01-11,2025-01-12,1,22.600,8.500,1.600,1.600,8.000,12.200,8.300,80.000,1,9.300,1,0.7321,1
2025-01-12,2025-01-13,1,22.200,7.800,9.300,9.300,14.000,9.200,5.800,84.000,1,6.500,1,0.7321,1
2025-01-13,2025-01-14,1,20.900,3.600,6.500,6.500,14.000,21.200,11.200,89.000,1,21.800,1,0.7321,1
2025-01-14,2025-01-15,1,20.300,4.200,21.800,21.800,19.000,14.000,9.700,91.000,1,4.600,1,0.7321,1
2025-01-15,2025-01-16,1,20.900,3.900,4.600,4.600,14.000,19.000,13.700,87.000,1,11.500,1,0.7321,1
2025-01-16,2025-01-17,1,20.400,3.300,11.500,11.500,17.000,23.000,15.100,90.000,1,2.800,1,0.7321,1
2025-01-17,2025-01-18,1,21.500,6.800,2.800,2.800,12.000,17.200,12.000,84.000,1,1.600,1,0.7321,1
2025-01-18,2025-01-19,1,22.300,8.600,1.600,1.600,7.000,11.200,6.200,77.000,1,3.100,1,0.7321,1
2025-01-19,2025-01-20,1,21.600,8.300,3.100,3.100,10.000,10.400,5.100,81.000,1,0.100,0,0.7321,1
2025-01-20,2025-01-21,1,22.100,9.000,0.100,0.100,1.000,9.800,3.600,77.000,0,2.300,1,0.3947,0
2025-01-21,2025-01-22,1,21.800,7.900,2.300,2.300,6.000,11.100,4.500,81.000,1,7.900,1,0.7321,1
2025-01-22,2025-01-23,1,22.700,8.400,7.900,7.900,5.000,12.200,5.900,80.000,1,0.300,0,0.7321,1
2025-01-23,2025-01-24,1,22.500,9.100,0.300,0.300,2.000,10.400,6.100,78.000,0,0.700,0,0.3947,0
2025-01-24,2025-01-25,1,22.800,9.300,0.700,0.700,4.000,15.200,9.200,75.000,0,0.700,0,0.3947,0
2025-01-25,2025-01-26,1,23.500,8.100,0.700,0.700,6.000,11.300,6.600,70.000,0,0.400,0,0.3947,0
2025-01-26,2025-01-27,1,23.400,9.500,0.400,0.400,4.000,9.700,6.200,71.000,0,0.900,0,0.3947,0
2025-01-27,2025-01-28,1,23.000,8.100,0.900,0.900,5.000,10.200,3.900,76.000,0,1.500,1,0.3947,0
2025-01-28,2025-01-29,1,23.300,8.400,1.500,1.500,3.000,10.300,3.300,76.000,1,4.500,1,0.7321,1
2025-01-29,2025-01-30,1,22.400,6.900,4.500,4.500,5.000,9.800,3.300,81.000,1,2.200,1,0.7321,1
2025-01-30,2025-01-31,1,21.000,3.900,2.200,2.200,11.000,10.600,6.600,87.000,1,4.400,1,0.7321,1
2025-01-31,2025-02-01,1,21.400,5.400,4.400,4.400,11.000,20.400,10.400,85.000,1,12.700,1,0.7321,1
2025-02-01,2025-02-02,2,21.000,6.600,12.700,12.700,17.000,13.100,10.100,87.000,1,7.200,1,0.7292,1
2025-02-02,2025-02-03,2,20.700,4.100,7.200,7.200,22.000,15.700,9.700,88.000,1,2.600,1,0.7292,1
2025-02-03,2025-02-04,2,21.400,7.100,2.600,2.600,14.000,11.500,6.200,83.000,1,2.500,1,0.7292,1
2025-02-04,2025-02-05,2,22.000,7.600,2.500,2.500,10.000,12.700,6.400,80.000,1,0.300,0,0.7292,1
2025-02-05,2025-02-06,2,22.200,8.100,0.300,0.300,3.000,14.800,6.100,74.000,0,0.000,0,0.3919,0
2025-02-06,2025-02-07,2,22.900,8.600,0.000,0.000,0.000,11.800,7.100,64.000,0,0.100,0,0.3919,0
2025-02-07,2025-02-08,2,23.000,9.400,0.100,0.100,1.000,15.000,9.300,62.000,0,6.200,1,0.3919,0
2025-02-08,2025-02-09,2,22.400,9.100,6.200,6.200,3.000,19.400,11.100,71.000,1,0.100,0,0.7292,1
2025-02-09,2025-02-10,2,22.000,7.000,0.100,0.100,1.000,16.300,11.700,71.000,0,3.400,1,0.3919,0
2025-02-10,2025-02-11,2,22.300,8.500,3.400,3.400,7.000,16.600,9.300,74.000,1,18.000,1,0.7292,1
2025-02-11,2025-02-12,2,21.600,8.900,18.000,18.000,6.000,13.200,7.700,79.000,1,0.400,0,0.7292,1
2025-02-12,2025-02-13,2,22.200,8.000,0.400,0.400,4.000,13.300,7.200,74.000,0,0.100,0,0.3919,0
2025-02-13,2025-02-14,2,23.200,8.700,0.100,0.100,1.000,12.500,6.400,69.000,0,0.000,0,0.3919,0
2025-02-14,2025-02-15,2,23.600,9.700,0.000,0.000,0.000,8.300,4.300,66.000,0,0.600,0,0.3919,0
2025-02-15,2025-02-16,2,23.800,8.500,0.600,0.600,5.000,13.700,6.800,69.000,0,4.800,1,0.3919,0
2025-02-16,2025-02-17,2,22.800,8.700,4.800,4.800,9.000,14.500,5.600,75.000,1,0.300,0,0.7292,1
2025-02-17,2025-02-18,2,23.800,9.300,0.300,0.300,3.000,14.000,7.000,66.000,0,0.000,0,0.3919,0
2025-02-18,2025-02-19,2,25.500,11.400,0.000,0.000,0.000,13.900,7.000,48.000,0,0.000,0,0.3919,0
2025-02-19,2025-02-20,2,25.900,12.600,0.000,0.000,0.000,15.500,9.000,48.000,0,0.000,0,0.3919,0
2025-02-20,2025-02-21,2,25.500,11.300,0.000,0.000,0.000,18.300,10.100,46.000,0,0.000,0,0.3919,0
2025-02-21,2025-02-22,2,25.500,11.800,0.000,0.000,0.000,16.300,10.400,49.000,0,0.100,0,0.3919,0
2025-02-22,2025-02-23,2,24.900,8.600,0.100,0.100,1.000,14.100,8.300,54.000,0,1.100,1,0.3919,0
2025-02-23,2025-02-24,2,24.500,8.900,1.100,1.100,5.000,13.200,7.200,59.000,1,3.400,1,0.7292,1
2025-02-24,2025-02-25,2,23.100,8.300,3.400,3.400,5.000,13.900,6.200,70.000,1,0.500,0,0.7292,1
2025-02-25,2025-02-26,2,23.000,7.600,0.500,0.500,4.000,16.900,9.100,74.000,0,1.600,1,0.3919,0
2025-02-26,2025-02-27,2,22.500,6.900,1.600,1.600,2.000,18.500,9.700,73.000,1,0.100,0,0.7292,1
2025-02-27,2025-02-28,2,23.300,8.600,0.100,0.100,1.000,15.100,7.900,68.000,0,0.300,0,0.3919,0
2025-02-28,2025-03-01,2,22.800,8.600,0.300,0.300,2.000,17.000,10.700,66.000,0,0.900,0,0.3919,0
2025-03-01,2025-03-02,3,22.600,7.200,0.900,0.900,4.000,22.300,15.800,66.000,0,1.000,1,0.3100,0
2025-03-02,2025-03-03,3,21.700,6.200,1.000,1.000,5.000,19.400,13.900,72.000,1,0.300,0,0.6474,1
2025-03-03,2025-03-04,3,23.100,9.000,0.300,0.300,2.000,17.900,12.400,65.000,0,2.700,1,0.3100,0
2025-03-04,2025-03-05,3,23.200,8.900,2.700,2.700,5.000,18.500,12.600,63.000,1,1.200,1,0.6474,1
2025-03-05,2025-03-06,3,22.700,8.500,1.200,1.200,7.000,21.200,14.800,62.000,1,1.000,1,0.6474,1
2025-03-06,2025-03-07,3,22.400,8.200,1.000,1.000,5.000,19.900,14.200,69.000,1,0.000,0,0.6474,1
2025-03-07,2025-03-08,3,23.300,10.500,0.000,0.000,0.000,20.400,13.200,60.000,0,0.000,0,0.3100,0
2025-03-08,2025-03-09,3,24.100,11.800,0.000,0.000,0.000,13.400,8.800,57.000,0,0.000,0,0.3100,0
2025-03-09,2025-03-10,3,25.000,10.400,0.000,0.000,0.000,14.400,6.000,50.000,0,0.000,0,0.3100,0
2025-03-10,2025-03-11,3,26.200,13.500,0.000,0.000,0.000,14.400,5.800,42.000,0,0.000,0,0.3100,0
2025-03-11,2025-03-12,3,26.300,11.100,0.000,0.000,0.000,9.600,5.500,46.000,0,1.300,1,0.3100,0
2025-03-12,2025-03-13,3,24.500,9.600,1.300,1.300,3.000,12.700,5.400,63.000,1,3.900,1,0.6474,1
2025-03-13,2025-03-14,3,23.800,8.200,3.900,3.900,3.000,12.200,5.300,71.000,1,5.100,1,0.6474,1
2025-03-14,2025-03-15,3,24.400,9.400,5.100,5.100,4.000,12.400,6.400,67.000,1,0.200,0,0.6474,1
2025-03-15,2025-03-16,3,24.300,9.400,0.200,0.200,2.000,11.200,6.400,70.000,0,0.200,0,0.3100,0
2025-03-16,2025-03-17,3,25.700,12.600,0.200,0.200,2.000,13.400,8.000,60.000,0,0.000,0,0.3100,0
2025-03-17,2025-03-18,3,25.300,10.400,0.000,0.000,0.000,11.000,5.400,55.000,0,0.300,0,0.3100,0
2025-03-18,2025-03-19,3,24.900,8.700,0.300,0.300,2.000,14.300,7.000,61.000,0,5.200,1,0.3100,0
2025-03-19,2025-03-20,3,24.400,10.500,5.200,5.200,7.000,12.300,6.600,65.000,1,23.600,1,0.6474,1
2025-03-20,2025-03-21,3,23.200,11.500,23.600,23.600,9.000,11.000,6.800,73.000,1,5.700,1,0.6474,1
2025-03-21,2025-03-22,3,22.800,8.700,5.700,5.700,6.000,14.000,6.700,73.000,1,0.600,0,0.6474,1
2025-03-22,2025-03-23,3,22.600,8.300,0.600,0.600,5.000,9.800,5.300,78.000,0,25.500,1,0.3100,0
2025-03-23,2025-03-24,3,22.000,8.300,25.500,25.500,12.000,10.400,6.300,81.000,1,4.100,1,0.6474,1
2025-03-24,2025-03-25,3,22.000,6.300,4.100,4.100,7.000,11.100,4.200,82.000,1,1.800,1,0.6474,1
2025-03-25,2025-03-26,3,22.200,6.000,1.800,1.800,7.000,10.400,3.900,82.000,1,16.200,1,0.6474,1
2025-03-26,2025-03-27,3,21.700,7.400,16.200,16.200,11.000,11.900,3.600,85.000,1,2.600,1,0.6474,1
2025-03-27,2025-03-28,3,21.900,7.600,2.600,2.600,9.000,12.200,5.700,84.000,1,3.900,1,0.6474,1
2025-03-28,2025-03-29,3,21.600,7.500,3.900,3.900,8.000,12.200,6.200,85.000,1,0.400,0,0.6474,1
2025-03-29,2025-03-30,3,22.800,8.300,0.400,0.400,3.000,13.800,6.700,77.000,0,0.500,0,0.3100,0
2025-03-30,2025-03-31,3,23.100,7.800,0.500,0.500,3.000,14.500,7.400,70.000,0,0.100,0,0.3100,0
2025-03-31,2025-04-01,3,23.700,9.100,0.100,0.100,1.000,10.900,6.500,65.000,0,0.000,0,0.3100,0
2025-04-01,2025-04-02,4,24.200,9.400,0.000,0.000,0.000,13.900,8.500,64.000,0,0.000,0,0.2267,0
2025-04-02,2025-04-03,4,24.400,10.200,0.000,0.000,0.000,17.300,9.200,61.000,0,0.400,0,0.2267,0
2025-04-03,2025-04-04,4,24.500,10.400,0.400,0.400,3.000,9.600,5.800,61.000,0,1.600,1,0.2267,0
2025-04-04,2025-04-05,4,23.800,7.000,1.600,1.600,4.000,19.100,8.400,66.000,1,2.200,1,0.5641,1
2025-04-05,2025-04-06,4,22.900,7.900,2.200,2.200,8.000,14.300,9.300,76.000,1,0.400,0,0.5641,1
2025-04-06,2025-04-07,4,22.800,9.200,0.400,0.400,3.000,22.500,14.900,70.000,0,0.700,0,0.2267,0
2025-04-07,2025-04-08,4,21.700,8.100,0.700,0.700,6.000,24.000,15.900,72.000,0,0.200,0,0.2267,0
2025-04-08,2025-04-09,4,21.800,8.500,0.200,0.200,2.000,18.100,9.900,74.000,0,1.100,1,0.2267,0
2025-04-09,2025-04-10,4,23.100,9.300,1.100,1.100,4.000,11.400,5.300,71.000,1,10.700,1,0.5641,1
2025-04-10,2025-04-11,4,22.100,7.400,10.700,10.700,16.000,10.000,4.600,82.000,1,0.400,0,0.5641,1
2025-04-11,2025-04-12,4,22.800,8.300,0.400,0.400,2.000,11.600,5.800,76.000,0,1.800,1,0.2267,0
2025-04-12,2025-04-13,4,22.700,9.700,1.800,1.800,3.000,13.500,7.100,70.000,1,0.800,0,0.5641,1
2025-04-13,2025-04-14,4,22.900,5.700,0.800,0.800,4.000,8.200,4.500,73.000,0,18.800,1,0.2267,0
2025-04-14,2025-04-15,4,21.700,7.000,18.800,18.800,11.000,11.400,4.600,83.000,1,15.800,1,0.5641,1
2025-04-15,2025-04-16,4,21.500,6.500,15.800,15.800,16.000,12.200,5.200,87.000,1,0.500,0,0.5641,1
2025-04-16,2025-04-17,4,22.000,6.500,0.500,0.500,4.000,11.300,6.400,83.000,0,1.600,1,0.2267,0
2025-04-17,2025-04-18,4,22.600,8.000,1.600,1.600,6.000,6.600,3.200,80.000,1,9.500,1,0.5641,1
2025-04-18,2025-04-19,4,21.800,8.100,9.500,9.500,10.000,11.800,5.400,86.000,1,0.300,0,0.5641,1
2025-04-19,2025-04-20,4,22.400,8.600,0.300,0.300,2.000,11.200,4.400,83.000,0,0.900,0,0.2267,0
2025-04-20,2025-04-21,4,22.600,7.400,0.900,0.900,6.000,8.600,4.700,80.000,0,0.500,0,0.2267,0
2025-04-21,2025-04-22,4,23.100,7.600,0.500,0.500,4.000,9.600,5.100,75.000,0,1.100,1,0.2267,0
2025-04-22,2025-04-23,4,22.900,7.000,1.100,1.100,6.000,13.100,7.100,78.000,1,0.800,0,0.5641,1
2025-04-23,2025-04-24,4,22.700,7.400,0.800,0.800,5.000,12.600,6.400,78.000,0,0.800,0,0.2267,0
2025-04-24,2025-04-25,4,23.100,8.100,0.800,0.800,6.000,10.300,6.300,71.000,0,1.400,1,0.2267,0
2025-04-25,2025-04-26,4,22.600,9.300,1.400,1.400,4.000,9.800,4.000,77.000,1,2.900,1,0.5641,1
2025-04-26,2025-04-27,4,22.900,8.200,2.900,2.900,4.000,6.900,2.900,78.000,1,9.800,1,0.5641,1
2025-04-27,2025-04-28,4,22.000,7.100,9.800,9.800,8.000,12.000,3.800,85.000,1,12.300,1,0.5641,1
2025-04-28,2025-04-29,4,21.700,7.600,12.300,12.300,9.000,10.200,4.800,85.000,1,7.500,1,0.5641,1
2025-04-29,2025-04-30,4,21.600,8.000,7.500,7.500,8.000,10.400,3.900,83.000,1,6.400,1,0.5641,1
2025-04-30,2025-05-01,4,21.100,7.600,6.400,6.400,11.000,10.800,6.100,86.000,1,0.800,0,0.5641,1
2025-05-01,2025-05-02,5,20.900,5.900,0.800,0.800,8.000,16.100,11.100,86.000,0,1.500,1,0.0721,0
2025-05-02,2025-05-03,5,20.700,6.700,1.500,1.500,8.000,16.000,11.600,82.000,1,0.000,0,0.4095,0
2025-05-03,2025-05-04,5,20.400,7.400,0.000,0.000,0.000,13.700,10.100,78.000,0,0.000,0,0.0721,0
2025-05-04,2025-05-05,5,20.000,8.800,0.000,0.000,0.000,13.300,9.500,70.000,0,0.000,0,0.0721,0
2025-05-05,2025-05-06,5,20.300,10.400,0.000,0.000,0.000,11.900,7.700,68.000,0,0.900,0,0.0721,0
2025-05-06,2025-05-07,5,21.600,10.500,0.900,0.900,4.000,11.200,7.100,69.000,0,0.700,0,0.0721,0
2025-05-07,2025-05-08,5,21.900,8.600,0.700,0.700,4.000,11.100,8.000,71.000,0,0.000,0,0.0721,0
2025-05-08,2025-05-09,5,22.000,9.000,0.000,0.000,0.000,13.200,9.400,67.000,0,0.200,0,0.0721,0
2025-05-09,2025-05-10,5,22.000,10.000,0.200,0.200,2.000,16.200,8.500,67.000,0,0.000,0,0.0721,0
2025-05-10,2025-05-11,5,22.600,8.900,0.000,0.000,0.000,9.900,5.600,67.000,0,0.700,0,0.0721,0
2025-05-11,2025-05-12,5,22.700,8.700,0.700,0.700,5.000,13.800,8.800,68.000,0,0.300,0,0.0721,0
2025-05-12,2025-05-13,5,21.900,7.300,0.300,0.300,3.000,18.000,12.300,65.000,0,0.000,0,0.0721,0
2025-05-13,2025-05-14,5,19.800,7.400,0.000,0.000,0.000,20.500,14.400,72.000,0,0.600,0,0.0721,0
2025-05-14,2025-05-15,5,18.800,7.300,0.600,0.600,5.000,20.700,14.100,77.000,0,0.200,0,0.0721,0
2025-05-15,2025-05-16,5,18.600,6.900,0.200,0.200,2.000,22.500,14.400,76.000,0,0.600,0,0.0721,0
2025-05-16,2025-05-17,5,18.600,7.400,0.600,0.600,4.000,21.300,16.100,75.000,0,0.900,0,0.0721,0
2025-05-17,2025-05-18,5,18.700,5.400,0.900,0.900,6.000,22.700,15.200,80.000,0,0.000,0,0.0721,0
2025-05-18,2025-05-19,5,18.600,8.000,0.000,0.000,0.000,21.100,13.500,73.000,0,0.000,0,0.0721,0
2025-05-19,2025-05-20,5,18.900,8.900,0.000,0.000,0.000,14.400,11.700,71.000,0,0.000,0,0.0721,0
2025-05-20,2025-05-21,5,19.000,9.500,0.000,0.000,0.000,10.800,8.100,66.000,0,0.000,0,0.0721,0
2025-05-21,2025-05-22,5,19.400,10.600,0.000,0.000,0.000,12.200,7.300,66.000,0,0.300,0,0.0721,0
2025-05-22,2025-05-23,5,20.200,9.600,0.300,0.300,3.000,12.100,6.200,69.000,0,0.000,0,0.0721,0
2025-05-23,2025-05-24,5,20.500,8.400,0.000,0.000,0.000,10.400,5.700,70.000,0,0.000,0,0.0721,0
2025-05-24,2025-05-25,5,21.200,8.500,0.000,0.000,0.000,13.100,8.400,64.000,0,0.000,0,0.0721,0
2025-05-25,2025-05-26,5,20.400,8.500,0.000,0.000,0.000,15.500,10.500,62.000,0,0.000,0,0.0721,0
2025-05-26,2025-05-27,5,19.800,9.900,0.000,0.000,0.000,13.200,10.200,61.000,0,0.000,0,0.0721,0
2025-05-27,2025-05-28,5,20.500,10.700,0.000,0.000,0.000,14.200,8.200,59.000,0,0.000,0,0.0721,0
2025-05-28,2025-05-29,5,21.400,10.300,0.000,0.000,0.000,10.700,6.700,60.000,0,0.000,0,0.0721,0
2025-05-29,2025-05-30,5,20.600,10.900,0.000,0.000,0.000,12.000,6.200,65.000,0,0.000,0,0.0721,0
2025-05-30,2025-05-31,5,19.800,11.500,0.000,0.000,0.000,9.200,6.700,70.000,0,0.100,0,0.0721,0
2025-05-31,2025-06-01,5,21.500,9.800,0.100,0.100,1.000,13.500,7.900,65.000,0,0.700,0,0.0721,0
2025-06-01,2025-06-02,6,21.000,7.500,0.700,0.700,3.000,15.200,9.800,72.000,0,0.200,0,0.0725,0
2025-06-02,2025-06-03,6,20.900,7.500,0.200,0.200,2.000,18.200,12.300,70.000,0,0.200,0,0.0725,0
2025-06-03,2025-06-04,6,20.500,8.000,0.200,0.200,2.000,17.100,11.300,73.000,0,0.000,0,0.0725,0
2025-06-04,2025-06-05,6,20.500,9.000,0.000,0.000,0.000,13.500,9.300,70.000,0,0.000,0,0.0725,0
2025-06-05,2025-06-06,6,20.900,9.200,0.000,0.000,0.000,14.100,8.300,67.000,0,0.000,0,0.0725,0
2025-06-06,2025-06-07,6,21.500,10.200,0.000,0.000,0.000,11.400,5.700,61.000,0,0.000,0,0.0725,0
2025-06-07,2025-06-08,6,21.700,10.900,0.000,0.000,0.000,11.700,6.700,56.000,0,0.000,0,0.0725,0
2025-06-08,2025-06-09,6,22.100,11.400,0.000,0.000,0.000,12.900,6.900,47.000,0,0.000,0,0.0725,0
2025-06-09,2025-06-10,6,22.200,10.900,0.000,0.000,0.000,14.800,7.800,45.000,0,0.300,0,0.0725,0
2025-06-10,2025-06-11,6,21.100,10.100,0.300,0.300,3.000,8.800,4.800,63.000,0,0.000,0,0.0725,0
2025-06-11,2025-06-12,6,21.200,11.600,0.000,0.000,0.000,13.800,8.700,62.000,0,0.000,0,0.0725,0
2025-06-12,2025-06-13,6,20.000,9.600,0.000,0.000,0.000,11.800,8.800,62.000,0,1.100,1,0.0725,0
2025-06-13,2025-06-14,6,19.300,8.000,1.100,1.100,5.000,17.900,13.100,70.000,1,0.000,0,0.4099,0
2025-06-14,2025-06-15,6,18.300,10.000,0.000,0.000,0.000,16.700,13.100,66.000,0,0.000,0,0.0725,0
2025-06-15,2025-06-16,6,18.200,11.400,0.000,0.000,0.000,11.100,9.400,61.000,0,0.000,0,0.0725,0
2025-06-16,2025-06-17,6,18.800,10.700,0.000,0.000,0.000,14.700,10.800,56.000,0,0.000,0,0.0725,0
2025-06-17,2025-06-18,6,18.800,12.000,0.000,0.000,0.000,15.700,10.600,60.000,0,0.000,0,0.0725,0
2025-06-18,2025-06-19,6,19.700,10.600,0.000,0.000,0.000,14.700,10.000,62.000,0,0.400,0,0.0725,0
2025-06-19,2025-06-20,6,19.700,8.300,0.400,0.400,3.000,18.500,10.200,62.000,0,0.000,0,0.0725,0
2025-06-20,2025-06-21,6,19.800,9.100,0.000,0.000,0.000,13.500,5.900,53.000,0,0.000,0,0.0725,0
2025-06-21,2025-06-22,6,21.000,11.400,0.000,0.000,0.000,8.800,4.300,48.000,0,0.000,0,0.0725,0
2025-06-22,2025-06-23,6,21.400,12.500,0.000,0.000,0.000,7.600,4.000,51.000,0,0.000,0,0.0725,0
2025-06-23,2025-06-24,6,22.600,12.000,0.000,0.000,0.000,9.300,4.000,47.000,0,0.200,0,0.0725,0
2025-06-24,2025-06-25,6,20.500,8.900,0.200,0.200,2.000,16.200,7.700,67.000,0,0.100,0,0.0725,0
2025-06-25,2025-06-26,6,19.600,10.800,0.100,0.100,1.000,14.200,11.100,72.000,0,0.000,0,0.0725,0
2025-06-26,2025-06-27,6,20.300,9.600,0.000,0.000,0.000,15.300,11.500,62.000,0,0.000,0,0.0725,0
2025-06-27,2025-06-28,6,20.500,10.700,0.000,0.000,0.000,12.600,8.500,58.000,0,0.000,0,0.0725,0
2025-06-28,2025-06-29,6,20.300,10.700,0.000,0.000,0.000,17.300,11.600,55.000,0,0.000,0,0.0725,0
2025-06-29,2025-06-30,6,21.200,12.100,0.000,0.000,0.000,9.800,6.400,53.000,0,0.000,0,0.0725,0
2025-06-30,2025-07-01,6,21.000,9.900,0.000,0.000,0.000,15.500,9.600,52.000,0,0.000,0,0.0725,0
2025-07-01,2025-07-02,7,20.400,10.500,0.000,0.000,0.000,14.700,9.300,47.000,0,0.000,0,0.0600,0
2025-07-02,2025-07-03,7,20.200,10.800,0.000,0.000,0.000,14.900,11.300,49.000,0,0.000,0,0.0600,0
2025-07-03,2025-07-04,7,19.300,10.000,0.000,0.000,0.000,17.700,12.900,51.000,0,0.000,0,0.0600,0
2025-07-04,2025-07-05,7,18.800,9.800,0.000,0.000,0.000,16.800,12.400,55.000,0,0.000,0,0.0600,0
2025-07-05,2025-07-06,7,18.700,10.000,0.000,0.000,0.000,14.800,9.800,55.000,0,0.000,0,0.0600,0
2025-07-06,2025-07-07,7,19.100,10.500,0.000,0.000,0.000,11.000,7.200,53.000,0,0.000,0,0.0600,0
2025-07-07,2025-07-08,7,19.600,11.100,0.000,0.000,0.000,11.800,8.500,46.000,0,0.000,0,0.0600,0
2025-07-08,2025-07-09,7,19.600,10.700,0.000,0.000,0.000,12.100,8.600,48.000,0,0.000,0,0.0600,0
2025-07-09,2025-07-10,7,19.600,10.600,0.000,0.000,0.000,13.400,9.400,45.000,0,0.000,0,0.0600,0
2025-07-10,2025-07-11,7,19.100,10.600,0.000,0.000,0.000,16.200,11.900,46.000,0,0.200,0,0.0600,0
2025-07-11,2025-07-12,7,18.500,9.100,0.200,0.200,2.000,18.800,11.700,53.000,0,1.000,1,0.0600,0
2025-07-12,2025-07-13,7,18.500,9.900,1.000,1.000,3.000,19.800,12.200,57.000,1,0.200,0,0.3974,0
2025-07-13,2025-07-14,7,18.400,9.500,0.200,0.200,1.000,18.000,11.600,58.000,0,0.000,0,0.0600,0
2025-07-14,2025-07-15,7,18.600,8.600,0.000,0.000,0.000,13.600,9.300,54.000,0,0.000,0,0.0600,0
2025-07-15,2025-07-16,7,18.900,10.200,0.000,0.000,0.000,15.000,9.700,49.000,0,0.000,0,0.0600,0
2025-07-16,2025-07-17,7,19.700,11.200,0.000,0.000,0.000,12.600,7.900,47.000,0,0.000,0,0.0600,0
2025-07-17,2025-07-18,7,19.500,10.900,0.000,0.000,0.000,11.400,7.300,48.000,0,0.000,0,0.0600,0
2025-07-18,2025-07-19,7,20.100,11.400,0.000,0.000,0.000,8.500,5.000,43.000,0,0.000,0,0.0600,0
2025-07-19,2025-07-20,7,20.700,11.800,0.000,0.000,0.000,10.600,5.600,41.000,0,0.000,0,0.0600,0
2025-07-20,2025-07-21,7,21.100,11.100,0.000,0.000,0.000,10.500,5.400,40.000,0,0.000,0,0.0600,0
2025-07-21,2025-07-22,7,21.300,10.900,0.000,0.000,0.000,12.600,8.400,46.000,0,0.000,0,0.0600,0
2025-07-22,2025-07-23,7,21.900,10.500,0.000,0.000,0.000,9.800,7.400,45.000,0,0.000,0,0.0600,0
2025-07-23,2025-07-24,7,22.000,11.000,0.000,0.000,0.000,10.800,6.500,44.000,0,0.000,0,0.0600,0
2025-07-24,2025-07-25,7,22.200,10.700,0.000,0.000,0.000,12.800,7.200,40.000,0,0.000,0,0.0600,0
2025-07-25,2025-07-26,7,22.300,10.900,0.000,0.000,0.000,10.500,8.000,43.000,0,0.000,0,0.0600,0
2025-07-26,2025-07-27,7,22.400,10.600,0.000,0.000,0.000,10.000,8.300,41.000,0,0.000,0,0.0600,0
2025-07-27,2025-07-28,7,22.200,10.400,0.000,0.000,0.000,14.400,9.100,40.000,0,0.000,0,0.0600,0
2025-07-28,2025-07-29,7,23.000,12.700,0.000,0.000,0.000,12.700,6.700,39.000,0,0.000,0,0.0600,0
2025-07-29,2025-07-30,7,22.600,12.400,0.000,0.000,0.000,15.900,7.500,45.000,0,0.000,0,0.0600,0
2025-07-30,2025-07-31,7,21.600,13.500,0.000,0.000,0.000,11.400,8.100,45.000,0,0.000,0,0.0600,0
2025-07-31,2025-08-01,7,21.900,11.100,0.000,0.000,0.000,14.600,11.100,39.000,0,0.000,0,0.0600,0
2025-08-01,2025-08-02,8,21.600,11.500,0.000,0.000,0.000,13.600,11.700,54.000,0,0.000,0,0.0802,0
2025-08-02,2025-08-03,8,20.600,11.600,0.000,0.000,0.000,14.800,11.300,45.000,0,0.000,0,0.0802,0
2025-08-03,2025-08-04,8,19.500,12.200,0.000,0.000,0.000,14.200,10.500,41.000,0,0.000,0,0.0802,0
2025-08-04,2025-08-05,8,21.100,12.600,0.000,0.000,0.000,10.200,6.600,40.000,0,0.000,0,0.0802,0
2025-08-05,2025-08-06,8,21.700,10.200,0.000,0.000,0.000,10.600,5.800,45.000,0,0.000,0,0.0802,0
2025-08-06,2025-08-07,8,21.600,11.300,0.000,0.000,0.000,13.600,8.800,46.000,0,0.000,0,0.0802,0
2025-08-07,2025-08-08,8,23.000,11.800,0.000,0.000,0.000,11.200,5.300,41.000,0,0.000,0,0.0802,0
2025-08-08,2025-08-09,8,23.600,10.400,0.000,0.000,0.000,9.000,4.300,36.000,0,0.000,0,0.0802,0
2025-08-09,2025-08-10,8,22.700,13.100,0.000,0.000,0.000,17.000,9.900,38.000,0,0.000,0,0.0802,0
2025-08-10,2025-08-11,8,21.300,14.500,0.000,0.000,0.000,16.100,9.500,39.000,0,0.000,0,0.0802,0
2025-08-11,2025-08-12,8,21.100,13.200,0.000,0.000,0.000,13.700,8.900,33.000,0,0.000,0,0.0802,0
2025-08-12,2025-08-13,8,20.600,14.700,0.000,0.000,0.000,10.300,6.900,25.000,0,0.000,0,0.0802,0
2025-08-13,2025-08-14,8,23.000,13.400,0.000,0.000,0.000,11.300,7.000,39.000,0,0.000,0,0.0802,0
2025-08-14,2025-08-15,8,24.000,11.100,0.000,0.000,0.000,14.200,7.600,43.000,0,0.000,0,0.0802,0
2025-08-15,2025-08-16,8,23.400,10.300,0.000,0.000,0.000,15.800,10.800,40.000,0,0.000,0,0.0802,0
2025-08-16,2025-08-17,8,22.100,11.200,0.000,0.000,0.000,16.800,12.600,40.000,0,0.000,0,0.0802,0
2025-08-17,2025-08-18,8,22.000,11.900,0.000,0.000,0.000,14.000,11.400,38.000,0,0.000,0,0.0802,0
2025-08-18,2025-08-19,8,22.700,11.000,0.000,0.000,0.000,14.200,10.400,37.000,0,0.000,0,0.0802,0
2025-08-19,2025-08-20,8,22.600,11.500,0.000,0.000,0.000,14.800,10.200,35.000,0,0.000,0,0.0802,0
2025-08-20,2025-08-21,8,22.800,12.100,0.000,0.000,0.000,13.600,10.000,37.000,0,0.000,0,0.0802,0
2025-08-21,2025-08-22,8,23.200,12.100,0.000,0.000,0.000,17.200,11.600,32.000,0,0.000,0,0.0802,0
2025-08-22,2025-08-23,8,22.900,12.900,0.000,0.000,0.000,15.500,9.700,30.000,0,0.000,0,0.0802,0
2025-08-23,2025-08-24,8,23.000,11.900,0.000,0.000,0.000,11.700,8.100,34.000,0,0.000,0,0.0802,0
2025-08-24,2025-08-25,8,23.500,11.400,0.000,0.000,0.000,12.100,8.800,36.000,0,0.000,0,0.0802,0
2025-08-25,2025-08-26,8,23.800,10.700,0.000,0.000,0.000,15.100,11.100,36.000,0,0.000,0,0.0802,0
2025-08-26,2025-08-27,8,23.800,10.800,0.000,0.000,0.000,16.300,10.800,38.000,0,0.000,0,0.0802,0
2025-08-27,2025-08-28,8,24.200,11.500,0.000,0.000,0.000,14.300,10.100,37.000,0,0.000,0,0.0802,0
2025-08-28,2025-08-29,8,24.100,11.400,0.000,0.000,0.000,13.900,10.200,34.000,0,0.000,0,0.0802,0
2025-08-29,2025-08-30,8,23.600,10.000,0.000,0.000,0.000,15.000,11.300,37.000,0,0.000,0,0.0802,0
2025-08-30,2025-08-31,8,22.200,11.000,0.000,0.000,0.000,15.500,11.300,47.000,0,0.000,0,0.0802,0
2025-08-31,2025-09-01,8,23.100,11.100,0.000,0.000,0.000,16.900,11.600,42.000,0,0.000,0,0.0802,0
2025-09-01,2025-09-02,9,22.900,10.200,0.000,0.000,0.000,17.300,13.300,43.000,0,0.000,0,0.1142,0
2025-09-02,2025-09-03,9,22.000,8.900,0.000,0.000,0.000,21.000,16.500,44.000,0,0.000,0,0.1142,0
2025-09-03,2025-09-04,9,20.600,9.300,0.000,0.000,0.000,23.800,16.400,52.000,0,0.000,0,0.1142,0
2025-09-04,2025-09-05,9,21.500,12.200,0.000,0.000,0.000,14.900,10.400,52.000,0,0.000,0,0.1142,0
2025-09-05,2025-09-06,9,23.400,10.500,0.000,0.000,0.000,14.100,7.200,43.000,0,0.000,0,0.1142,0
2025-09-06,2025-09-07,9,24.500,10.400,0.000,0.000,0.000,16.300,8.300,34.000,0,0.000,0,0.1142,0
2025-09-07,2025-09-08,9,24.400,11.100,0.000,0.000,0.000,17.100,10.300,29.000,0,0.000,0,0.1142,0
2025-09-08,2025-09-09,9,23.800,11.900,0.000,0.000,0.000,15.800,11.600,29.000,0,0.000,0,0.1142,0
2025-09-09,2025-09-10,9,25.500,15.600,0.000,0.000,0.000,17.400,7.500,30.000,0,0.000,0,0.1142,0
2025-09-10,2025-09-11,9,26.300,13.600,0.000,0.000,0.000,15.700,5.700,30.000,0,0.000,0,0.1142,0
2025-09-11,2025-09-12,9,26.500,12.700,0.000,0.000,0.000,15.800,8.800,25.000,0,0.000,0,0.1142,0
2025-09-12,2025-09-13,9,27.000,12.300,0.000,0.000,0.000,9.900,5.600,26.000,0,0.000,0,0.1142,0
2025-09-13,2025-09-14,9,27.100,10.800,0.000,0.000,0.000,11.800,6.000,25.000,0,0.000,0,0.1142,0
2025-09-14,2025-09-15,9,26.600,11.000,0.000,0.000,0.000,14.400,8.400,30.000,0,0.000,0,0.1142,0
2025-09-15,2025-09-16,9,26.400,10.300,0.000,0.000,0.000,14.200,8.100,34.000,0,0.000,0,0.1142,0
2025-09-16,2025-09-17,9,25.700,9.500,0.000,0.000,0.000,12.700,6.100,37.000,0,0.600,0,0.1142,0
2025-09-17,2025-09-18,9,23.900,5.600,0.600,0.600,3.000,12.800,5.000,47.000,0,4.600,1,0.1142,0
2025-09-18,2025-09-19,9,24.800,11.300,4.600,4.600,4.000,15.400,6.000,49.000,1,2.800,1,0.4516,1
2025-09-19,2025-09-20,9,23.100,7.300,2.800,2.800,7.000,16.000,9.500,58.000,1,7.200,1,0.4516,1
2025-09-20,2025-09-21,9,21.700,9.600,7.200,7.200,11.000,11.400,6.700,69.000,1,0.100,0,0.4516,1
2025-09-21,2025-09-22,9,25.400,12.000,0.100,0.100,1.000,13.000,8.300,48.000,0,0.500,0,0.1142,0
2025-09-22,2025-09-23,9,24.100,7.500,0.500,0.500,4.000,22.600,11.400,61.000,0,13.300,1,0.1142,0
2025-09-23,2025-09-24,9,22.500,8.600,13.300,13.300,6.000,18.100,7.100,76.000,1,5.000,1,0.4516,1
2025-09-24,2025-09-25,9,21.200,6.500,5.000,5.000,10.000,16.500,9.900,82.000,1,1.900,1,0.4516,1
2025-09-25,2025-09-26,9,21.500,7.600,1.900,1.900,6.000,21.700,14.800,71.000,1,0.600,0,0.4516,1
2025-09-26,2025-09-27,9,20.400,8.000,0.600,0.600,5.000,24.900,15.400,69.000,0,0.000,0,0.1142,0
2025-09-27,2025-09-28,9,20.600,11.400,0.000,0.000,0.000,14.700,11.900,61.000,0,0.000,0,0.1142,0
2025-09-28,2025-09-29,9,22.900,13.500,0.000,0.000,0.000,11.700,8.300,44.000,0,0.000,0,0.1142,0
2025-09-29,2025-09-30,9,24.700,13.600,0.000,0.000,0.000,15.000,8.400,31.000,0,0.000,0,0.1142,0
2025-09-30,2025-10-01,9,25.600,12.700,0.000,0.000,0.000,15.500,11.300,27.000,0,0.000,0,0.1142,0
2025-10-01,2025-10-02,10,25.500,12.500,0.000,0.000,0.000,15.700,10.600,32.000,0,0.000,0,0.3140,0
2025-10-02,2025-10-03,10,25.000,11.500,0.000,0.000,0.000,18.100,11.900,29.000,0,0.000,0,0.3140,0
2025-10-03,2025-10-04,10,24.000,12.200,0.000,0.000,0.000,17.100,13.300,34.000,0,0.000,0,0.3140,0
2025-10-04,2025-10-05,10,23.900,12.100,0.000,0.000,0.000,19.300,15.100,37.000,0,0.000,0,0.3140,0
2025-10-05,2025-10-06,10,24.300,12.100,0.000,0.000,0.000,16.800,12.200,38.000,0,0.000,0,0.3140,0
2025-10-06,2025-10-07,10,25.800,12.600,0.000,0.000,0.000,12.900,7.400,38.000,0,0.000,0,0.3140,0
2025-10-07,2025-10-08,10,27.400,11.200,0.000,0.000,0.000,9.700,5.600,31.000,0,0.000,0,0.3140,0
2025-10-08,2025-10-09,10,27.900,10.400,0.000,0.000,0.000,15.300,9.300,29.000,0,0.000,0,0.3140,0
2025-10-09,2025-10-10,10,26.100,9.400,0.000,0.000,0.000,18.000,12.900,35.000,0,0.000,0,0.3140,0
2025-10-10,2025-10-11,10,25.700,11.500,0.000,0.000,0.000,16.800,10.300,35.000,0,0.100,0,0.3140,0
2025-10-11,2025-10-12,10,25.500,10.700,0.100,0.100,1.000,14.200,7.600,37.000,0,4.200,1,0.3140,0
2025-10-12,2025-10-13,10,23.800,9.300,4.200,4.200,4.000,25.800,9.000,56.000,1,17.100,1,0.6514,1
2025-10-13,2025-10-14,10,22.600,9.800,17.100,17.100,10.000,12.000,6.200,68.000,1,11.700,1,0.6514,1
2025-10-14,2025-10-15,10,21.900,9.400,11.700,11.700,12.000,11.100,5.100,75.000,1,4.000,1,0.6514,1
2025-10-15,2025-10-16,10,22.900,7.200,4.000,4.000,6.000,12.200,5.000,74.000,1,0.200,0,0.6514,1
2025-10-16,2025-10-17,10,23.900,9.300,0.200,0.200,2.000,14.900,7.700,65.000,0,0.000,0,0.3140,0
2025-10-17,2025-10-18,10,25.000,10.300,0.000,0.000,0.000,12.300,6.700,56.000,0,3.200,1,0.3140,0
2025-10-18,2025-10-19,10,23.800,10.100,3.200,3.200,5.000,15.600,6.500,63.000,1,5.000,1,0.6514,1
2025-10-19,2025-10-20,10,22.300,9.700,5.000,5.000,8.000,15.500,7.600,73.000,1,9.300,1,0.6514,1
2025-10-20,2025-10-21,10,19.900,7.300,9.300,9.300,17.000,19.700,12.100,85.000,1,1.400,1,0.6514,1
2025-10-21,2025-10-22,10,17.100,5.400,1.400,1.400,10.000,25.100,18.900,81.000,1,0.000,0,0.6514,1
2025-10-22,2025-10-23,10,18.600,10.300,0.000,0.000,0.000,19.900,15.200,70.000,0,0.000,0,0.3140,0
2025-10-23,2025-10-24,10,19.800,10.600,0.000,0.000,0.000,21.900,13.800,63.000,0,0.000,0,0.3140,0
2025-10-24,2025-10-25,10,20.800,10.400,0.000,0.000,0.000,18.400,13.200,60.000,0,0.300,0,0.3140,0
2025-10-25,2025-10-26,10,22.300,10.800,0.300,0.300,3.000,13.300,8.800,56.000,0,0.000,0,0.3140,0
2025-10-26,2025-10-27,10,24.400,9.400,0.000,0.000,0.000,14.100,7.500,47.000,0,0.000,0,0.3140,0
2025-10-27,2025-10-28,10,25.300,9.100,0.000,0.000,0.000,15.700,8.800,43.000,0,0.000,0,0.3140,0
2025-10-28,2025-10-29,10,25.800,10.800,0.000,0.000,0.000,12.400,8.100,42.000,0,0.400,0,0.3140,0
2025-10-29,2025-10-30,10,27.000,10.500,0.400,0.400,3.000,14.900,5.000,38.000,0,0.200,0,0.3140,0
2025-10-30,2025-10-31,10,24.900,9.600,0.200,0.200,1.000,16.500,9.700,56.000,0,7.300,1,0.3140,0
2025-10-31,2025-11-01,10,21.600,4.900,7.300,7.300,8.000,10.700,7.400,79.000,1,1.700,1,0.6514,1
2025-11-01,2025-11-02,11,23.900,7.900,1.700,1.700,6.000,14.100,7.300,68.000,1,0.100,0,0.7682,1
2025-11-02,2025-11-03,11,24.900,10.600,0.100,0.100,1.000,11.100,6.900,62.000,0,24.800,1,0.4308,1
2025-11-03,2025-11-04,11,19.700,3.000,24.800,24.800,17.000,12.000,6.800,92.000,1,8.000,1,0.7682,1
2025-11-04,2025-11-05,11,22.000,6.900,8.000,8.000,4.000,12.200,6.900,79.000,1,1.100,1,0.7682,1
2025-11-05,2025-11-06,11,23.600,10.300,1.100,1.100,4.000,13.400,6.100,71.000,1,0.100,0,0.7682,1
2025-11-06,2025-11-07,11,23.600,10.600,0.100,0.100,1.000,12.600,6.000,67.000,0,5.300,1,0.4308,1
2025-11-07,2025-11-08,11,23.100,7.900,5.300,5.300,10.000,15.600,10.100,77.000,1,5.800,1,0.7682,1
2025-11-08,2025-11-09,11,22.200,5.100,5.800,5.800,8.000,19.500,13.600,80.000,1,4.000,1,0.7682,1
2025-11-09,2025-11-10,11,22.500,7.800,4.000,4.000,7.000,9.900,7.100,77.000,1,2.500,1,0.7682,1
2025-11-10,2025-11-11,11,23.200,7.900,2.500,2.500,9.000,16.200,10.900,77.000,1,5.900,1,0.7682,1
2025-11-11,2025-11-12,11,23.000,6.600,5.900,5.900,13.000,16.200,10.000,74.000,1,2.400,1,0.7682,1
2025-11-12,2025-11-13,11,23.700,8.800,2.400,2.400,8.000,13.800,9.800,63.000,1,0.000,0,0.7682,1
2025-11-13,2025-11-14,11,24.800,11.600,0.000,0.000,0.000,14.700,10.600,49.000,0,0.000,0,0.4308,1
2025-11-14,2025-11-15,11,25.500,12.000,0.000,0.000,0.000,13.400,8.600,46.000,0,0.000,0,0.4308,1
2025-11-15,2025-11-16,11,26.600,10.000,0.000,0.000,0.000,11.500,6.600,45.000,0,0.400,0,0.4308,1
2025-11-16,2025-11-17,11,26.400,9.800,0.400,0.400,4.000,12.100,6.300,47.000,0,7.200,1,0.4308,1
2025-11-17,2025-11-18,11,23.100,6.600,7.200,7.200,12.000,10.300,7.300,71.000,1,1.900,1,0.7682,1
2025-11-18,2025-11-19,11,23.900,11.400,1.900,1.900,4.000,18.500,8.800,65.000,1,0.000,0,0.7682,1
2025-11-19,2025-11-20,11,24.200,8.800,0.000,0.000,0.000,17.000,12.900,59.000,0,0.000,0,0.4308,1
2025-11-20,2025-11-21,11,24.900,12.700,0.000,0.000,0.000,13.400,8.300,44.000,0,2.300,1,0.4308,1
2025-11-21,2025-11-22,11,22.100,6.200,2.300,2.300,10.000,15.600,9.600,70.000,1,4.900,1,0.7682,1
2025-11-22,2025-11-23,11,21.800,8.300,4.900,4.900,7.000,14.600,7.600,77.000,1,22.700,1,0.7682,1
2025-11-23,2025-11-24,11,20.500,4.200,22.700,22.700,21.000,12.200,4.200,88.000,1,14.600,1,0.7682,1
2025-11-24,2025-11-25,11,21.700,7.900,14.600,14.600,12.000,10.300,6.000,83.000,1,4.400,1,0.7682,1
2025-11-25,2025-11-26,11,21.400,6.700,4.400,4.400,11.000,18.300,10.800,82.000,1,5.200,1,0.7682,1
2025-11-26,2025-11-27,11,21.200,7.600,5.200,5.200,15.000,10.900,4.300,84.000,1,5.600,1,0.7682,1
2025-11-27,2025-11-28,11,22.400,7.400,5.600,5.600,7.000,9.400,5.400,80.000,1,2.400,1,0.7682,1
2025-11-28,2025-11-29,11,21.900,8.000,2.400,2.400,7.000,10.200,5.900,80.000,1,0.700,0,0.7682,1
2025-11-29,2025-11-30,11,23.000,9.700,0.700,0.700,5.000,8.500,4.300,71.000,0,0.400,0,0.4308,1
2025-11-30,2025-12-01,11,23.400,8.800,0.400,0.400,4.000,12.600,7.000,70.000,0,9.600,1,0.4308,1
2025-12-01,2025-12-02,12,22.300,8.500,9.600,9.600,5.000,21.100,6.700,75.000,1,8.100,1,0.8046,1
2025-12-02,2025-12-03,12,20.900,6.500,8.100,8.100,10.000,11.200,4.200,87.000,1,13.700,1,0.8046,1
2025-12-03,2025-12-04,12,22.200,7.500,13.700,13.700,10.000,19.700,7.000,79.000,1,12.300,1,0.8046,1
2025-12-04,2025-12-05,12,21.100,4.400,12.300,12.300,11.000,14.900,8.500,85.000,1,22.600,1,0.8046,1
2025-12-05,2025-12-06,12,20.900,5.700,22.600,22.600,17.000,11.500,6.300,85.000,1,45.100,1,0.8046,1
2025-12-06,2025-12-07,12,19.800,3.600,45.100,45.100,23.000,6.400,4.100,92.000,1,14.300,1,0.8046,1
2025-12-07,2025-12-08,12,20.400,5.300,14.300,14.300,14.000,15.900,9.600,87.000,1,8.200,1,0.8046,1
2025-12-08,2025-12-09,12,20.300,5.600,8.200,8.200,22.000,14.200,7.900,86.000,1,14.600,1,0.8046,1
2025-12-09,2025-12-10,12,20.200,5.600,14.600,14.600,23.000,18.400,11.700,89.000,1,7.500,1,0.8046,1
2025-12-10,2025-12-11,12,20.900,5.200,7.500,7.500,17.000,21.500,14.500,87.000,1,0.900,0,0.8046,1
2025-12-11,2025-12-12,12,22.700,7.100,0.900,0.900,1.000,15.500,10.600,78.000,0,3.100,1,0.4673,1
2025-12-12,2025-12-13,12,22.900,8.300,3.100,3.100,9.000,13.800,6.900,80.000,1,8.200,1,0.8046,1
2025-12-13,2025-12-14,12,22.600,7.100,8.200,8.200,14.000,10.100,6.200,82.000,1,23.200,1,0.8046,1
2025-12-14,2025-12-15,12,22.100,6.900,23.200,23.200,19.000,10.500,4.200,85.000,1,10.900,1,0.8046,1
2025-12-15,2025-12-16,12,22.300,7.100,10.900,10.900,18.000,12.300,5.600,84.000,1,19.800,1,0.8046,1
2025-12-16,2025-12-17,12,21.100,4.100,19.800,19.800,19.000,7.900,4.300,90.000,1,6.200,1,0.8046,1
2025-12-17,2025-12-18,12,22.100,7.500,6.200,6.200,8.000,7.600,5.100,82.000,1,24.100,1,0.8046,1
2025-12-18,2025-12-19,12,20.900,5.000,24.100,24.100,20.000,11.000,6.200,89.000,1,0.800,0,0.8046,1
2025-12-19,2025-12-20,12,21.700,5.200,0.800,0.800,7.000,9.700,6.000,83.000,0,11.000,1,0.4673,1
2025-12-20,2025-12-21,12,21.500,5.900,11.000,11.000,10.000,10.000,5.600,81.000,1,5.400,1,0.8046,1
2025-12-21,2025-12-22,12,22.100,7.600,5.400,5.400,7.000,11.400,5.700,75.000,1,0.800,0,0.8046,1
2025-12-22,2025-12-23,12,21.800,8.800,0.800,0.800,3.000,15.400,10.100,75.000,0,1.000,1,0.4673,1
2025-12-23,2025-12-24,12,22.000,7.900,1.000,1.000,4.000,13.700,9.000,70.000,1,0.600,0,0.8046,1
2025-12-24,2025-12-25,12,22.400,9.100,0.600,0.600,2.000,18.900,8.700,70.000,0,0.600,0,0.4673,1
2025-12-25,2025-12-26,12,23.700,9.300,0.600,0.600,1.000,14.100,6.300,66.000,0,0.000,0,0.4673,1
2025-12-26,2025-12-27,12,24.800,11.700,0.000,0.000,0.000,13.000,6.600,60.000,0,0.100,0,0.4673,1
2025-12-27,2025-12-28,12,26.000,13.100,0.100,0.100,1.000,16.300,7.300,52.000,0,17.600,1,0.4673,1
2025-12-28,2025-12-29,12,24.400,10.400,17.600,17.600,3.000,8.300,3.500,63.000,1,12.900,1,0.8046,1
2025-12-29,2025-12-30,12,23.600,10.400,12.900,12.900,7.000,9.900,5.300,74.000,1,15.000,1,0.8046,1
2025-12-30,2025-12-31,12,23.000,8.900,15.000,15.000,5.000,7.500,4.700,76.000,1,1.700,1,0.8046,1
2025-12-31,2026-01-01,12,23.100,9.700,1.700,1.700,3.000,8.800,4.200,72.000,1,0.200,0,0.8046,1
2026-01-01,2026-01-02,1,24.100,9.600,0.200,0.200,2.000,9.700,3.400,68.000,0,2.800,1,0.3947,0
2026-01-02,2026-01-03,1,24.000,8.200,2.800,2.800,2.000,16.300,7.200,73.000,1,11.900,1,0.7321,1
2026-01-03,2026-01-04,1,22.000,7.400,11.900,11.900,13.000,17.400,11.800,83.000,1,9.500,1,0.7321,1
2026-01-04,2026-01-05,1,20.700,4.500,9.500,9.500,16.000,19.000,12.000,86.000,1,16.400,1,0.7321,1
2026-01-05,2026-01-06,1,20.200,5.000,16.400,16.400,12.000,14.400,9.000,87.000,1,29.200,1,0.7321,1
2026-01-06,2026-01-07,1,19.200,2.300,29.200,29.200,24.000,13.600,9.500,93.000,1,10.300,1,0.7321,1
2026-01-07,2026-01-08,1,20.400,7.000,10.300,10.300,13.000,15.500,8.500,85.000,1,3.200,1,0.7321,1
2026-01-08,2026-01-09,1,21.500,8.800,3.200,3.200,10.000,16.700,9.300,78.000,1,1.400,1,0.7321,1
2026-01-09,2026-01-10,1,22.700,7.500,1.400,1.400,6.000,16.400,10.000,74.000,1,3.900,1,0.7321,1
2026-01-10,2026-01-11,1,22.600,8.600,3.900,3.900,2.000,16.000,10.300,71.000,1,1.100,1,0.7321,1
2026-01-11,2026-01-12,1,22.400,9.300,1.100,1.100,1.000,15.000,9.200,69.000,1,8.400,1,0.7321,1
2026-01-12,2026-01-13,1,21.800,5.400,8.400,8.400,4.000,18.000,6.600,74.000,1,0.300,0,0.7321,1
2026-01-13,2026-01-14,1,21.800,8.100,0.300,0.300,2.000,10.000,6.000,72.000,0,1.400,1,0.3947,0
2026-01-14,2026-01-15,1,22.600,8.500,1.400,1.400,7.000,15.200,8.700,74.000,1,0.500,0,0.7321,1
2026-01-15,2026-01-16,1,22.700,8.700,0.500,0.500,4.000,14.900,8.600,71.000,0,0.200,0,0.3947,0
2026-01-16,2026-01-17,1,23.100,8.800,0.200,0.200,2.000,14.200,9.000,66.000,0,0.000,0,0.3947,0
2026-01-17,2026-01-18,1,24.300,11.000,0.000,0.000,0.000,12.400,6.900,58.000,0,20.400,1,0.3947,0
2026-01-18,2026-01-19,1,22.400,8.900,20.400,20.400,7.000,14.700,3.400,75.000,1,7.300,1,0.7321,1
2026-01-19,2026-01-20,1,21.600,7.400,7.300,7.300,11.000,15.000,10.400,81.000,1,16.100,1,0.7321,1
2026-01-20,2026-01-21,1,20.800,5.600,16.100,16.100,24.000,15.500,8.800,87.000,1,19.200,1,0.7321,1
2026-01-21,2026-01-22,1,20.800,6.200,19.200,19.200,18.000,19.000,12.000,84.000,1,10.500,1,0.7321,1
2026-01-22,2026-01-23,1,20.500,4.700,10.500,10.500,21.000,15.900,11.400,86.000,1,12.400,1,0.7321,1
2026-01-23,2026-01-24,1,20.700,5.300,12.400,12.400,17.000,16.400,10.200,87.000,1,7.200,1,0.7321,1
2026-01-24,2026-01-25,1,21.300,6.900,7.200,7.200,13.000,12.700,7.600,85.000,1,16.300,1,0.7321,1
2026-01-25,2026-01-26,1,20.400,4.400,16.300,16.300,11.000,11.600,5.900,89.000,1,0.700,0,0.7321,1
2026-01-26,2026-01-27,1,21.900,8.900,0.700,0.700,2.000,14.700,8.500,81.000,0,0.100,0,0.3947,0
2026-01-27,2026-01-28,1,22.600,7.800,0.100,0.100,1.000,13.600,9.300,73.000,0,3.000,1,0.3947,0
2026-01-28,2026-01-29,1,22.400,6.800,3.000,3.000,9.000,10.400,5.800,73.000,1,0.400,0,0.7321,1
2026-01-29,2026-01-30,1,22.000,9.300,0.400,0.400,4.000,11.400,4.800,77.000,0,3.200,1,0.3947,0
2026-01-30,2026-01-31,1,22.100,8.000,3.200,3.200,3.000,15.600,8.400,78.000,1,1.800,1,0.7321,1
2026-01-31,2026-02-01,1,22.600,8.300,1.800,1.800,8.000,17.400,9.300,79.000,1,0.200,0,0.7321,1
2026-02-01,2026-02-02,2,22.800,7.900,0.200,0.200,1.000,16.200,10.200,75.000,0,18.800,1,0.3919,0
2026-02-02,2026-02-03,2,22.400,6.800,18.800,18.800,12.000,11.100,6.300,80.000,1,26.900,1,0.7292,1
2026-02-03,2026-02-04,2,21.200,6.100,26.900,26.900,14.000,16.800,9.700,86.000,1,15.400,1,0.7292,1
2026-02-04,2026-02-05,2,21.000,6.000,15.400,15.400,19.000,11.800,7.300,87.000,1,9.900,1,0.7292,1
2026-02-05,2026-02-06,2,21.600,7.100,9.900,9.900,15.000,10.900,5.200,86.000,1,5.200,1,0.7292,1
2026-02-06,2026-02-07,2,22.500,8.900,5.200,5.200,8.000,9.700,4.700,79.000,1,3.800,1,0.7292,1
2026-02-07,2026-02-08,2,22.200,8.500,3.800,3.800,8.000,16.600,8.300,79.000,1,4.200,1,0.7292,1
2026-02-08,2026-02-09,2,22.500,6.900,4.200,4.200,8.000,17.900,10.200,77.000,1,8.500,1,0.7292,1
2026-02-09,2026-02-10,2,20.500,5.100,8.500,8.500,12.000,16.300,10.600,87.000,1,2.100,1,0.7292,1
2026-02-10,2026-02-11,2,21.100,6.600,2.100,2.100,12.000,16.700,8.100,82.000,1,7.000,1,0.7292,1
2026-02-11,2026-02-12,2,20.800,4.900,7.000,7.000,16.000,13.600,8.400,83.000,1,1.500,1,0.7292,1
2026-02-12,2026-02-13,2,21.900,7.700,1.500,1.500,8.000,16.600,8.400,78.000,1,0.600,0,0.7292,1
2026-02-13,2026-02-14,2,22.600,9.100,0.600,0.600,5.000,14.100,8.000,68.000,0,0.600,0,0.3919,0
2026-02-14,2026-02-15,2,23.700,8.500,0.600,0.600,3.000,17.800,10.000,67.000,0,0.800,0,0.3919,0
2026-02-15,2026-02-16,2,24.400,9.400,0.800,0.800,4.000,15.900,10.800,63.000,0,0.200,0,0.3919,0
2026-02-16,2026-02-17,2,24.500,8.900,0.200,0.200,2.000,16.900,11.100,59.000,0,0.700,0,0.3919,0
2026-02-17,2026-02-18,2,24.600,10.100,0.700,0.700,5.000,12.400,7.700,55.000,0,3.900,1,0.3919,0
2026-02-18,2026-02-19,2,23.200,9.600,3.900,3.900,10.000,14.000,5.200,66.000,1,7.300,1,0.7292,1
2026-02-19,2026-02-20,2,22.600,8.600,7.300,7.300,7.000,13.100,7.300,76.000,1,13.700,1,0.7292,1
2026-02-20,2026-02-21,2,21.300,6.500,13.700,13.700,14.000,15.800,8.700,84.000,1,23.300,1,0.7292,1
2026-02-21,2026-02-22,2,21.000,5.800,23.300,23.300,19.000,14.700,9.400,85.000,1,14.600,1,0.7292,1
2026-02-22,2026-02-23,2,21.100,5.300,14.600,14.600,14.000,14.300,9.900,85.000,1,3.800,1,0.7292,1
2026-02-23,2026-02-24,2,20.700,5.000,3.800,3.800,12.000,19.000,13.700,86.000,1,1.100,1,0.7292,1
2026-02-24,2026-02-25,2,21.300,5.900,1.100,1.100,9.000,20.700,13.900,84.000,1,2.500,1,0.7292,1
2026-02-25,2026-02-26,2,21.300,6.300,2.500,2.500,9.000,24.000,16.100,85.000,1,4.500,1,0.7292,1
2026-02-26,2026-02-27,2,21.300,4.600,4.500,4.500,17.000,25.600,18.000,85.000,1,14.200,1,0.7292,1
2026-02-27,2026-02-28,2,21.600,7.000,14.200,14.200,12.000,13.500,9.700,86.000,1,8.600,1,0.7292,1
2026-02-28,2026-03-01,2,21.700,7.300,8.600,8.600,17.000,12.400,7.200,84.000,1,1.200,1,0.7292,1
2026-03-01,2026-03-02,3,22.700,9.500,1.200,1.200,4.000,10.800,5.000,75.000,1,0.900,0,0.6474,1
2026-03-02,2026-03-03,3,23.000,8.700,0.900,0.900,8.000,12.800,6.700,71.000,0,3.400,1,0.3100,0
2026-03-03,2026-03-04,3,21.800,9.000,3.400,3.400,9.000,13.800,5.600,82.000,1,2.100,1,0.6474,1
2026-03-04,2026-03-05,3,22.600,9.000,2.100,2.100,9.000,10.700,6.000,78.000,1,2.100,1,0.6474,1
2026-03-05,2026-03-06,3,23.200,8.700,2.100,2.100,10.000,16.000,9.400,72.000,1,10.800,1,0.6474,1
2026-03-06,2026-03-07,3,21.700,6.400,10.800,10.800,21.000,19.500,11.000,84.000,1,2.600,1,0.6474,1
2026-03-07,2026-03-08,3,21.700,8.000,2.600,2.600,10.000,13.900,6.500,83.000,1,4.100,1,0.6474,1
2026-03-08,2026-03-09,3,22.500,7.400,4.100,4.100,8.000,11.200,5.400,81.000,1,2.200,1,0.6474,1
2026-03-09,2026-03-10,3,22.900,7.100,2.200,2.200,8.000,14.500,5.200,76.000,1,5.500,1,0.6474,1
2026-03-10,2026-03-11,3,23.100,9.100,5.500,5.500,2.000,12.300,6.100,76.000,1,2.000,1,0.6474,1
2026-03-11,2026-03-12,3,22.900,9.500,2.000,2.000,7.000,10.800,4.800,80.000,1,19.100,1,0.6474,1
2026-03-12,2026-03-13,3,21.100,5.500,19.100,19.100,10.000,15.500,7.200,89.000,1,0.100,0,0.6474,1
2026-03-13,2026-03-14,3,22.300,7.400,0.100,0.100,1.000,17.700,9.600,80.000,0,2.600,1,0.3100,0
2026-03-14,2026-03-15,3,22.100,6.900,2.600,2.600,9.000,15.000,8.500,82.000,1,8.300,1,0.6474,1
2026-03-15,2026-03-16,3,22.400,8.300,8.300,8.300,8.000,8.900,4.300,80.000,1,20.800,1,0.6474,1
2026-03-16,2026-03-17,3,21.600,6.200,20.800,20.800,13.000,9.700,3.900,86.000,1,8.700,1,0.6474,1
2026-03-17,2026-03-18,3,21.600,6.400,8.700,8.700,18.000,7.400,3.900,85.000,1,9.200,1,0.6474,1
2026-03-18,2026-03-19,3,21.400,8.100,9.200,9.200,13.000,9.000,4.800,84.000,1,0.800,0,0.6474,1
2026-03-19,2026-03-20,3,22.300,8.500,0.800,0.800,6.000,13.500,6.000,81.000,0,7.800,1,0.3100,0
2026-03-20,2026-03-21,3,22.300,6.900,7.800,7.800,10.000,12.700,7.000,78.000,1,17.900,1,0.6474,1
2026-03-21,2026-03-22,3,22.000,6.900,17.900,17.900,10.000,11.800,6.200,81.000,1,20.200,1,0.6474,1
2026-03-22,2026-03-23,3,22.000,7.800,20.200,20.200,12.000,11.600,6.200,83.000,1,0.600,0,0.6474,1
2026-03-23,2026-03-24,3,22.900,10.400,0.600,0.600,6.000,11.300,5.500,75.000,0,2.300,1,0.3100,0
2026-03-24,2026-03-25,3,21.400,7.000,2.300,2.300,4.000,10.900,5.700,79.000,1,1.100,1,0.6474,1
2026-03-25,2026-03-26,3,20.200,6.700,1.100,1.100,5.000,12.700,6.800,83.000,1,14.700,1,0.6474,1
2026-03-26,2026-03-27,3,20.200,6.900,14.700,14.700,11.000,12.400,7.600,88.000,1,1.300,1,0.6474,1
2026-03-27,2026-03-28,3,21.300,7.600,1.300,1.300,8.000,21.200,13.500,80.000,1,0.000,0,0.6474,1
2026-03-28,2026-03-29,3,21.400,8.400,0.000,0.000,0.000,20.400,12.900,74.000,0,0.000,0,0.3100,0
2026-03-29,2026-03-30,3,21.400,8.400,0.000,0.000,0.000,14.400,12.000,75.000,0,0.500,0,0.3100,0
2026-03-30,2026-03-31,3,21.600,8.400,0.500,0.500,5.000,12.500,7.000,71.000,0,2.600,1,0.3100,0
2026-03-31,2026-04-01,3,21.900,7.700,2.600,2.600,5.000,15.400,5.200,74.000,1,28.200,1,0.6474,1
2026-04-01,2026-04-02,4,20.100,5.600,28.200,28.200,10.000,14.000,4.600,88.000,1,10.900,1,0.5641,1
2026-04-02,2026-04-03,4,20.500,7.300,10.900,10.900,12.000,9.600,5.100,87.000,1,6.200,1,0.5641,1
2026-04-03,2026-04-04,4,21.200,6.200,6.200,6.200,11.000,12.300,8.100,85.000,1,0.300,0,0.5641,1
2026-04-04,2026-04-05,4,22.300,7.900,0.300,0.300,2.000,11.700,7.900,76.000,0,0.300,0,0.2267,0
2026-04-05,2026-04-06,4,22.800,7.600,0.300,0.300,2.000,11.700,5.900,75.000,0,0.500,0,0.2267,0
2026-04-06,2026-04-07,4,22.600,7.200,0.500,0.500,4.000,15.300,8.000,77.000,0,12.900,1,0.2267,0
2026-04-07,2026-04-08,4,22.000,7.700,12.900,12.900,7.000,14.000,5.500,82.000,1,10.100,1,0.5641,1
2026-04-08,2026-04-09,4,22.300,7.900,10.100,10.100,7.000,10.600,4.300,79.000,1,17.700,1,0.5641,1
2026-04-09,2026-04-10,4,21.300,6.500,17.700,17.700,10.000,9.800,4.200,86.000,1,0.900,0,0.5641,1
2026-04-10,2026-04-11,4,22.000,8.900,0.900,0.900,6.000,10.100,5.500,82.000,0,0.500,0,0.2267,0
2026-04-11,2026-04-12,4,22.300,6.500,0.500,0.500,3.000,16.700,10.100,81.000,0,0.900,0,0.2267,0
2026-04-12,2026-04-13,4,21.600,7.000,0.900,0.900,7.000,19.800,13.300,79.000,0,0.500,0,0.2267,0
2026-04-13,2026-04-14,4,20.800,6.600,0.500,0.500,4.000,16.300,10.200,81.000,0,0.800,0,0.2267,0
2026-04-14,2026-04-15,4,21.200,7.400,0.800,0.800,7.000,13.400,8.700,80.000,0,2.200,1,0.2267,0
2026-04-15,2026-04-16,4,21.400,7.400,2.200,2.200,9.000,11.000,7.100,79.000,1,5.100,1,0.5641,1
2026-04-16,2026-04-17,4,21.700,6.600,5.100,5.100,12.000,12.800,6.300,78.000,1,0.500,0,0.5641,1
2026-04-17,2026-04-18,4,21.300,6.200,0.500,0.500,3.000,7.600,3.400,81.000,0,0.700,0,0.2267,0
2026-04-18,2026-04-19,4,22.400,9.600,0.700,0.700,3.000,9.600,4.400,73.000,0,0.000,0,0.2267,0
2026-04-19,2026-04-20,4,23.000,10.200,0.000,0.000,0.000,7.500,3.500,63.000,0,0.600,0,0.2267,0
2026-04-20,2026-04-21,4,23.000,9.000,0.600,0.600,4.000,9.600,4.300,65.000,0,0.000,0,0.2267,0
2026-04-21,2026-04-22,4,23.300,8.400,0.000,0.000,0.000,9.800,5.800,67.000,0,0.200,0,0.2267,0
2026-04-22,2026-04-23,4,22.900,7.800,0.200,0.200,2.000,12.100,7.700,66.000,0,0.200,0,0.2267,0
2026-04-23,2026-04-24,4,22.400,8.600,0.200,0.200,2.000,14.400,10.200,66.000,0,0.000,0,0.2267,0
2026-04-24,2026-04-25,4,22.200,9.700,0.000,0.000,0.000,13.200,6.600,64.000,0,0.100,0,0.2267,0
2026-04-25,2026-04-26,4,22.800,9.900,0.100,0.100,1.000,9.200,4.600,67.000,0,1.600,1,0.2267,0
2026-04-26,2026-04-27,4,22.500,8.500,1.600,1.600,5.000,12.600,4.300,71.000,1,1.500,1,0.5641,1
2026-04-27,2026-04-28,4,23.100,8.500,1.500,1.500,7.000,12.200,3.900,72.000,1,0.100,0,0.5641,1
2026-04-28,2026-04-29,4,23.100,8.900,0.100,0.100,1.000,11.300,6.400,65.000,0,0.000,0,0.2267,0
2026-04-29,2026-04-30,4,22.400,8.900,0.000,0.000,0.000,12.400,8.100,61.000,0,0.000,0,0.2267,0
2026-04-30,2026-05-01,4,21.700,10.300,0.000,0.000,0.000,16.600,10.200,63.000,0,0.000,0,0.2267,0
2026-05-01,2026-05-02,5,21.700,8.900,0.000,0.000,0.000,21.400,11.900,67.000,0,0.000,0,0.0721,0
2026-05-02,2026-05-03,5,22.500,10.000,0.000,0.000,0.000,8.900,6.400,67.000,0,0.000,0,0.0721,0
2026-05-03,2026-05-04,5,23.000,8.400,0.000,0.000,0.000,16.800,9.800,64.000,0,1.600,1,0.0721,0
2026-05-04,2026-05-05,5,21.500,5.600,1.600,1.600,9.000,16.700,9.600,68.000,1,0.000,0,0.4095,0
2026-05-05,2026-05-06,5,21.300,9.600,0.000,0.000,0.000,16.000,11.300,65.000,0,0.000,0,0.0721,0
2026-05-06,2026-05-07,5,20.800,8.800,0.000,0.000,0.000,23.100,12.100,68.000,0,0.000,0,0.0721,0
2026-05-07,2026-05-08,5,21.800,10.500,0.000,0.000,0.000,16.000,9.200,66.000,0,0.200,0,0.0721,0
2026-05-08,2026-05-09,5,22.000,8.800,0.200,0.200,2.000,9.300,6.200,66.000,0,0.000,0,0.0721,0
2026-05-09,2026-05-10,5,22.400,9.800,0.000,0.000,0.000,10.500,7.200,61.000,0,0.000,0,0.0721,0
2026-05-10,2026-05-11,5,22.600,10.900,0.000,0.000,0.000,16.600,4.800,58.000,0,0.000,0,0.0721,0
2026-05-11,2026-05-12,5,20.800,10.900,0.000,0.000,0.000,15.400,8.800,71.000,0,0.100,0,0.0721,0
2026-05-12,2026-05-13,5,21.300,10.200,0.100,0.100,1.000,11.500,6.700,71.000,0,0.000,0,0.0721,0
2026-05-13,2026-05-14,5,22.000,7.300,0.000,0.000,0.000,8.100,3.700,68.000,0,0.000,0,0.0721,0
2026-05-14,2026-05-15,5,22.500,8.700,0.000,0.000,0.000,5.700,3.500,65.000,0,0.400,0,0.0721,0
